group,method,runs,state_rmse,m_relative_error_mean,one_step_state_prediction_rmse,five_step_state_prediction_rmse,ten_step_state_prediction_rmse,predicted_alpha_rmse,parameter_only_alpha_rmse_true_state,process_residual_rmse_mean,objective_measurement_cost_mean,objective_process_cost_mean,objective_arrival_cost_mean,objective_inverse_mass_prior_cost_mean,objective_total_cost_mean,parameter_bound_hit_rate,estimator_failure_rate,solve_time_p50_s,solve_time_p95_s,solve_time_max_s,initialization_probe_relative_lambda_delta
no_bias,ukf_nls_current,21,0.028516146491305277,0.04606165186463017,0.03982091259438872,0.10521724683007265,0.2000454506410273,1.8294918373727904,1.90491196791567,nan,nan,nan,nan,nan,nan,0.0,0.0,nan,nan,nan,nan
no_bias,single_shooting_mhe_inverse_m,21,0.0909761633078308,0.07273847481841582,0.10455644397162259,0.1646369145664869,0.25342483357389856,1.665682836759091,1.8827383972747245,nan,nan,nan,nan,nan,nan,0.0,0.0,nan,0.2108473420772671,nan,nan
no_bias,multiple_shooting_mhe_inverse_m,21,4.393242938133511,0.0513425046639933,4.4194075703876665,4.524271160071697,4.654540749275964,12.654947801374202,2.7430048015272197,2.832031517163207e-06,0.005438968866251624,7.2278147871450044e-06,0.19593557530469496,1.1219540128135056e-05,0.20139299152586196,0.0,0.08453787730832776,2.300526379048062,2.3581929487346707,3.03076227190641,nan
bias_noise_bias,ukf_nls_current,3,0.025993460906571893,0.022224601705324924,0.03487429211165424,0.09480714045898504,0.1781888843165026,1.710792656905774,1.7763106987793018,nan,nan,nan,nan,nan,nan,0.0,0.0,nan,nan,nan,nan
bias_noise_bias,single_shooting_mhe_inverse_m,3,0.08517814628898483,0.05956571196362146,0.0977603646793126,0.1527567136320982,0.22999706359039665,1.569873306822713,1.7402955848099644,nan,nan,nan,nan,nan,nan,0.0,0.0,nan,0.2107048806644646,nan,nan
bias_noise_bias,multiple_shooting_mhe_inverse_m,3,3.391498710936918,0.029756891068373547,3.40795359959626,3.4772325273342175,3.5699691937210964,13.072871748306008,2.5286596798618644,6.369098525279137e-06,0.01085012910210413,2.030778760850879e-05,0.15948919333437314,2.149465558346705e-05,0.17038112487966925,0.0,0.09195494367548668,2.2898291386663914,2.3424621893820583,3.3469365416676737,nan
