q1_deg,q2_deg,absolute_shank_deg,current_rom_valid,current_soft_limit_active,current_rom_model_dominated,classification,mechanical_blockers,intrinsic_mechanical_blockers,surrogate_geometry_blockers,thigh_bed_clearance_m,shank_bed_clearance_m,sleeve_bed_clearance_m,current_tau1_nm,current_tau2_nm,conditional_tau1_nm,conditional_tau2_nm,current_cuff_force_n,current_cuff_moment_abs_nm,conditional_cuff_force_n,conditional_cuff_moment_abs_nm,conditional_force_gate_margin_n,rigid_cuff_rank,rigid_cuff_condition_raw,point_force_rank,ur10e_reachable,ur10e_ik_residual,ur10e_joint_limit_margin_deg,ur10e_jacobian_sigma_min,ur10e_jacobian_condition,ur10e_peak_torque_fraction,robot_bed_min_distance_m,robot_human_min_distance_m,robot_self_collision
0.0,0.0,0.0,True,True,False,geometric_or_robotic_infeasible,human_or_sleeve_bed_penetration;ur10e_bed_intersection;ur10e_human_intersection,human_or_sleeve_bed_penetration,ur10e_bed_intersection;ur10e_human_intersection,-3.469446951953614e-18,0.005000000000000001,-0.008000000000000004,14.799701416259516,-34.35269497855765,39.79970055682284,-9.352695837994329,44.75598233450402,50.49546171089585,69.69191704547812,15.784063569636906,130.30808295452186,2,6.1696345836210345,1,True,6.377230190016891e-16,61.40983959119349,0.3622883416709709,5.092356368439665,0.38853234636539263,-0.11099999999999993,-0.062000000000000034,False
0.0,10.0,-10.0,True,True,False,geometric_or_robotic_infeasible,human_or_sleeve_bed_penetration;ur10e_bed_intersection;ur10e_human_intersection,human_or_sleeve_bed_penetration,ur10e_bed_intersection;ur10e_human_intersection,-3.469446951953614e-18,-0.064591243681799,-0.07757804642029632,14.684128424158331,-7.491793593898812,39.68412756472165,-7.491793593898812,16.825635457684598,1.4264556249445,83.59841926646493,16.209191551925127,116.40158073353507,2,6.145682553661346,2,True,4.486014628703017e-16,66.0135241076248,0.3764587668165925,4.932786836989594,0.4163445713040342,-0.17188501091002323,-0.061999999999999784,False
0.0,20.0,-20.0,True,True,False,geometric_or_robotic_infeasible,human_or_sleeve_bed_penetration;ur10e_bed_intersection;ur10e_human_intersection,human_or_sleeve_bed_penetration,ur10e_bed_intersection;ur10e_human_intersection,-3.469446951953614e-18,-0.132067992639195,-0.14504199910830223,14.340921074737004,-5.4032569924831595,39.34092021530033,-5.4032569924831595,20.971596004514453,0.9615185648117273,100.06032621222315,13.145464079914383,99.93967378777685,2,6.076334306145199,2,True,2.573793898025052e-16,71.66866904689476,0.37437689474526914,5.0490848965051685,0.4444385267432704,-0.22928603908446,-0.06199999999999999,False
0.0,30.0,-30.0,True,True,False,geometric_or_robotic_infeasible,human_or_sleeve_bed_penetration;ur10e_bed_intersection;ur10e_human_intersection,human_or_sleeve_bed_penetration,ur10e_bed_intersection;ur10e_human_intersection,-3.469446951953614e-18,-0.19538,-0.20834199999999997,13.780507549636411,-3.0975142153882382,38.78050669019973,-3.0975142153882382,28.20752480806897,2.004802514469514,107.18897835668211,9.896856878675539,92.81102164331789,2,5.968544349857614,2,True,6.150253407742346e-16,78.35068399818448,0.3616748072616868,5.341803898278575,0.472326129126363,-0.2893784110928942,-0.061999999999999875,False
0.0,40.0,-40.0,True,True,False,geometric_or_robotic_infeasible,human_or_sleeve_bed_penetration;ur10e_bed_intersection;ur10e_human_intersection,human_or_sleeve_bed_penetration,ur10e_bed_intersection;ur10e_human_intersection,-3.469446951953614e-18,-0.2526035624579775,-0.2655547105996413,13.019915730233805,-0.5915931439913029,38.01991487079712,-0.5915931439913029,35.48251810291287,2.3519263181886316,108.96746787637746,7.467964782537014,91.03253212362254,2,5.832248582842963,2,True,9.124916743222824e-16,86.16241414831322,0.3417403462365881,5.772725035757315,0.5005351951011395,-0.34638459589187776,-0.06200000000000008,False
0.0,50.0,-50.0,True,True,False,geometric_or_robotic_infeasible,human_or_sleeve_bed_penetration;ur10e_bed_intersection;ur10e_human_intersection,human_or_sleeve_bed_penetration,ur10e_bed_intersection;ur10e_human_intersection,-3.469446951953614e-18,-0.3019999710243616,-0.3149417516466846,12.082255814083702,2.091396024153128,37.08225495464703,2.091396024153128,41.592157783112896,2.422005989815484,108.98320039820112,5.764616160482435,91.01679960179888,2,5.678568535245573,2,True,9.464169828966914e-15,95.36719549760137,0.3155389942144518,6.361317582561555,0.5293742199233475,-0.4004511569138616,-0.062000000000007285,False
0.0,60.0,-60.0,True,True,False,geometric_or_robotic_infeasible,human_or_sleeve_bed_penetration;ur10e_bed_intersection;ur10e_human_intersection,human_or_sleeve_bed_penetration,ur10e_bed_intersection;ur10e_human_intersection,-3.469446951953614e-18,-0.34206834082065163,-0.355002522889964,10.996018123259518,4.922962966971646,35.996017263822836,4.922962966971646,46.64625998965086,2.3973104062551926,108.75379323062008,4.549688693832691,91.24620676937992,2,5.518240601746304,2,True,1.653139813078377e-13,106.36661295528155,0.28175823594510785,7.215353831704608,0.5588146531254087,-0.4476923113182299,-0.06200000000011742,False
0.0,70.0,-70.0,True,True,False,geometric_or_robotic_infeasible,human_or_sleeve_bed_penetration;ur10e_self_collision;ur10e_bed_intersection;ur10e_human_intersection,human_or_sleeve_bed_penetration;ur10e_self_collision,ur10e_bed_intersection;ur10e_human_intersection,-3.469446951953614e-18,-0.37159121470616063,-0.3845197980669809,9.79420744033414,7.870102901891352,34.794206580897466,7.870102901891352,50.94812006533552,2.3516323324660484,108.82311690018214,3.6427151476552444,91.17688309981786,2,5.3605728191069195,2,True,9.358165337374058e-16,119.57760787690927,0.23750846826262273,8.630659131979195,0.588458312997703,-0.4825446357525119,-0.062000000000000347,True
0.0,80.0,-80.0,True,True,False,geometric_or_robotic_infeasible,human_or_sleeve_bed_penetration;ur10e_self_collision;ur10e_bed_intersection;ur10e_human_intersection,human_or_sleeve_bed_penetration;ur10e_self_collision,ur10e_bed_intersection;ur10e_human_intersection,-3.469446951953614e-18,-0.3896715550971725,-0.40259670970794353,8.51334017476271,10.896299419457108,33.513339315326036,10.896299419457108,54.74695251933889,2.315728193547572,109.3756225677357,2.9224799357968316,90.6243774322643,2,5.212949526690843,2,True,4.69807536761941e-16,135.50206708631632,0.1794916851093773,11.473712085896645,0.6172292331099936,-0.49828314837639387,-0.06200000000000025,True
0.0,85.0,-85.0,True,True,False,geometric_or_robotic_infeasible,human_or_sleeve_bed_penetration;ur10e_self_collision;ur10e_bed_intersection;ur10e_human_intersection,human_or_sleeve_bed_penetration;ur10e_self_collision,ur10e_bed_intersection;ur10e_human_intersection,-3.469446951953614e-18,-0.3942349872072479,-0.40715927641019295,7.855360515416066,12.426943704800927,32.855359655979385,12.426943704800927,56.51538392674462,2.306286538729758,109.85621467828548,2.605048762704098,90.14378532171452,2,5.144657389703344,2,True,1.8452492103008697e-16,145.0138571246683,0.14281098832362835,14.44016206391408,0.6305712448786528,-0.497754770187146,-0.062000000000000055,True
0.0,90.0,-90.0,True,True,False,geometric_or_robotic_infeasible,human_or_sleeve_bed_penetration;ur10e_self_collision;ur10e_bed_intersection;ur10e_human_intersection,human_or_sleeve_bed_penetration;ur10e_self_collision,ur10e_bed_intersection;ur10e_human_intersection,-3.469446951953614e-18,-0.39576,-0.408684,7.192334830259519,13.962634015954636,32.192333970822844,13.962634015954636,58.21981705798471,2.3042469443497575,110.48085556008621,2.304246944349758,89.51914443991379,2,5.080735055595347,2,True,8.627329940749975e-16,156.88309415460975,0.09538555904222253,21.63914448700835,0.642164357627957,-0.4916839999999993,-0.062000000000000194,True
0.0,95.0,-95.0,True,True,False,geometric_or_robotic_infeasible,human_or_sleeve_bed_penetration;ur10e_bed_intersection;ur10e_human_intersection,human_or_sleeve_bed_penetration,ur10e_bed_intersection;ur10e_human_intersection,-3.469446951953614e-18,-0.3942349872072479,-0.40715927641019295,6.529309145102971,15.49832432710835,31.529308285666293,15.49832432710835,59.87423772783766,2.3107659354844308,111.25559622436488,2.0120037115100913,88.74440377563512,2,5.02155666450225,2,True,3.8503356379338347e-16,125.3430489046678,0.2172926150928568,9.665318002895237,0.6144208779476735,-0.3566180922254536,-0.06199999999999983,False
0.0,100.0,-100.0,True,True,False,geometric_or_robotic_infeasible,human_or_sleeve_bed_penetration;ur10e_bed_intersection;ur10e_human_intersection,human_or_sleeve_bed_penetration,ur10e_bed_intersection;ur10e_human_intersection,-3.469446951953614e-18,-0.3896715550971725,-0.40259670970794353,5.87132948575632,42.02896775301533,30.87132862631964,17.028968612452164,137.05275964258368,5.952618825456245,112.1878292082922,1.720322296792949,87.8121707917078,2,4.967388723515248,2,True,5.736944504877953e-16,126.5267039667393,0.213119184840151,9.885363038877301,0.6302276090635034,-0.3534575752463547,-0.06200000000000001,False
0.0,105.0,-105.0,False,True,True,geometric_or_robotic_infeasible,human_or_sleeve_bed_penetration;ur10e_bed_intersection;ur10e_human_intersection,human_or_sleeve_bed_penetration,ur10e_bed_intersection;ur10e_human_intersection,-3.469446951953614e-18,-0.382104434143607,-0.39503102378080907,5.223403474726172,218.54955581173257,30.223402615289494,18.5495592494795,652.6030630086123,29.845494537125532,113.28696485804166,1.4207995853080302,86.71303514195834,2,4.918395680109568,2,True,6.594498575038728e-16,127.80858819991583,0.20860838409105079,10.125086007363567,0.6463828035670894,-0.3472265025052861,-0.06200000000000026,False
0.0,110.0,-110.0,False,True,True,geometric_or_robotic_infeasible,human_or_sleeve_bed_penetration;ur10e_bed_intersection;ur10e_human_intersection,human_or_sleeve_bed_penetration,ur10e_bed_intersection;ur10e_human_intersection,-3.469446951953614e-18,-0.3715912147061607,-0.38451979806698094,4.590462220184893,695.0551573950866,29.590461360748215,20.05516513001794,2000.7959574249687,90.98888703103017,114.56492566915063,1.1040898946239033,85.43507433084937,2,4.874644952945597,2,True,1.0392725024633093e-15,129.14198724429397,0.20388952609758682,10.380838640911591,0.6616351921864153,-0.3379722962282329,-0.062000000000000645,False
0.0,115.0,-115.0,False,True,True,geometric_or_robotic_infeasible,human_or_sleeve_bed_penetration;ur10e_bed_intersection;ur10e_human_intersection,human_or_sleeve_bed_penetration,ur10e_bed_intersection;ur10e_human_intersection,-3.469446951953614e-18,-0.3582119087328079,-0.3711430293409931,3.9773227872599186,1621.5409554379494,28.97732192782324,21.540969188940153,4539.092816942855,204.50167817651828,116.036438064638,0.7592623729617177,83.963561935362,2,4.836111514448215,2,True,1.2434271413155592e-15,130.47193228354976,0.19913849187560556,10.645598236244552,0.6760109289159522,-0.32576538651280434,-0.062000000000000735,False
0.0,120.0,-120.0,False,True,True,geometric_or_robotic_infeasible,human_or_sleeve_bed_penetration;ur10e_bed_intersection;ur10e_human_intersection,human_or_sleeve_bed_penetration,ur10e_bed_intersection;ur10e_human_intersection,-3.469446951953614e-18,-0.3420683408206517,-0.35500252288996403,3.38865153725952,3148.0022835790132,28.38865067782284,23.0023050649379,8598.620578565155,385.2473900346584,117.71898138261507,0.37299169335396276,82.28101861738493,2,4.80268234841867,2,True,1.2003885430757214e-15,131.74121429886046,0.19455809230321658,10.909182428009451,0.6895658999371493,-0.31069867531267037,-0.06709546696669251,False
10.0,0.0,10.0,True,True,False,blocked_by_current_surrogate_collision_geometry,ur10e_bed_intersection;ur10e_human_intersection,,ur10e_bed_intersection;ur10e_human_intersection,-3.469446951953614e-18,0.08086341585912854,0.12354960806607042,40.927125191382096,-34.237121986456465,40.927125191382096,-9.237122845893143,15.313136799408621,28.713918553098534,72.53708648939966,16.925843657449484,127.46291351060034,2,6.1696345836210345,1,True,6.879431280967763e-16,84.23108260345036,0.33171294476878865,5.572957628526418,0.37707133689373024,-0.3482966380933387,-0.061999999999999944,False
10.0,10.0,0.0,True,False,False,blocked_by_current_surrogate_collision_geometry,ur10e_bed_intersection;ur10e_human_intersection,,ur10e_bed_intersection;ur10e_human_intersection,-3.469446951953614e-18,0.08086341585912854,0.06786341585912854,41.04269818348329,-7.607366586,41.04269818348329,-7.607366586,87.00026913689723,16.985759534522522,87.00026913689723,16.985759534522522,112.99973086310277,2,6.145682553661349,2,True,7.429617224152657e-16,86.44961926549176,0.32332428601295343,5.67015052861509,0.3685597091655845,-0.36688267442065775,-0.062000000000000055,False
10.0,20.0,-10.0,True,False,False,geometric_or_robotic_infeasible,human_or_sleeve_bed_penetration;ur10e_bed_intersection;ur10e_human_intersection,human_or_sleeve_bed_penetration,ur10e_bed_intersection;ur10e_human_intersection,-3.469446951953614e-18,0.011272172177329533,-0.001714630561167784,40.927125191382096,-5.746464341904483,40.927125191382096,-5.746464341904483,103.4496462269367,13.535646110304741,103.4496462269367,13.535646110304741,96.5503537730633,2,6.076334306145202,2,True,9.270739992479982e-16,89.7867807832312,0.31311474267779327,5.886039888838986,0.371461371980291,-0.3781858796863798,-0.062000000000000076,False
10.0,30.0,-20.0,True,False,False,geometric_or_robotic_infeasible,human_or_sleeve_bed_penetration;ur10e_bed_intersection;ur10e_human_intersection,human_or_sleeve_bed_penetration,ur10e_bed_intersection;ur10e_human_intersection,-3.469446951953614e-18,-0.056204576780066434,-0.0691785832491737,40.583917841960776,-3.65792774048883,40.583917841960776,-3.65792774048883,110.02054712665951,10.041812829170304,110.02054712665951,10.041812829170304,89.97945287334049,2,5.968544349857617,2,True,9.207719499914847e-15,94.04850937727227,0.3013366671347922,6.209940623277307,0.38654999570066084,-0.3825070580876712,-0.06199999999999686,False
10.0,40.0,-30.0,True,False,False,geometric_or_robotic_infeasible,human_or_sleeve_bed_penetration;ur10e_bed_intersection;ur10e_human_intersection,human_or_sleeve_bed_penetration,ur10e_bed_intersection;ur10e_human_intersection,-3.469446951953614e-18,-0.11951658414087143,-0.13247858414087144,40.02350431686018,-1.352184963393909,40.02350431686018,-1.352184963393909,111.26339114458816,7.476225145430843,111.26339114458816,7.476225145430843,88.73660885541184,2,5.832248582842962,2,True,3.620134952657139e-14,98.95559047778934,0.2885693694700764,6.610368197260223,0.41050496310476464,-0.38032138715236247,-0.06199999999997716,False
10.0,50.0,-40.0,True,False,False,geometric_or_robotic_infeasible,human_or_sleeve_bed_penetration;ur10e_bed_intersection;ur10e_human_intersection,human_or_sleeve_bed_penetration,ur10e_bed_intersection;ur10e_human_intersection,-3.469446951953614e-18,-0.17674014659884896,-0.18969129474051277,39.26291249745758,1.1537361080030273,39.26291249745758,1.1537361080030273,110.91879456194606,5.694567465845514,110.91879456194606,5.694567465845514,89.08120543805394,2,5.6785685352455735,2,True,9.806193532126552e-14,104.11841128507616,0.27593586645881796,7.046910937110219,0.44061765403499126,-0.37223013153045154,-0.06199999999992628,False
10.0,60.0,-50.0,True,False,False,geometric_or_robotic_infeasible,human_or_sleeve_bed_penetration;ur10e_self_collision;ur10e_bed_intersection;ur10e_human_intersection,human_or_sleeve_bed_penetration;ur10e_self_collision,ur10e_bed_intersection;ur10e_human_intersection,-3.469446951953614e-18,-0.22613655516523307,-0.23907833578755605,38.325252581307474,3.8367252761474564,38.325252581307474,3.8367252761474564,110.4990292992595,4.430152294019204,110.4990292992595,4.430152294019204,89.5009707007405,2,5.518240601746305,2,True,9.349133492182604e-14,109.0097964158608,0.26494766450493296,7.467792314315343,0.47451161520543067,-0.35938724879875955,-0.06199999999993254,True
10.0,70.0,-60.0,True,False,False,geometric_or_robotic_infeasible,human_or_sleeve_bed_penetration;ur10e_self_collision;ur10e_bed_intersection;ur10e_human_intersection,human_or_sleeve_bed_penetration;ur10e_self_collision,ur10e_bed_intersection;ur10e_human_intersection,-3.469446951953614e-18,-0.2662049249615231,-0.27913910703083544,37.23901489048328,6.668292218965975,37.23901489048328,6.668292218965975,110.51465740158818,3.487104587522185,110.51465740158818,3.487104587522185,89.48534259841182,2,5.360572819106915,2,True,2.2499231491014024e-14,113.04022447025558,0.25650291881113696,7.831314506219386,0.5097833175916253,-0.34400473894501654,-0.061999999999983166,True
10.0,80.0,-70.0,True,False,False,geometric_or_robotic_infeasible,human_or_sleeve_bed_penetration;ur10e_self_collision;ur10e_bed_intersection;ur10e_human_intersection,human_or_sleeve_bed_penetration;ur10e_self_collision,ur10e_bed_intersection;ur10e_human_intersection,-3.469446951953614e-18,-0.2957277988470321,-0.30865638220785235,36.037204207557906,9.615432153885683,36.037204207557906,9.615432153885683,111.1214705953158,2.735807165132754,111.1214705953158,2.735807165132754,88.8785294046842,2,5.212949526690844,2,True,5.681405196203726e-16,115.89672346906958,0.2498680833423357,8.144765550178562,0.5445018765739887,-0.32873593862664746,-0.06200000000000008,True
10.0,85.0,-75.0,True,False,False,geometric_or_robotic_infeasible,human_or_sleeve_bed_penetration;ur10e_self_collision;ur10e_bed_intersection;ur10e_human_intersection,human_or_sleeve_bed_penetration;ur10e_self_collision,ur10e_bed_intersection;ur10e_human_intersection,-3.469446951953614e-18,-0.3062410182844785,-0.31916760792168053,35.40426295301663,11.12103803442413,35.40426295301663,11.12103803442413,111.66333365313118,2.40301456768802,111.66333365313118,2.40301456768802,88.33666634686882,2,5.144657389703344,2,True,3.9489434581779317e-16,116.97255020387216,0.24678571162603608,8.294118896503088,0.5614210414680284,-0.321531363172152,-0.061999999999999784,True
10.0,90.0,-80.0,True,False,False,geometric_or_robotic_infeasible,human_or_sleeve_bed_penetration;ur10e_bed_intersection;ur10e_human_intersection,human_or_sleeve_bed_penetration,ur10e_bed_intersection;ur10e_human_intersection,-3.469446951953614e-18,-0.31380813923804396,-0.326733293848815,34.75633694198648,12.64162867145144,34.75633694198648,12.64162867145144,112.36965652721418,2.086242051787007,112.36965652721418,2.086242051787007,87.63034347278582,2,5.080735055595346,2,True,5.850957376106283e-16,117.94222361595403,0.24364374868717736,8.445153802258606,0.5781268036494841,-0.31442364165732817,-0.06199999999999985,False
10.0,95.0,-85.0,True,False,False,geometric_or_robotic_infeasible,human_or_sleeve_bed_penetration;ur10e_bed_intersection;ur10e_human_intersection,human_or_sleeve_bed_penetration,ur10e_bed_intersection;ur10e_human_intersection,-3.469446951953614e-18,-0.3183715713481194,-0.3312958605510644,34.09835728263983,14.172272956795256,34.09835728263983,14.172272956795256,113.24528462502794,1.7769148000064483,113.24528462502794,1.7769148000064483,86.75471537497206,2,5.02155666450225,2,True,6.952416807172693e-16,118.91233425533859,0.24028933254506088,8.60327163090397,0.594748986998909,-0.30707944387033304,-0.06200000000000028,False
10.0,100.0,-90.0,True,True,False,geometric_or_robotic_infeasible,human_or_sleeve_bed_penetration;ur10e_bed_intersection;ur10e_human_intersection,human_or_sleeve_bed_penetration,ur10e_bed_intersection;ur10e_human_intersection,-3.469446951953614e-18,-0.31989658414087146,-0.33282058414087146,33.435331597483284,40.70796240851213,33.435331597483284,15.707963267948966,183.7119581910186,5.092063982102897,114.2967460666718,1.4665191956888624,85.7032539333282,2,4.96738872351525,2,True,4.577275741659712e-16,119.96416077116831,0.23659722123678215,8.77369006608849,0.6114078482571454,-0.2991379291847177,-0.06200000000000025,False
10.0,105.0,-95.0,False,True,True,geometric_or_robotic_infeasible,human_or_sleeve_bed_penetration;ur10e_bed_intersection;ur10e_human_intersection,human_or_sleeve_bed_penetration,ur10e_bed_intersection;ur10e_human_intersection,-3.469446951953614e-18,-0.3183715713481194,-0.3312958605510644,32.772305912326736,217.24365014135577,32.772305912326736,17.2436535791027,691.4180531012332,28.63697201291955,115.53283895156989,1.1460892060417651,84.46716104843011,2,4.91839568010957,2,True,5.007874064915024e-16,121.14047631554382,0.2324934262411218,8.960603302052787,0.6281751612610174,-0.2903050420378044,-0.06200000000000028,False
10.0,110.0,-100.0,False,True,True,geometric_or_robotic_infeasible,human_or_sleeve_bed_penetration;ur10e_bed_intersection;ur10e_human_intersection,human_or_sleeve_bed_penetration,ur10e_bed_intersection;ur10e_human_intersection,-3.469446951953614e-18,-0.31380813923804396,-0.326733293848815,32.114326252980085,693.7742901295151,32.114326252980085,18.774297864446453,2036.9997317038878,89.39934970492209,116.96501399550172,0.8056353837050095,83.03498600449828,2,4.874644952945595,2,True,7.662585566966625e-16,122.44688151957345,0.22796536891445843,9.166605423920526,0.6450614054536222,-0.28040183567499194,-0.061999999999999784,False
10.0,115.0,-105.0,False,True,True,geometric_or_robotic_infeasible,human_or_sleeve_bed_penetration;ur10e_bed_intersection;ur10e_human_intersection,human_or_sleeve_bed_penetration,ur10e_bed_intersection;ur10e_human_intersection,-3.469446951953614e-18,-0.3062410182844785,-0.31916760792168053,31.466400241949938,1620.2948747504831,31.466400241949938,20.294888501473906,4573.975999828507,202.48406791741925,118.60750888980115,0.4334632515172023,81.39249111019885,2,4.836111514448215,2,True,6.955442216185986e-16,123.8611446878535,0.2230615597127592,9.392301257576221,0.6620231443269977,-0.2713630866461581,-0.06199999999999992,False
10.0,120.0,-110.0,False,True,True,geometric_or_robotic_infeasible,human_or_sleeve_bed_penetration;ur10e_bed_intersection;ur10e_human_intersection,human_or_sleeve_bed_penetration,ur10e_bed_intersection;ur10e_human_intersection,-3.469446951953614e-18,-0.29572779884703215,-0.3086563822078524,30.83345898740866,3146.8004728960877,30.83345898740866,21.800494382012403,8632.612759821388,382.73733863398616,120.47705584959557,0.015318580259091183,79.52294415040443,2,4.802682348418667,2,True,6.937185054310425e-14,125.34387506742264,0.2178848748042293,9.636009365844801,0.6789792160049846,-0.2621088803690837,-0.06200000000003301,False
20.0,0.0,20.0,True,True,False,blocked_by_current_surrogate_collision_geometry,ur10e_bed_intersection;ur10e_human_intersection,,ur10e_bed_intersection;ur10e_human_intersection,-3.469446951953614e-18,0.15442176021611814,0.2511021478583669,40.837515310197155,-33.89391463703514,40.837515310197155,-8.893915496471816,15.893610769918373,28.161343530097895,73.11756045990978,17.478418680450286,126.88243954009022,2,6.1696345836210345,1,True,3.485291223093534e-15,84.09457073063378,0.33589333518567865,5.634777473980608,0.39507546762248946,-0.28208348915698767,-0.061999999999998626,False
20.0,10.0,10.0,True,False,False,blocked_by_current_surrogate_collision_geometry,ur10e_bed_intersection;ur10e_human_intersection,,ur10e_bed_intersection;ur10e_human_intersection,-3.469446951953614e-18,0.15442176021611814,0.19710795242306,41.180722659618475,-7.491793593898812,41.180722659618475,-7.491793593898812,87.83488689342688,17.264928510628053,87.83488689342688,17.264928510628053,112.16511310657312,2,6.145682553661346,2,True,3.3612526105140497e-16,84.36363323189002,0.3311654177351475,5.607923590229832,0.3637881593174125,-0.31289534927714974,-0.06200000000000021,False
20.0,20.0,0.0,True,False,False,blocked_by_current_surrogate_collision_geometry,ur10e_bed_intersection;ur10e_human_intersection,,ur10e_bed_intersection;ur10e_human_intersection,-3.469446951953614e-18,0.15442176021611814,0.14142176021611813,41.29629565171966,-5.862037334005671,41.29629565171966,-5.862037334005671,104.05521149573936,13.586635955247974,104.05521149573936,13.586635955247974,95.94478850426064,2,6.076334306145202,2,True,2.9948760016051673e-16,85.89796132704043,0.3239497749712652,5.681658925769267,0.3505050156165889,-0.3364104205110989,-0.06200000000000003,False
20.0,30.0,-10.0,True,False,False,blocked_by_current_surrogate_collision_geometry,ur10e_bed_intersection;ur10e_human_intersection,,ur10e_bed_intersection;ur10e_human_intersection,-3.469446951953614e-18,0.08483051653431917,0.07184371379582184,41.180722659618475,-4.001135089910154,41.180722659618475,-4.001135089910154,110.1481541157729,9.970334606186581,110.1481541157729,9.970334606186581,89.8518458842271,2,5.968544349857615,2,True,6.987605546962205e-16,88.62600917262213,0.3148260557588883,5.870042357092278,0.3560544249350258,-0.3517974772430236,-0.061999999999999646,False
20.0,40.0,-20.0,True,False,False,blocked_by_current_surrogate_collision_geometry,ur10e_bed_intersection;ur10e_human_intersection,,ur10e_bed_intersection;ur10e_human_intersection,-3.469446951953614e-18,0.017353767576923137,0.004379761107815908,40.837515310197155,-1.9125984884945009,40.837515310197155,-1.9125984884945009,111.02545059432683,7.346785847168747,111.02545059432683,7.346785847168747,88.97454940567317,2,5.832248582842962,2,True,2.6168557760176866e-15,92.37956263306855,0.3041473634592756,6.159799785617696,0.3738541079550078,-0.35909658398807637,-0.061999999999999285,False
20.0,50.0,-30.0,True,False,False,geometric_or_robotic_infeasible,human_or_sleeve_bed_penetration;ur10e_bed_intersection;ur10e_human_intersection,human_or_sleeve_bed_penetration,ur10e_bed_intersection;ur10e_human_intersection,-3.469446951953614e-18,-0.04595823978388186,-0.05892023978388186,40.27710178509656,0.3931442886004213,40.27710178509656,0.3931442886004213,110.48151586571424,5.53684382638673,110.48151586571424,5.53684382638673,89.51848413428576,2,5.678568535245577,2,True,6.547909082765888e-15,96.89640240394637,0.2925054235981199,6.518845687482496,0.4000616653134606,-0.3587660780505299,-0.062000000000001027,False
20.0,60.0,-40.0,True,False,False,geometric_or_robotic_infeasible,human_or_sleeve_bed_penetration;ur10e_bed_intersection;ur10e_human_intersection,human_or_sleeve_bed_penetration,ur10e_bed_intersection;ur10e_human_intersection,-3.469446951953614e-18,-0.10318180224185936,-0.11613295038352316,39.516509965693956,2.899065359997355,39.516509965693956,2.899065359997355,109.9986184596325,4.2564216536811825,109.9986184596325,4.2564216536811825,90.0013815403675,2,5.518240601746304,2,True,2.8006405139655172e-14,101.80374926159547,0.28098509699377283,6.907433684587372,0.43248684717294633,-0.3515285473757171,-0.062000000000013655,False
20.0,70.0,-50.0,True,False,False,geometric_or_robotic_infeasible,human_or_sleeve_bed_penetration;ur10e_self_collision;ur10e_bed_intersection;ur10e_human_intersection,human_or_sleeve_bed_penetration;ur10e_self_collision,ur10e_bed_intersection;ur10e_human_intersection,-3.469446951953614e-18,-0.15257821080824346,-0.16551999143056645,38.57885004954386,5.582054528141786,38.57885004954386,5.582054528141786,110.05278077404124,3.3015356456005778,110.05278077404124,3.3015356456005778,89.94721922595876,2,5.3605728191069195,2,True,7.804747714942119e-14,106.60194355384965,0.2709837130179891,7.278380430847039,0.4691438551562356,-0.3386769416547732,-0.06200000000005557,True
20.0,80.0,-60.0,True,False,False,geometric_or_robotic_infeasible,human_or_sleeve_bed_penetration;ur10e_self_collision;ur10e_bed_intersection;ur10e_human_intersection,human_or_sleeve_bed_penetration;ur10e_self_collision,ur10e_bed_intersection;ur10e_human_intersection,-3.469446951953614e-18,-0.1926465806045335,-0.20558076267384584,37.49261235871967,8.413621470960306,37.49261235871967,8.413621470960306,110.7747268349311,2.5385052193190902,110.7747268349311,2.5385052193190902,89.2252731650689,2,5.212949526690842,2,True,1.622848922374572e-13,110.73923605082457,0.2631172382334173,7.601831970141366,0.5079008913965769,-0.3224925798290143,-0.062000000000102806,True
20.0,85.0,-65.0,True,False,False,geometric_or_robotic_infeasible,human_or_sleeve_bed_penetration;ur10e_self_collision;ur10e_bed_intersection;ur10e_human_intersection,human_or_sleeve_bed_penetration;ur10e_self_collision,ur10e_bed_intersection;ur10e_human_intersection,-3.469446951953614e-18,-0.2087901485166897,-0.2217212691248749,36.903941108719266,9.874957346957874,36.903941108719266,9.874957346957874,111.39752526400032,2.199092464353479,111.39752526400032,2.199092464353479,88.60247473599968,2,5.144657389703344,2,True,3.9839419125324605e-16,112.44304096091257,0.2596705588303211,7.7513942155877436,0.5274760321060165,-0.3140280134397873,-0.06199999999999985,True
20.0,90.0,-70.0,True,False,False,geometric_or_robotic_infeasible,human_or_sleeve_bed_penetration;ur10e_self_collision;ur10e_bed_intersection;ur10e_human_intersection,human_or_sleeve_bed_penetration;ur10e_self_collision,ur10e_bed_intersection;ur10e_human_intersection,-3.469446951953614e-18,-0.2221694544900425,-0.23509803785086275,36.29080167579429,11.360761405880012,36.29080167579429,11.360761405880012,112.19835983688556,1.8748611275689788,112.19835983688556,1.8748611275689788,87.80164016311444,2,5.080735055595346,2,True,8.882109855690664e-16,113.90996025619849,0.2562622874512108,7.900637296936922,0.5469968044690542,-0.30566021159358153,-0.06200000000000056,True
20.0,95.0,-75.0,True,False,False,geometric_or_robotic_infeasible,human_or_sleeve_bed_penetration;ur10e_self_collision;ur10e_bed_intersection;ur10e_human_intersection,human_or_sleeve_bed_penetration;ur10e_self_collision,ur10e_bed_intersection;ur10e_human_intersection,-3.469446951953614e-18,-0.23268267392748887,-0.24560926356469093,35.657860421253005,12.866367286418459,35.657860421253005,12.866367286418459,113.18095143548838,1.556995561217913,113.18095143548838,1.556995561217913,86.81904856451162,2,5.0215566645022465,2,True,5.805002610552153e-16,115.19904863252545,0.25273810237676786,8.05439543469883,0.5664432675618963,-0.29743335205833066,-0.06200000000000036,True
20.0,100.0,-80.0,True,True,False,geometric_or_robotic_infeasible,human_or_sleeve_bed_penetration;ur10e_bed_intersection;ur10e_human_intersection,human_or_sleeve_bed_penetration,ur10e_bed_intersection;ur10e_human_intersection,-3.469446951953614e-18,-0.24024979488105436,-0.2531749494918254,35.00993441022286,39.38695706400893,35.00993441022286,14.386957923445767,183.05987556789455,4.86227369262053,114.35090265832413,1.236728906206494,85.64909734167587,2,4.967388723515249,2,True,6.158883334996034e-16,116.3987840235667,0.2489908329364239,8.216484339846435,0.5858785783035019,-0.28919187721967277,-0.06199999999999979,False
20.0,105.0,-85.0,False,True,True,geometric_or_robotic_infeasible,human_or_sleeve_bed_penetration;ur10e_bed_intersection;ur10e_human_intersection,human_or_sleeve_bed_penetration,ur10e_bed_intersection;ur10e_human_intersection,-3.469446951953614e-18,-0.24481322699112978,-0.2577375161940748,34.35195475087621,215.91759877104266,34.35195475087621,15.917602208789589,690.0705161105091,28.395696582865153,115.71619258280323,0.9048137759873625,84.28380741719677,2,4.918395680109571,2,True,2.6268547086239656e-16,117.60226589945457,0.24492763406435464,8.390738044527346,0.6054086630996568,-0.2806392803052895,-0.06199999999999995,False
20.0,110.0,-90.0,False,True,True,geometric_or_robotic_infeasible,human_or_sleeve_bed_penetration;ur10e_bed_intersection;ur10e_human_intersection,human_or_sleeve_bed_penetration,ur10e_bed_intersection;ur10e_human_intersection,-3.469446951953614e-18,-0.24633823978388186,-0.25926223978388185,33.68892906571966,692.4532847850119,33.68892906571966,17.45329251994326,2035.533266398905,89.14465011320766,117.2874480658328,0.550935791990574,82.7125519341672,2,4.874644952945594,2,True,6.950662461878362e-16,118.88380726435162,0.24046817630040326,8.581209774254614,0.6251349240340939,-0.2714366723377992,-0.06199999999999953,False
20.0,115.0,-95.0,False,True,True,geometric_or_robotic_infeasible,human_or_sleeve_bed_penetration;ur10e_bed_intersection;ur10e_human_intersection,human_or_sleeve_bed_penetration,ur10e_bed_intersection;ur10e_human_intersection,-3.469446951953614e-18,-0.24481322699112978,-0.2577375161940748,33.02590338056312,1618.9889690801062,33.02590338056312,18.98898283109702,4572.521845210678,202.21362062724927,119.07792970267734,0.16301596134715599,80.92207029732266,2,4.836111514448215,2,True,3.8683540347680354e-16,120.28626727090395,0.2355602872799261,8.791734267552329,0.6451192289624752,-0.26129257929104044,-0.062000000000000006,False
20.0,120.0,-100.0,False,True,True,geometric_or_robotic_infeasible,human_or_sleeve_bed_penetration;ur10e_bed_intersection;ur10e_human_intersection,human_or_sleeve_bed_penetration,ur10e_bed_intersection;ur10e_human_intersection,-3.469446951953614e-18,-0.2402497948810544,-0.25317494949182545,32.36792372121647,3145.5196056305163,32.36792372121647,20.519627116440915,8631.21163665791,382.4483595309857,121.10302629889321,0.27366052274118724,78.89697370110679,2,4.802682348418667,2,True,1.2211186434332552e-15,121.82035191734465,0.23019277685755613,9.025403341235188,0.6653688764023354,-0.25001490240521995,-0.06200000000000007,False
30.0,0.0,30.0,True,True,False,blocked_by_current_surrogate_collision_geometry,ur10e_bed_intersection;ur10e_human_intersection,,ur10e_bed_intersection;ur10e_human_intersection,-3.469446951953614e-18,0.22343999999999997,0.37078199999999994,39.58662461030566,-33.33350111193455,39.58662461030566,-8.33350197137123,14.313137471092968,28.17098143631091,71.53708716108419,17.46878077423728,128.46291283891583,2,6.1696345836210345,1,True,3.134480003037913e-16,88.21221411683243,0.3272072521528998,5.956517395888284,0.40576740299774944,-0.19553939662719697,-0.06200000000000015,False
30.0,10.0,20.0,True,False,False,blocked_by_current_surrogate_collision_geometry,ur10e_bed_intersection;ur10e_human_intersection,,ur10e_bed_intersection;ur10e_human_intersection,-3.469446951953614e-18,0.22343999999999997,0.3201203876422487,40.147038135406255,-7.148586244477489,40.147038135406255,-7.148586244477489,86.22728547774116,17.075625475680212,86.22728547774116,17.075625475680212,113.77271452225884,2,6.145682553661347,2,True,5.460771255238671e-16,86.62155284542358,0.329821842870913,5.773793392234549,0.3542004905634508,-0.23530603554747057,-0.06200000000000007,False
30.0,20.0,10.0,True,False,False,blocked_by_current_surrogate_collision_geometry,ur10e_bed_intersection;ur10e_human_intersection,,ur10e_bed_intersection;ur10e_human_intersection,-3.469446951953614e-18,0.22343999999999997,0.26612619220694184,40.490245484827575,-5.746464341904483,40.490245484827575,-5.746464341904483,102.03011480157468,13.322729361332625,102.03011480157468,13.322729361332625,97.96988519842532,2,6.0763343061452,2,True,5.087184137835762e-16,86.2491224683681,0.3270391112292333,5.713118679947139,0.32834114252120783,-0.2704002648630514,-0.062,False
30.0,30.0,0.0,True,False,False,blocked_by_current_surrogate_collision_geometry,ur10e_bed_intersection;ur10e_human_intersection,,ur10e_bed_intersection;ur10e_human_intersection,-3.469446951953614e-18,0.22343999999999997,0.21043999999999996,40.60581847692877,-4.116708082011342,40.60581847692877,-4.116708082011342,107.73019497582303,9.701334964333256,107.73019497582303,9.701334964333256,92.26980502417697,2,5.968544349857614,2,True,3.5646013620501156e-16,87.18601478650555,0.32116078318097424,5.762381603987866,0.32732057012217824,-0.29816748829606693,-0.06200000000000003,False
30.0,40.0,-10.0,True,False,False,blocked_by_current_surrogate_collision_geometry,ur10e_bed_intersection;ur10e_human_intersection,,ur10e_bed_intersection;ur10e_human_intersection,-3.469446951953614e-18,0.15384875631820094,0.14086195357970366,40.490245484827575,-2.2558058379158243,40.490245484827575,-2.2558058379158243,108.40308318356175,7.094432170112708,108.40308318356175,7.094432170112708,91.59691681643825,2,5.832248582842962,2,True,1.2782326463330335e-15,89.4001999510244,0.3130623150804189,5.927712347009992,0.3403619555923384,-0.31721395370022465,-0.06200000000000008,False
30.0,50.0,-20.0,True,False,False,blocked_by_current_surrogate_collision_geometry,ur10e_bed_intersection;ur10e_human_intersection,,ur10e_bed_intersection;ur10e_human_intersection,-3.469446951953614e-18,0.08637200736080494,0.07339800089169772,40.14703813540625,-0.16726923650016978,40.14703813540625,-0.16726923650016978,107.80586779302482,5.303328066520226,107.80586779302482,5.303328066520226,92.19413220697518,2,5.678568535245577,2,True,8.103265833857571e-15,92.751995440298,0.3032551285737383,6.1931657830636295,0.3622972209021218,-0.3271818108399887,-0.061999999999996766,False
30.0,60.0,-30.0,True,False,False,blocked_by_current_surrogate_collision_geometry,ur10e_bed_intersection;ur10e_human_intersection,,ur10e_bed_intersection;ur10e_human_intersection,-3.469446951953614e-18,0.023059999999999994,0.010098,39.58662461030566,2.1384735405947497,39.58662461030566,2.1384735405947497,107.37013115576245,4.038341196852195,107.37013115576245,4.038341196852195,92.62986884423755,2,5.518240601746307,2,True,4.7545575150971555e-14,96.99844054398625,0.2923656679778615,6.5269736905416735,0.3912673122109893,-0.32836990829059726,-0.061999999999978045,False
30.0,70.0,-40.0,True,False,False,geometric_or_robotic_infeasible,human_or_sleeve_bed_penetration;ur10e_bed_intersection;ur10e_human_intersection,human_or_sleeve_bed_penetration,ur10e_bed_intersection;ur10e_human_intersection,-3.469446951953614e-18,-0.034163562457977525,-0.04711471059964134,38.82603279090306,4.644394611991685,38.82603279090306,4.644394611991685,107.53783348357551,3.0943854341119614,107.53783348357551,3.0943854341119614,92.46216651642449,2,5.360572819106916,2,True,1.0913577583673061e-13,101.78383995198054,0.2813708101835377,6.8928301644891965,0.4261283555224443,-0.32154135059347894,-0.06199999999993278,False
30.0,80.0,-50.0,True,False,False,geometric_or_robotic_infeasible,human_or_sleeve_bed_penetration;ur10e_bed_intersection;ur10e_human_intersection,human_or_sleeve_bed_penetration,ur10e_bed_intersection;ur10e_human_intersection,-3.469446951953614e-18,-0.08355997102436163,-0.0965017516466846,37.88837287475295,7.327383780136117,37.88837287475295,7.327383780136117,108.4189528722712,2.337856082942631,108.4189528722712,2.337856082942631,91.5810471277288,2,5.212949526690843,2,True,4.392096315966627e-16,106.6343137732807,0.27135368852550223,7.25396440650624,0.46546673572508196,-0.3081256298457767,-0.06200000000000005,False
30.0,85.0,-55.0,True,False,False,geometric_or_robotic_infeasible,human_or_sleeve_bed_penetration;ur10e_self_collision;ur10e_bed_intersection;ur10e_human_intersection,human_or_sleeve_bed_penetration;ur10e_self_collision,ur10e_bed_intersection;ur10e_human_intersection,-3.469446951953614e-18,-0.10484337326925641,-0.11778111771389042,37.36185810734266,8.726563173543568,37.36185810734266,8.726563173543568,109.13423871471343,2.000112268378858,109.13423871471343,2.000112268378858,90.86576128528657,2,5.144657389703345,2,True,3.3924709348714284e-16,108.918700204414,0.266841636474064,7.426538435605406,0.48627297576466877,-0.299661048695947,-0.06199999999999994,True
30.0,90.0,-60.0,True,False,False,geometric_or_robotic_infeasible,human_or_sleeve_bed_penetration;ur10e_self_collision;ur10e_bed_intersection;ur10e_human_intersection,human_or_sleeve_bed_penetration;ur10e_self_collision,ur10e_bed_intersection;ur10e_human_intersection,-3.469446951953614e-18,-0.12362834082065172,-0.13656252288996407,36.80213518392876,10.158950722954637,36.80213518392876,10.158950722954637,110.03453291588723,1.6765268741141257,110.03453291588723,1.6765268741141257,89.96546708411277,2,5.080735055595346,2,True,3.476900904185344e-16,111.03468455693242,0.2625327302588598,7.59630287659362,0.5075486964507434,-0.29050557578537284,-0.06200000000000022,True
30.0,95.0,-65.0,True,False,False,geometric_or_robotic_infeasible,human_or_sleeve_bed_penetration;ur10e_self_collision;ur10e_bed_intersection;ur10e_human_intersection,human_or_sleeve_bed_penetration;ur10e_self_collision,ur10e_bed_intersection;ur10e_human_intersection,-3.469446951953614e-18,-0.13977190873280787,-0.15270302934099306,36.21346393392836,11.620286598952202,36.21346393392836,11.620286598952202,111.12254725832132,1.358294384172428,111.12254725832132,1.358294384172428,88.87745274167868,2,5.021556664502247,2,True,3.429666428786406e-16,112.9552924294577,0.2582478403541414,7.768320805803793,0.5291245035323546,-0.2810010973515275,-0.06200000000000032,True
30.0,100.0,-70.0,True,True,False,geometric_or_robotic_infeasible,human_or_sleeve_bed_penetration;ur10e_self_collision;ur10e_bed_intersection;ur10e_human_intersection,human_or_sleeve_bed_penetration;ur10e_self_collision,ur10e_bed_intersection;ur10e_human_intersection,-3.469446951953614e-18,-0.15315121470616067,-0.16607979806698092,35.600324501003385,38.10608979843751,35.600324501003385,13.106090657874343,180.58642101907628,4.662191211623453,112.40294065559762,1.0366464252094196,87.59705934440238,2,4.967388723515249,2,True,2.525207972821328e-16,114.68959325079089,0.2538318397504368,7.9476951682932455,0.550900406730988,-0.27138198724650514,-0.06200000000000007,True
30.0,105.0,-75.0,False,True,True,geometric_or_robotic_infeasible,human_or_sleeve_bed_penetration;ur10e_self_collision;ur10e_bed_intersection;ur10e_human_intersection,human_or_sleeve_bed_penetration;ur10e_self_collision,ur10e_bed_intersection;ur10e_human_intersection,-3.469446951953614e-18,-0.16366443414360704,-0.1765910237808091,34.967383246462106,214.6116931006659,34.967383246462106,14.611696538412815,687.2301835011401,28.193206296142822,113.88272454764686,0.7023234892650473,86.11727545235314,2,4.918395680109568,2,True,5.550926373889911e-16,116.28395009870415,0.24918686291448486,8.13836315544289,0.5728556553807285,-0.2617100538249151,-0.061999999999999965,True
30.0,110.0,-80.0,False,True,True,geometric_or_robotic_infeasible,human_or_sleeve_bed_penetration;ur10e_bed_intersection;ur10e_human_intersection,human_or_sleeve_bed_penetration,ur10e_bed_intersection;ur10e_human_intersection,-3.469446951953614e-18,-0.17123155509717258,-0.18415670970794362,34.31945723543196,691.1322794405087,34.31945723543196,16.13228717544007,2032.676027627049,88.93870566508404,115.5714310071029,0.3449913438669542,84.4285689928971,2,4.874644952945596,2,True,3.0174943110071623e-16,117.81099039388991,0.2442445016575008,8.343791633760107,0.5950349452266284,-0.2518612047110112,-0.06200000000000001,False
30.0,115.0,-85.0,False,True,True,geometric_or_robotic_infeasible,human_or_sleeve_bed_penetration;ur10e_bed_intersection;ur10e_human_intersection,human_or_sleeve_bed_penetration,ur10e_bed_intersection;ur10e_human_intersection,-3.469446951953614e-18,-0.17579498720724795,-0.18871927641019298,33.66147757608531,1617.6629177097932,33.66147757608531,17.662931460783966,4569.71064394064,202.0031538384762,117.4809689129013,0.04745082742586293,82.5190310870987,2,4.836111514448215,2,True,5.734259765043605e-16,119.35010941984477,0.2389348137600261,8.56806261658016,0.6175146339168628,-0.24157390884720994,-0.06200000000000028,False
30.0,120.0,-90.0,False,True,True,geometric_or_robotic_infeasible,human_or_sleeve_bed_penetration;ur10e_bed_intersection;ur10e_human_intersection,human_or_sleeve_bed_penetration,ur10e_bed_intersection;ur10e_human_intersection,-3.469446951953614e-18,-0.17732000000000003,-0.19024400000000002,32.99845189092876,3144.198600286013,32.99845189092876,19.198621771937724,8628.466846098709,382.2322892154555,119.62494573623641,0.4897308382715342,80.37505426376359,2,4.802682348418667,2,True,3.3353619041752872e-15,120.96825701799986,0.233185936170642,8.816152679134575,0.640362107899973,-0.23053416694289566,-0.06200000000000047,False
40.0,0.0,40.0,True,True,False,blocked_by_current_surrogate_collision_geometry,ur10e_bed_intersection;ur10e_human_intersection,,ur10e_bed_intersection;ur10e_human_intersection,-3.469446951953614e-18,0.28582105091985527,0.47895275274457344,37.26549171878521,-32.572909292531946,37.26549171878521,-7.572910151968625,10.741124396294797,28.69875758077879,67.96507408628597,16.941004629769353,132.03492591371403,2,6.1696345836210345,1,True,5.796815168672474e-15,95.95880199536046,0.30111145024371483,6.672556461456155,0.40530970811838807,-0.10023922011356692,-0.0619999999999982,False
40.0,10.0,30.0,True,False,False,blocked_by_current_surrogate_collision_geometry,ur10e_bed_intersection;ur10e_human_intersection,,ur10e_bed_intersection;ur10e_human_intersection,-3.469446951953614e-18,0.28582105091985527,0.43316305091985524,38.02608353818782,-6.588172719376897,38.02608353818782,-6.588172719376897,82.37718537604142,16.46101171011504,82.37718537604142,16.46101171011504,117.62281462395858,2,6.145682553661346,2,True,1.4638218934780373e-15,92.8776167469006,0.3144055208358428,6.242665404767608,0.3360415877928672,-0.14279941397233856,-0.0620000000000009,False
40.0,20.0,20.0,True,False,False,blocked_by_current_surrogate_collision_geometry,ur10e_bed_intersection;ur10e_human_intersection,,ur10e_bed_intersection;ur10e_human_intersection,-3.469446951953614e-18,0.28582105091985527,0.382501438562104,38.586497063288405,-5.4032569924831595,38.586497063288405,-5.4032569924831595,97.6082471985144,12.777790044096866,97.6082471985144,12.777790044096866,102.3917528014856,2,6.076334306145199,2,True,4.936105025168405e-16,90.74119111617223,0.31941769997846753,6.004779106376424,0.3010411941822977,-0.185053723601413,-0.06200000000000013,False
40.0,30.0,10.0,True,False,False,blocked_by_current_surrogate_collision_geometry,ur10e_bed_intersection;ur10e_human_intersection,,ur10e_bed_intersection;ur10e_human_intersection,-3.469446951953614e-18,0.28582105091985527,0.32850724312679713,38.92970441270974,-4.001135089910154,38.92970441270974,-4.001135089910154,103.00465721692059,9.259728246580806,103.00465721692059,9.259728246580806,96.99534278307941,2,5.968544349857622,2,True,4.327470024022387e-16,89.83569457228526,0.31883686914717324,5.9024127497444505,0.2969075919683267,-0.22309077990975842,-0.062000000000000235,False
40.0,40.0,0.0,True,False,False,blocked_by_current_surrogate_collision_geometry,ur10e_bed_intersection;ur10e_human_intersection,,ur10e_bed_intersection;ur10e_human_intersection,-3.469446951953614e-18,0.28582105091985527,0.27282105091985526,39.04527740481092,-2.3713788300170124,39.04527740481092,-2.3713788300170124,103.62226345750196,6.7376840878266915,103.62226345750196,6.7376840878266915,96.37773654249804,2,5.832248582842967,2,True,8.606086167060929e-16,90.29256151831197,0.3145132286172702,5.923447009097837,0.3078878685389398,-0.25391260650803377,-0.06199999999999964,False
40.0,50.0,-10.0,True,False,False,blocked_by_current_surrogate_collision_geometry,ur10e_bed_intersection;ur10e_human_intersection,,ur10e_bed_intersection;ur10e_human_intersection,-3.469446951953614e-18,0.21622980723805624,0.20324300449955895,38.92970441270974,-0.5104765859214941,38.92970441270974,-0.5104765859214941,103.10045146163385,5.008205915886092,103.10045146163385,5.008205915886092,96.89954853836615,2,5.678568535245577,2,True,8.083638885223141e-16,92.11498170703275,0.3074650482054102,6.067696657812137,0.32696297101417904,-0.27565622259303174,-0.062,False
40.0,60.0,-20.0,True,False,False,blocked_by_current_surrogate_collision_geometry,ur10e_bed_intersection;ur10e_human_intersection,,ur10e_bed_intersection;ur10e_human_intersection,-3.469446951953614e-18,0.14875305828066027,0.13577905181155303,38.586497063288405,1.5780600154941578,38.586497063288405,1.5780600154941578,102.80394311585793,3.787102894297803,102.80394311585793,3.787102894297803,97.19605688414207,2,5.518240601746307,2,True,3.623386283716412e-15,95.19103096758951,0.29834409317913757,6.317267484676075,0.3523580756021768,-0.2875417465789506,-0.062000000000000444,False
40.0,70.0,-30.0,True,False,False,blocked_by_current_surrogate_collision_geometry,ur10e_bed_intersection;ur10e_human_intersection,,ur10e_bed_intersection;ur10e_human_intersection,-3.469446951953614e-18,0.0854410509198553,0.0724790509198553,38.02608353818782,3.883802792589079,38.02608353818782,3.883802792589079,103.14280689296031,2.874686801233017,103.14280689296031,2.874686801233017,96.85719310703969,2,5.3605728191069195,2,True,1.7248188222053916e-14,99.29862189640205,0.2877890005333716,6.642441945905414,0.38377916981527166,-0.28962031768877267,-0.06200000000000329,False
40.0,80.0,-40.0,True,False,False,blocked_by_current_surrogate_collision_geometry,ur10e_bed_intersection;ur10e_human_intersection,,ur10e_bed_intersection;ur10e_human_intersection,-3.469446951953614e-18,0.028217488461877768,0.01526634032021396,37.26549171878521,6.389723863986016,37.26549171878521,6.389723863986016,104.21123398475925,2.141243443281674,104.21123398475925,2.141243443281674,95.78876601524075,2,5.212949526690842,2,True,7.051891782182069e-14,104.10178118957865,0.2765783306885867,7.014175390303847,0.42083447778716326,-0.28260804228346287,-0.06200000000002727,False
40.0,85.0,-45.0,True,False,False,geometric_or_robotic_infeasible,human_or_sleeve_bed_penetration;ur10e_bed_intersection;ur10e_human_intersection,human_or_sleeve_bed_penetration,ur10e_bed_intersection;ur10e_human_intersection,-3.469446951953614e-18,0.002440937291534436,-0.01050532259309533,36.81713131874348,7.7107488900249175,36.81713131874348,7.7107488900249175,105.02325763762754,1.8127536380881724,105.02325763762754,1.8127536380881724,94.97674236237246,2,5.144657389703344,2,True,6.281355127789889e-16,106.62812201131676,0.2709526107742253,7.210232448760043,0.4412007927540669,-0.27612575696130015,-0.061999999999999895,False
40.0,90.0,-50.0,True,False,False,geometric_or_robotic_infeasible,human_or_sleeve_bed_penetration;ur10e_bed_intersection;ur10e_human_intersection,human_or_sleeve_bed_penetration,ur10e_bed_intersection;ur10e_human_intersection,-3.469446951953614e-18,-0.02117892010450634,-0.03412070072682932,36.32783180263511,9.072713032130446,36.32783180263511,9.072713032130446,106.02113369811832,1.4972655773516999,106.02113369811832,1.4972655773516999,93.97886630188168,2,5.080735055595353,2,True,7.492548584372568e-16,109.15522034086135,0.2653594955760703,7.411554489097086,0.46258017545477187,-0.26801192090531456,-0.062000000000000235,False
40.0,95.0,-55.0,True,False,False,geometric_or_robotic_infeasible,human_or_sleeve_bed_penetration;ur10e_self_collision;ur10e_bed_intersection;ur10e_human_intersection,human_or_sleeve_bed_penetration;ur10e_self_collision,ur10e_bed_intersection;ur10e_human_intersection,-3.469446951953614e-18,-0.042462322349401116,-0.05540006679403514,35.80131703522483,10.471892425537899,35.80131703522483,10.471892425537899,107.20671745068371,1.1862149578287233,107.20671745068371,1.1862149578287233,92.79328254931629,2,5.021556664502248,2,True,7.122514144681971e-16,111.62301808044832,0.25975498374432177,7.619586927286109,0.4847935733309591,-0.2586042704769963,-0.06199999999999957,True
40.0,100.0,-60.0,True,True,False,geometric_or_robotic_infeasible,human_or_sleeve_bed_penetration;ur10e_self_collision;ur10e_bed_intersection;ur10e_human_intersection,human_or_sleeve_bed_penetration;ur10e_self_collision,ur10e_bed_intersection;ur10e_human_intersection,-3.469446951953614e-18,-0.06124728990079642,-0.07418147197010877,35.24159411181092,36.90427911551213,35.24159411181092,11.904279974948967,176.43561142195034,4.49660887924729,108.58375459710913,0.8710640928332556,91.41624540289087,2,4.96738872351525,2,True,5.361756635006909e-16,113.98308711117494,0.25404760211852034,7.837761648137404,0.5076719738056341,-0.2482656404764152,-0.062000000000000124,True
40.0,105.0,-65.0,False,True,True,geometric_or_robotic_infeasible,human_or_sleeve_bed_penetration;ur10e_self_collision;ur10e_bed_intersection;ur10e_human_intersection,human_or_sleeve_bed_penetration;ur10e_self_collision,ur10e_bed_intersection;ur10e_human_intersection,-3.469446951953614e-18,-0.07739085781295257,-0.09032197842113775,34.652922861810524,213.3656124131996,34.652922861810524,13.36561585094654,683.0593276079228,28.03367287991892,110.15820597331228,0.542790073041127,89.84179402668772,2,4.918395680109573,2,True,7.613986391598836e-16,116.20920456684408,0.24814369502411424,8.070333198423699,0.5310805717908532,-0.23732577451747214,-0.06200000000000001,True
40.0,110.0,-70.0,False,True,True,geometric_or_robotic_infeasible,human_or_sleeve_bed_penetration;ur10e_self_collision;ur10e_bed_intersection;ur10e_human_intersection,human_or_sleeve_bed_penetration;ur10e_self_collision,ur10e_bed_intersection;ur10e_human_intersection,-3.469446951953614e-18,-0.09077016378630537,-0.10369874714712561,34.03978342888555,689.8514121749372,34.03978342888555,14.851419909868582,2028.589740302598,88.78503518457086,111.93832664206214,0.1913208633537882,88.06167335793786,2,4.874644952945597,2,True,9.605857383173544e-16,118.30558492893785,0.24198141424801917,8.32126109389026,0.5549369244076803,-0.226010329114583,-0.062,True
40.0,115.0,-75.0,False,True,True,geometric_or_robotic_infeasible,human_or_sleeve_bed_penetration;ur10e_self_collision;ur10e_bed_intersection;ur10e_human_intersection,human_or_sleeve_bed_penetration;ur10e_self_collision,ur10e_bed_intersection;ur10e_human_intersection,-3.469446951953614e-18,-0.10128338322375169,-0.11420997286095373,33.40684217434426,1616.3570120394163,33.40684217434426,16.35702579040708,4565.700959721939,201.85547374403941,113.93441765475632,0.19513092186269942,86.06558234524368,2,4.836111514448214,2,True,9.109191345814144e-16,120.3080819488348,0.23552169009470605,8.594349272448666,0.5792142303416016,-0.214385436737734,-0.061999999999999736,True
40.0,120.0,-80.0,False,True,True,geometric_or_robotic_infeasible,human_or_sleeve_bed_penetration;ur10e_self_collision;ur10e_bed_intersection;ur10e_human_intersection,human_or_sleeve_bed_penetration;ur10e_self_collision,ur10e_bed_intersection;ur10e_human_intersection,-3.469446951953614e-18,-0.10885050417731723,-0.12177565878808826,32.758916163314126,3142.87759494151,32.758916163314126,17.877616427434532,8624.533336676677,382.0911271681567,116.15802289857018,0.6308928855702601,83.84197710142982,2,4.802682348418671,2,True,8.520647389283736e-16,122.27614139728732,0.22871512230951774,8.894461612921804,0.6039246872822455,-0.2023458990201598,-0.062000000000000124,True
50.0,0.0,50.0,True,True,False,blocked_by_current_surrogate_collision_geometry,ur10e_bed_intersection;ur10e_human_intersection,,ur10e_bed_intersection;ur10e_human_intersection,-3.469446951953614e-18,0.33966949630981913,0.5723276925069855,33.997674030137375,-31.635249376381843,33.997674030137375,-6.635250235818521,5.407490967211543,29.684853904364118,62.63144065720325,15.954908306184173,137.36855934279674,2,6.169634583621034,1,True,3.775232346663451e-15,106.52631281850553,0.2657863632095087,7.7853990600122955,0.3936208222054763,-0.005928772209589185,-0.06199999999999954,False
50.0,10.0,40.0,True,False,False,blocked_by_current_surrogate_collision_geometry,ur10e_bed_intersection;ur10e_human_intersection,,ur10e_bed_intersection;ur10e_human_intersection,-3.469446951953614e-18,0.33966949630981913,0.5328011981345372,34.93533394628748,-5.827580899974291,34.93533394628748,-5.827580899974291,76.55318789316853,15.477171345700796,76.55318789316853,15.477171345700796,123.44681210683147,2,6.145682553661345,2,True,6.445826384505301e-16,102.51340908915716,0.28383364871768013,7.132656817722098,0.30978294938188133,-0.046034100569459536,-0.06199999999999978,False
50.0,20.0,30.0,True,False,False,blocked_by_current_surrogate_collision_geometry,ur10e_bed_intersection;ur10e_human_intersection,,ur10e_bed_intersection;ur10e_human_intersection,-3.469446951953614e-18,0.33966949630981913,0.48701149630981916,35.695925765690085,-4.8428434673825675,35.695925765690085,-4.8428434673825675,91.09770023525122,11.994220756167467,91.09770023525122,11.994220756167467,108.90229976474878,2,6.0763343061452,2,True,5.031376008927609e-16,98.95975150384834,0.2972005531667451,6.655357844291838,0.26802877236022005,-0.0899719536009704,-0.06199999999999996,False
50.0,30.0,20.0,True,False,False,blocked_by_current_surrogate_collision_geometry,ur10e_bed_intersection;ur10e_human_intersection,,ur10e_bed_intersection;ur10e_human_intersection,-3.469446951953614e-18,0.33966949630981913,0.4363498839520679,36.25633929079068,-3.6579277404888293,36.25633929079068,-3.6579277404888293,96.2821227039797,8.675673374557636,96.2821227039797,8.675673374557636,103.7178772960203,2,5.968544349857617,2,True,3.376571072952295e-16,96.3658976631191,0.30429088821915645,6.353869026082479,0.26301331313743176,-0.13367867600412534,-0.06199999999999982,False
50.0,40.0,10.0,True,False,False,blocked_by_current_surrogate_collision_geometry,ur10e_bed_intersection;ur10e_human_intersection,,ur10e_bed_intersection;ur10e_human_intersection,-3.469446951953614e-18,0.33966949630981913,0.382355688516761,36.599546640212004,-2.2558058379158243,36.599546640212004,-2.2558058379158243,96.97839158909997,6.298233545051445,96.97839158909997,6.298233545051445,103.02160841090003,2,5.832248582842958,2,True,7.238721478389598e-16,95.04408139229216,0.3058899602731735,6.202280997419085,0.2742331874506115,-0.1733452385031636,-0.062,False
50.0,50.0,0.0,True,False,False,blocked_by_current_surrogate_collision_geometry,ur10e_bed_intersection;ur10e_human_intersection,,ur10e_bed_intersection;ur10e_human_intersection,-3.469446951953614e-18,0.33966949630981913,0.3266694963098191,36.71511963231319,-0.6260495780226822,36.71511963231319,-0.6260495780226822,96.64083292209622,4.667534983133529,96.64083292209622,4.667534983133529,103.35916707790378,2,5.678568535245574,2,True,3.8880075788748255e-16,95.15400615456048,0.3031858101153397,6.191615703381242,0.2924302862714474,-0.2058403095915985,-0.062000000000000194,False
50.0,60.0,-10.0,True,False,False,blocked_by_current_surrogate_collision_geometry,ur10e_bed_intersection;ur10e_human_intersection,,ur10e_bed_intersection;ur10e_human_intersection,-3.469446951953614e-18,0.27007825262802015,0.25709144988952287,36.599546640212004,1.2348526660728343,36.599546640212004,1.2348526660728343,96.55608012321201,3.5149062011472325,96.55608012321201,3.5149062011472325,103.44391987678799,2,5.518240601746302,2,True,2.07689129192394e-15,96.72615861132992,0.29712066786405544,6.318209862850269,0.3153933629551213,-0.2289963111891398,-0.06199999999999986,False
50.0,70.0,-20.0,True,False,False,blocked_by_current_surrogate_collision_geometry,ur10e_bed_intersection;ur10e_human_intersection,,ur10e_bed_intersection;ur10e_human_intersection,-3.469446951953614e-18,0.20260150367062418,0.1896274972015169,36.25633929079068,3.323389267488487,36.25633929079068,3.323389267488487,97.10611438328422,2.651853872574569,97.10611438328422,2.651853872574569,102.89388561671578,2,5.360572819106919,2,True,1.473056682079917e-14,99.67344564184657,0.28837773916738707,6.564551745996266,0.34330740709657415,-0.24168290552823593,-0.06199999999999607,False
50.0,80.0,-30.0,True,False,False,blocked_by_current_surrogate_collision_geometry,ur10e_bed_intersection;ur10e_human_intersection,,ur10e_bed_intersection;ur10e_human_intersection,-3.469446951953614e-18,0.13928949630981913,0.12632749630981915,35.695925765690085,5.62913204458341,35.695925765690085,5.62913204458341,98.37481650776807,1.9559283407043704,98.37481650776807,1.9559283407043704,101.62518349223193,2,5.212949526690842,2,True,4.22253750467374e-16,103.79682257627347,0.277525348247332,6.906626732026187,0.37667777829326055,-0.24368427761475872,-0.06199999999999996,False
50.0,85.0,-35.0,True,False,False,blocked_by_current_surrogate_collision_geometry,ur10e_bed_intersection;ur10e_human_intersection,,ur10e_bed_intersection;ur10e_human_intersection,-3.469446951953614e-18,0.10980300367777387,0.09684659548693657,35.33934293689086,6.8583794993798035,35.33934293689086,6.8583794993798035,99.2812325365024,1.643343116412905,99.2812325365024,1.643343116412905,100.7187674634976,2,5.144657389703341,2,True,2.776982781388272e-16,106.20700121442475,0.2714708382310326,7.108017551028588,0.3954460586216539,-0.24083041563587035,-0.062000000000000006,False
50.0,90.0,-40.0,True,False,False,blocked_by_current_surrogate_collision_geometry,ur10e_bed_intersection;ur10e_human_intersection,,ur10e_bed_intersection;ur10e_human_intersection,-3.469446951953614e-18,0.08206593385184163,0.06911478571017783,34.93533394628748,8.135053115980345,34.93533394628748,8.135053115980345,100.36890997611876,1.342524001073236,100.36890997611876,1.342524001073236,99.63109002388124,2,5.080735055595353,2,True,6.269928239433089e-16,108.7866493662774,0.2650630182086692,7.328490320654232,0.4155393845273927,-0.23559261982362537,-0.061999999999999805,False
50.0,95.0,-45.0,True,False,False,blocked_by_current_surrogate_collision_geometry,ur10e_bed_intersection;ur10e_human_intersection,,ur10e_bed_intersection;ur10e_human_intersection,-3.469446951953614e-18,0.0562893826814983,0.04334312279686853,34.48697354624574,9.456078142019248,34.48697354624574,9.456078142019248,101.6390361249618,1.0453520827217129,101.6390361249618,1.0453520827217129,98.3609638750382,2,5.021556664502247,2,True,2.637771134652392e-16,111.48172268012048,0.25832058545724357,7.568838075479154,0.4368605520422874,-0.22818476104072963,-0.06200000000000006,False
50.0,100.0,-50.0,True,True,False,blocked_by_current_surrogate_collision_geometry,ur10e_bed_intersection;ur10e_human_intersection,,ur10e_bed_intersection;ur10e_human_intersection,-3.469446951953614e-18,0.032669525285457524,0.019727744663134542,33.997674030137375,35.81804142468794,33.997674030137375,10.818042284124775,170.82429933047933,4.369270766069735,103.0945238154012,0.7437259796557004,96.9054761845988,2,4.967388723515247,2,True,3.033150065463241e-16,114.23588244406098,0.25123112773227907,7.8315368159278185,0.4592838347710848,-0.2188820685702835,-0.06199999999999993,False
50.0,105.0,-55.0,False,True,True,geometric_or_robotic_infeasible,human_or_sleeve_bed_penetration;ur10e_self_collision;ur10e_bed_intersection;ur10e_human_intersection,human_or_sleeve_bed_penetration;ur10e_self_collision,ur10e_bed_intersection;ur10e_human_intersection,-3.469446951953614e-18,0.011386123040562742,-0.001551621404071276,33.47115926272709,212.21721823978532,33.47115926272709,12.217221677532251,677.7717483399749,27.91996283858683,104.74026875801529,0.4290800317090392,95.25973124198471,2,4.918395680109572,2,True,3.2373049469211587e-16,116.99579963295594,0.24376118753337558,8.120683756167615,0.4826699559820609,-0.20800802449089337,-0.06200000000000003,True
50.0,110.0,-60.0,False,True,True,geometric_or_robotic_infeasible,human_or_sleeve_bed_penetration;ur10e_self_collision;ur10e_bed_intersection;ur10e_human_intersection,human_or_sleeve_bed_penetration;ur10e_self_collision,ur10e_bed_intersection;ur10e_human_intersection,-3.469446951953614e-18,-0.007398844510832562,-0.020333026580144905,32.911436339313184,688.6496014920119,32.911436339313184,13.649609226943312,2023.4778016266973,88.68556917763388,106.58315841642286,0.09185485641681534,93.41684158357714,2,4.874644952945599,2,True,4.0123515141208856e-16,119.71881319128258,0.2358797124339982,8.441453111717264,0.5068837552913231,-0.19590056907993206,-0.06200000000000004,True
50.0,115.0,-65.0,False,True,True,geometric_or_robotic_infeasible,human_or_sleeve_bed_penetration;ur10e_self_collision;ur10e_bed_intersection;ur10e_human_intersection,human_or_sleeve_bed_penetration;ur10e_self_collision,ur10e_bed_intersection;ur10e_human_intersection,-3.469446951953614e-18,-0.023542412422988716,-0.0364735330311739,32.32276508931279,1615.11093135195,32.32276508931279,15.110945102940832,4560.689851909112,201.77147879494217,108.6317492433219,0.27912587095994884,91.3682507566781,2,4.836111514448215,2,True,3.7771874705304934e-16,122.38161476160244,0.2275766821802618,8.799508860660552,0.5318099576534686,-0.18285771746122442,-0.06199999999999996,True
50.0,120.0,-70.0,False,True,True,geometric_or_robotic_infeasible,human_or_sleeve_bed_penetration;ur10e_self_collision;ur10e_bed_intersection;ur10e_human_intersection,human_or_sleeve_bed_penetration;ur10e_self_collision,ur10e_bed_intersection;ur10e_human_intersection,-3.469446951953614e-18,-0.03692171839634151,-0.049850301757161763,31.709625656387814,3141.5967276759384,31.709625656387814,16.596749161863045,8619.603352312362,382.02459682002643,110.89539006382839,0.6974232337004885,89.10460993617161,2,4.802682348418666,2,True,7.263653665009367e-16,124.98711493922518,0.2188553295077209,9.201259530206295,0.557360080962531,-0.1690748558215814,-0.06200000000000039,True
60.0,0.0,60.0,True,True,False,blocked_by_current_surrogate_collision_geometry,ur10e_human_intersection,,ur10e_human_intersection,-3.469446951953614e-18,0.38334917840534555,0.6480696689925545,29.93549347737882,-30.549011685557655,29.93549347737882,-5.5490125449943335,1.4043174514256482,31.055526521207682,55.81963223856561,14.584235689340431,144.18036776143438,2,6.169634583621041,1,True,2.6731572307360365e-16,119.59350494715949,0.2258342310389754,9.423559111077118,0.37448379787448344,0.0010000000000000286,-0.06199999999999996,False
60.0,10.0,50.0,True,False,False,blocked_by_current_surrogate_collision_geometry,ur10e_human_intersection,,ur10e_human_intersection,-3.469446951953614e-18,0.38334917840534555,0.6160073746025119,31.021731168203008,-4.88992098382419,31.021731168203008,-4.88992098382419,69.08514457627382,14.191407277574113,69.08514457627382,14.191407277574113,130.91485542372618,2,6.145682553661342,2,True,3.6595966936850826e-16,115.04795647982701,0.24303151613803514,8.583647684821212,0.2805567017749806,0.000999999999999987,-0.06199999999999971,False
60.0,20.0,40.0,True,False,False,blocked_by_current_surrogate_collision_geometry,ur10e_human_intersection,,ur10e_human_intersection,-3.469446951953614e-18,0.38334917840534555,0.5764808802300636,31.95939108435311,-4.082251647979962,31.95939108435311,-4.082251647979962,82.87240997754395,11.021674901077931,82.87240997754395,11.021674901077931,117.12759002245605,2,6.0763343061452,2,True,4.240670056264924e-15,110.46108376480292,0.26066725585608913,7.829663471718992,0.23366132107206697,0.000999999999999987,-0.062000000000001755,False
60.0,30.0,30.0,True,False,False,blocked_by_current_surrogate_collision_geometry,ur10e_bed_intersection;ur10e_human_intersection,,ur10e_bed_intersection;ur10e_human_intersection,-3.469446951953614e-18,0.38334917840534555,0.5306911784053454,32.719982903755714,-3.0975142153882382,32.719982903755714,-3.0975142153882382,87.9373510330331,7.9836574849773925,87.9373510330331,7.9836574849773925,112.0626489669669,2,5.968544349857615,2,True,2.703741728637698e-15,106.43059388446751,0.27494097565381403,7.254075909902496,0.22807471430985576,-0.03800925945604412,-0.06200000000000115,False
60.0,40.0,20.0,True,False,False,blocked_by_current_surrogate_collision_geometry,ur10e_bed_intersection;ur10e_human_intersection,,ur10e_bed_intersection;ur10e_human_intersection,-3.469446951953614e-18,0.38334917840534555,0.4800295660475942,33.28039642885631,-1.9125984884945009,33.28039642885631,-1.9125984884945009,88.82815086241473,5.8002853589402505,88.82815086241473,5.8002853589402505,111.17184913758527,2,5.832248582842967,2,True,4.3504755709159185e-16,103.4401625502815,0.283933139959787,6.868371458911775,0.2400762134709879,-0.08257139847492576,-0.06200000000000012,False
60.0,50.0,10.0,True,False,False,blocked_by_current_surrogate_collision_geometry,ur10e_bed_intersection;ur10e_human_intersection,,ur10e_bed_intersection;ur10e_human_intersection,-3.469446951953614e-18,0.38334917840534555,0.4260353706122874,33.623603778277634,-0.5104765859214941,33.623603778277634,-0.5104765859214941,88.76170609424098,4.298756853607622,88.76170609424098,4.298756853607622,111.23829390575902,2,5.678568535245574,2,True,5.629855171836415e-16,101.80700580963376,0.28748336973587996,6.657706871888647,0.25841970546979376,-0.12284750137825481,-0.061999999999999784,False
60.0,60.0,0.0,True,False,False,blocked_by_current_surrogate_collision_geometry,ur10e_bed_intersection;ur10e_human_intersection,,ur10e_bed_intersection;ur10e_human_intersection,-3.469446951953614e-18,0.38334917840534555,0.37034917840534554,33.73917677037882,1.1192796739716462,33.73917677037882,1.1192796739716462,88.94060684039478,3.2345873826225455,88.94060684039478,3.2345873826225455,111.05939315960522,2,5.518240601746301,2,True,2.9182533865924387e-16,101.7040859701682,0.28620474672653706,6.613958197759639,0.2800677704881153,-0.15574414581394683,-0.06199999999999997,False
60.0,70.0,-10.0,True,False,False,blocked_by_current_surrogate_collision_geometry,ur10e_bed_intersection;ur10e_human_intersection,,ur10e_bed_intersection;ur10e_human_intersection,-3.469446951953614e-18,0.3137579347235465,0.30077113198504923,33.623603778277634,2.9801819180671636,33.623603778277634,2.9801819180671636,89.72409880006762,2.435396007738676,89.72409880006762,2.435396007738676,110.27590119993238,2,5.360572819106919,2,True,1.1977664592615205e-15,103.1800696486871,0.280814548754608,6.732292830634692,0.305141477408546,-0.17895405268159248,-0.0620000000000004,False
60.0,80.0,-20.0,True,False,False,blocked_by_current_surrogate_collision_geometry,ur10e_bed_intersection;ur10e_human_intersection,,ur10e_bed_intersection;ur10e_human_intersection,-3.469446951953614e-18,0.2462811857661505,0.2333071792970433,33.28039642885631,5.068718519482819,33.28039642885631,5.068718519482819,91.19162186105775,1.7888285456314164,91.19162186105775,1.7888285456314164,108.80837813894225,2,5.212949526690844,2,True,1.3283773355311273e-14,106.17064461344276,0.27188224762564867,6.9997445041247275,0.33460639189130464,-0.19110051570930345,-0.06200000000000076,False
60.0,85.0,-25.0,True,False,False,blocked_by_current_surrogate_collision_geometry,ur10e_bed_intersection;ur10e_human_intersection,,ur10e_bed_intersection;ur10e_human_intersection,-3.469446951953614e-18,0.2139806838301428,0.20101280281803507,33.026425760113035,6.195353814223258,33.026425760113035,6.195353814223258,92.18415486526058,1.4976619020864492,92.18415486526058,1.4976619020864492,107.81584513473942,2,5.144657389703343,2,True,4.3577444884581245e-16,108.18485836031158,0.26621463034907356,7.18531724766729,0.3512573296052157,-0.19284371839439332,-0.06200000000000012,False
60.0,90.0,-30.0,True,False,False,blocked_by_current_surrogate_collision_geometry,ur10e_bed_intersection;ur10e_human_intersection,,ur10e_bed_intersection;ur10e_human_intersection,-3.469446951953614e-18,0.18296917840534555,0.17000717840534554,32.719982903755714,7.374461296577739,32.719982903755714,7.374461296577739,93.34880323506759,1.2170038897709388,93.34880323506759,1.2170038897709388,106.65119676493241,2,5.0807350555953485,2,True,7.745708555953519e-16,110.50628996062962,0.2597890907456783,7.4052519324325905,0.36926697582541745,-0.19170955672682888,-0.06199999999999961,False
60.0,95.0,-35.0,True,False,False,blocked_by_current_surrogate_collision_geometry,ur10e_bed_intersection;ur10e_human_intersection,,ur10e_bed_intersection;ur10e_human_intersection,-3.469446951953614e-18,0.1534826857733002,0.14052627758246292,32.36340007495649,8.603708751374134,32.36340007495649,8.603708751374134,94.6863076502772,0.9393520602733219,94.6863076502772,0.9393520602733219,105.3136923497228,2,5.02155666450225,2,True,7.853444389743675e-16,113.09851369872614,0.25261894649800615,7.6614851132192445,0.3886426278428525,-0.18777046349978507,-0.06199999999999951,False
60.0,100.0,-40.0,True,True,False,blocked_by_current_surrogate_collision_geometry,ur10e_bed_intersection;ur10e_human_intersection,,ur10e_bed_intersection;ur10e_human_intersection,-3.469446951953614e-18,0.12574561594736805,0.11279446780570425,31.95939108435311,34.88038150853784,31.95939108435311,9.880382367974672,164.034669057493,4.28275891142064,96.19887718346621,0.6572141250066059,103.80112281653379,2,4.967388723515244,2,True,1.4521305977312728e-15,115.92001053967815,0.24469946222561811,7.9581170708243665,0.4093493129417647,-0.18115378301183463,-0.06200000000000008,False
60.0,105.0,-45.0,False,True,True,blocked_by_current_surrogate_collision_geometry,ur10e_bed_intersection;ur10e_human_intersection,,ur10e_bed_intersection;ur10e_human_intersection,-3.469446951953614e-18,0.09996906477702472,0.0870228048923949,31.51103068431137,211.20140395626666,31.51103068431137,11.201407394013586,671.6244420447355,27.853550356481662,97.89039635397025,0.3626675496038781,102.10960364602975,2,4.918395680109574,2,True,1.5419416471974469e-15,118.92576777523472,0.23600968790570281,8.301806748814682,0.43131442919287893,-0.17204305706374026,-0.06199999999999989,False
60.0,110.0,-50.0,False,True,True,blocked_by_current_surrogate_collision_geometry,ur10e_bed_intersection;ur10e_human_intersection,,ur10e_bed_intersection;ur10e_human_intersection,-3.469446951953614e-18,0.07634920738098389,0.06340742675866091,31.021731168203008,687.5633638011877,31.021731168203008,12.56337153611912,2017.5782281528961,88.64059117473798,99.76638597179826,0.04687685352088411,100.23361402820174,2,4.874644952945592,2,True,2.3163675352723497e-15,122.07031721703639,0.22652181784002481,8.702083009149819,0.45443575185816465,-0.16067284846388843,-0.06200000000000057,False
60.0,115.0,-55.0,False,True,True,geometric_or_robotic_infeasible,ur10e_self_collision;ur10e_bed_intersection;ur10e_human_intersection,ur10e_self_collision,ur10e_bed_intersection;ur10e_human_intersection,-3.469446951953614e-18,0.05506580513608916,0.04212806069145514,30.49521640079272,1613.9625371785357,30.49521640079272,13.962550929526515,4554.90644456003,201.750132401273,101.83363836603905,0.30047226462914867,98.16636163396095,2,4.836111514448213,2,True,2.02357188814322e-15,125.31271635800086,0.21621617078977748,9.17158514045787,0.4785911550721549,-0.14731041704965112,-0.06200000000000053,True
60.0,120.0,-60.0,False,True,True,geometric_or_robotic_infeasible,ur10e_self_collision;ur10e_bed_intersection;ur10e_human_intersection,ur10e_self_collision,ur10e_bed_intersection;ur10e_human_intersection,-3.469446951953614e-18,0.036280837584693915,0.023346655515381568,29.93549347737882,3140.394916993013,29.93549347737882,15.394938478937547,8613.9003325845,382.0301539555878,104.09931950876988,0.6918660981390999,95.90068049123012,2,4.802682348418668,2,True,3.66889081262771e-15,128.6235278052423,0.2050908159146108,9.726625864843001,0.5036466525101884,-0.13221900805988893,-0.06200000000000071,True
70.0,0.0,70.0,True,True,False,blocked_by_current_surrogate_collision_geometry,ur10e_human_intersection,,ur10e_human_intersection,-3.469446951953614e-18,0.4155329121689476,0.7038773005730559,25.255408307185185,-29.347201002632275,25.255408307185185,-4.347201862068953,9.365941895823031,32.7253463893854,47.85800779416842,12.9144158211629,152.14199220583157,2,6.169634583621035,1,True,4.176680355042434e-16,136.8601419595881,0.16897073771492996,12.935182770665804,0.35366371248366096,0.000999999999999987,-0.06200000000000028,False
70.0,10.0,60.0,True,False,False,blocked_by_current_surrogate_collision_geometry,ur10e_human_intersection,,ur10e_human_intersection,-3.469446951953614e-18,0.4155329121689476,0.6802534027561564,26.45721899011056,-3.803683293000001,26.45721899011056,-3.803683293000001,60.35522405293452,12.680196199828027,60.35522405293452,12.680196199828027,139.64477594706548,2,6.145682553661349,2,True,1.4984910925751944e-14,131.06827363876414,0.1896549051055691,11.318513419023013,0.25561157253500744,0.000999999999999987,-0.06200000000000593,False
70.0,20.0,50.0,True,False,False,blocked_by_current_surrogate_collision_geometry,ur10e_human_intersection,,ur10e_human_intersection,-3.469446951953614e-18,0.4155329121689476,0.6481911083661139,27.54345668093475,-3.144591731829861,27.54345668093475,-3.144591731829861,73.36271083337519,9.915547839728518,73.36271083337519,9.915547839728518,126.63728916662481,2,6.0763343061452,2,True,2.0473505742329222e-15,125.36083433959256,0.2105504454140784,9.9916075051596,0.20516163180660635,0.000999999999999987,-0.06200000000000132,False
70.0,30.0,40.0,True,False,False,blocked_by_current_surrogate_collision_geometry,ur10e_human_intersection,,ur10e_human_intersection,-3.469446951953614e-18,0.4155329121689476,0.6086646139936657,28.48111659708485,-2.3369223959856322,28.48111659708485,-2.3369223959856322,78.40007890394315,7.221448055441224,78.40007890394315,7.221448055441224,121.59992109605685,2,5.968544349857616,2,True,7.320161208166911e-16,119.96683678700003,0.23035197419088563,8.935032825772927,0.1979878400222451,0.000999999999999987,-0.06199999999999938,False
70.0,40.0,30.0,True,False,False,blocked_by_current_surrogate_collision_geometry,ur10e_human_intersection,,ur10e_human_intersection,-3.469446951953614e-18,0.4155329121689476,0.5628749121689476,29.24170841648746,-1.352184963393909,29.24170841648746,-1.352184963393909,79.58088801325685,5.269821767937861,79.58088801325685,5.269821767937861,120.41911198674315,2,5.832248582842963,2,True,4.423584039173751e-16,115.36861875719265,0.24657358718078295,8.158997266885034,0.20950384543709022,0.000999999999999987,-0.06200000000000011,False
70.0,50.0,20.0,True,False,False,blocked_by_current_surrogate_collision_geometry,ur10e_bed_intersection;ur10e_human_intersection,,ur10e_bed_intersection;ur10e_human_intersection,-3.469446951953614e-18,0.4155329121689476,0.5122132998111962,29.802121941588048,-0.16726923650017067,29.802121941588048,-0.16726923650017067,79.84881084609383,3.920167135604501,79.84881084609383,3.920167135604501,120.15118915390617,2,5.678568535245574,2,True,3.056514252592861e-16,111.9901595420008,0.257541628665527,7.640991832950621,0.22737684662141053,-0.03181974658837071,-0.06199999999999987,False
70.0,60.0,10.0,True,False,False,blocked_by_current_surrogate_collision_geometry,ur10e_bed_intersection;ur10e_human_intersection,,ur10e_bed_intersection;ur10e_human_intersection,-3.469446951953614e-18,0.4155329121689476,0.4582191043758895,30.14532929100937,1.2348526660728343,30.14532929100937,1.2348526660728343,80.3219195247484,2.959229490615287,80.3219195247484,2.959229490615287,119.6780804752516,2,5.518240601746305,2,True,4.433709325741318e-16,110.12324036741309,0.2627682429167471,7.35184017174264,0.2477690805052285,-0.07207435824870358,-0.0619999999999996,False
70.0,70.0,0.0,True,False,False,blocked_by_current_surrogate_collision_geometry,ur10e_bed_intersection;ur10e_human_intersection,,ur10e_bed_intersection;ur10e_human_intersection,-3.469446951953614e-18,0.4155329121689476,0.4025329121689476,30.26090228311056,2.8646089259659755,30.26090228311056,2.8646089259659755,81.34352531261578,2.2346288632390747,81.34352531261578,2.2346288632390747,118.65647468738422,2,5.360572819106922,2,True,6.317229104906768e-16,109.93555131316674,0.26249409597272827,7.275984170229656,0.27036141159537286,-0.10433573622317119,-0.06200000000000008,False
70.0,80.0,-10.0,True,False,False,blocked_by_current_surrogate_collision_geometry,ur10e_bed_intersection;ur10e_human_intersection,,ur10e_bed_intersection;ur10e_human_intersection,-3.469446951953614e-18,0.3459416684871486,0.3329548657486513,30.14532929100937,4.725511170061495,30.14532929100937,4.725511170061495,82.99478190311707,1.6463083655823816,82.99478190311707,1.6463083655823816,117.00521809688293,2,5.2129495266908386,2,True,4.621022052171407e-16,111.48617651190213,0.25716430896249004,7.408554531859174,0.29608107764349245,-0.12627857894837743,-0.06200000000000001,False
70.0,85.0,-15.0,True,False,False,blocked_by_current_surrogate_collision_geometry,ur10e_bed_intersection;ur10e_human_intersection,,ur10e_bed_intersection;ur10e_human_intersection,-3.469446951953614e-18,0.3118085916536613,0.29882826190108913,30.001687552576456,5.741817534491575,30.001687552576456,5.741817534491575,84.05985957481317,1.3807701908460053,84.05985957481317,1.3807701908460053,115.94014042518683,2,5.144657389703343,2,True,3.3399253207351967e-16,112.90519951175838,0.2527146829290325,7.552439217369614,0.3104798690168514,-0.13286213787752152,-0.06200000000000007,False
70.0,90.0,-20.0,True,False,False,blocked_by_current_surrogate_collision_geometry,ur10e_bed_intersection;ur10e_human_intersection,,ur10e_bed_intersection;ur10e_human_intersection,-3.469446951953614e-18,0.27846491952975255,0.2654909130606454,29.802121941588045,6.814047771477148,29.802121941588045,6.814047771477148,85.28438374938308,1.124519108510486,85.28438374938308,1.124519108510486,114.71561625061692,2,5.080735055595352,2,True,3.462902380878906e-16,114.73817330191466,0.2471036199515732,7.7492694717055715,0.3260736581109402,-0.13634280866841333,-0.06199999999999992,False
70.0,95.0,-25.0,True,False,False,blocked_by_current_surrogate_collision_geometry,ur10e_bed_intersection;ur10e_human_intersection,,ur10e_bed_intersection;ur10e_human_intersection,-3.469446951953614e-18,0.24616441759374486,0.23319653658163714,29.548151272844773,7.940683066217587,29.548151272844773,7.940683066217587,86.66889966833905,0.8708019017688953,86.66889966833905,0.8708019017688953,113.33110033166095,2,5.021556664502248,2,True,4.487136640184905e-16,116.96786744449838,0.24032734617338064,8.002492995660164,0.3429518562258457,-0.13664574154765144,-0.06200000000000007,False
70.0,100.0,-30.0,True,True,False,blocked_by_current_surrogate_collision_geometry,ur10e_bed_intersection;ur10e_human_intersection,,ur10e_bed_intersection;ur10e_human_intersection,-3.469446951953614e-18,0.2151529121689476,0.20219091216894763,29.241708416487455,34.11978968913523,29.241708416487455,9.119790548572066,156.4049114965275,4.238414869423558,88.21508859502578,0.6128700830095236,111.78491140497422,2,4.967388723515245,2,True,2.202449641509982e-16,119.57328322953636,0.23235902074943438,8.318934049981547,0.36116552144564973,-0.13373941060971697,-0.06200000000000011,False
70.0,105.0,-35.0,False,True,True,blocked_by_current_surrogate_collision_geometry,ur10e_bed_intersection;ur10e_human_intersection,,ur10e_bed_intersection;ur10e_human_intersection,-3.469446951953614e-18,0.18566641953690227,0.17271001134606498,28.885125587688226,210.34903456562154,28.885125587688226,10.349038003368463,664.9070851577238,27.834472505535143,89.92594465942517,0.3435896986573531,110.07405534057483,2,4.918395680109569,2,True,5.073299538586182e-16,122.5308220176533,0.2231472963651372,8.710155331540845,0.38072405234231743,-0.12763268478940878,-0.06200000000000011,False
70.0,110.0,-40.0,False,True,True,blocked_by_current_surrogate_collision_geometry,ur10e_bed_intersection;ur10e_human_intersection,,ur10e_bed_intersection;ur10e_human_intersection,-3.469446951953614e-18,0.1579293497109701,0.1449782015693063,28.48111659708485,686.6257038850376,28.48111659708485,11.625711619969024,2011.1552016383837,88.64872911591746,91.80571215740548,0.055014794700367034,108.19428784259452,2,4.874644952945593,2,True,4.574715995935643e-16,125.81619197548247,0.2126171451852979,9.194352939470434,0.40159453931025657,-0.11837034244190611,-0.062000000000000055,False
70.0,115.0,-45.0,False,True,True,blocked_by_current_surrogate_collision_geometry,ur10e_bed_intersection;ur10e_human_intersection,,ur10e_bed_intersection;ur10e_human_intersection,-3.469446951953614e-18,0.13215279854062684,0.11920653865599702,28.032756197043113,1612.9467228950173,28.032756197043113,12.946736646008048,4548.604355065753,201.78849442846533,93.85951227527225,0.2621102374367795,106.14048772472775,2,4.836111514448213,2,True,2.0405965322578947e-16,129.4076510601769,0.2006733104876454,9.799341174533863,0.4237027992499281,-0.10602313686063067,-0.06200000000000006,False
70.0,120.0,-50.0,False,True,True,blocked_by_current_surrogate_collision_geometry,ur10e_bed_intersection;ur10e_human_intersection,,ur10e_bed_intersection;ur10e_human_intersection,-3.469446951953614e-18,0.108532941144586,0.09559116052226303,27.54345668093475,3139.308679302189,27.54345668093475,14.308700788113583,8607.671772379079,382.10306401765,96.09247429105582,0.6189560360768749,103.90752570894418,2,4.802682348418667,2,True,4.0289450297474443e-16,133.29152146604312,0.1872026534815485,10.567840013146668,0.4469341793021855,-0.0906654637133105,-0.0619999999999998,False
80.0,0.0,80.0,True,True,False,blocked_by_current_surrogate_collision_geometry,ur10e_human_intersection,,ur10e_human_intersection,-3.469446951953614e-18,0.43524281113597346,0.7380549006029403,45.15265062592124,-28.06633373706085,20.152651485358074,-3.06633459649753,39.10986286591368,13.960031959131655,39.109862865914096,11.039967181431853,160.8901371340859,2,6.169634583621034,1,True,9.708621224869571e-16,169.18076640371171,0.04446018051622256,49.76540113093198,0.32411288893969026,0.000999999999999987,-0.06199999999999997,False
80.0,10.0,70.0,True,True,False,blocked_by_current_surrogate_collision_geometry,ur10e_human_intersection,,ur10e_human_intersection,-3.469446951953614e-18,0.43524281113597346,0.7235871995400817,46.43351789149266,-2.601872610074624,21.433518750929498,-2.601872610074624,122.23098203569427,28.662512076731012,50.7886180423785,11.02686489986139,149.21138195762148,2,6.145682553661347,2,True,1.636082804594219e-16,151.12073244615195,0.1158988490262454,18.82703395310194,0.22704663971567446,0.000999999999999987,-0.06199999999999997,False
80.0,20.0,60.0,True,True,False,blocked_by_current_surrogate_collision_geometry,ur10e_human_intersection,,ur10e_human_intersection,-3.469446951953614e-18,0.43524281113597346,0.6999633017231823,47.63532857441804,-2.0583540410056713,22.635329433854874,-2.0583540410056713,144.76355043327635,20.919239245478636,63.04597368917046,8.735293730376064,136.95402631082953,2,6.076334306145198,2,True,6.125935690313512e-16,141.16214940053055,0.1524423659280269,14.087133796872878,0.17017351518425125,0.000999999999999987,-0.06199999999999941,False
80.0,30.0,50.0,True,True,False,blocked_by_current_surrogate_collision_geometry,ur10e_human_intersection,,ur10e_human_intersection,-3.469446951953614e-18,0.43524281113597346,0.6679010073331397,48.72156626524223,-1.3992624798355315,23.721567124679066,-1.3992624798355315,147.72285460435387,14.320999722948237,68.14617911474541,6.428945358742252,131.8538208852546,2,5.96854434985762,2,True,1.1008139815651015e-14,133.84754611687467,0.17786560492896963,11.863293289180781,0.15688221353047954,0.000999999999999987,-0.061999999999991354,False
80.0,40.0,40.0,True,True,False,blocked_by_current_surrogate_collision_geometry,ur10e_human_intersection,,ur10e_human_intersection,-3.469446951953614e-18,0.43524281113597346,0.6283745129606916,49.659226181392334,-0.5915931439913029,24.65922704082917,-0.5915931439913029,143.18605024747635,9.84985143896144,69.69058281976413,4.733812974613098,130.30941718023587,2,5.832248582842965,2,True,5.477844702749987e-15,128.20620117862876,0.19719246089615083,10.500398883386776,0.16457518724298592,0.0010000000000000286,-0.061999999999996745,False
80.0,50.0,30.0,True,True,False,blocked_by_current_surrogate_collision_geometry,ur10e_human_intersection,,ur10e_human_intersection,-3.469446951953614e-18,0.43524281113597346,0.5825848111359734,50.41981800079494,0.3931442886004213,25.419818860231775,0.3931442886004213,137.89163199075995,6.892969728238181,70.33157908190914,3.550359557571255,129.66842091809087,2,5.678568535245577,2,True,5.663319962001222e-16,123.97305737686051,0.2121756533032346,9.56882921489262,0.180709293289265,0.000999999999999987,-0.061999999999999736,False
80.0,60.0,20.0,True,True,False,blocked_by_current_surrogate_collision_geometry,ur10e_human_intersection,,ur10e_human_intersection,-3.469446951953614e-18,0.43524281113597346,0.5319231987782221,50.980231525895526,1.5780600154941586,25.98023238533236,1.5780600154941586,133.97895966786032,4.854143129352612,71.10780897416043,2.7017648417751197,128.89219102583957,2,5.518240601746307,2,True,7.0881057063712565e-16,121.13929263140699,0.2230662178659922,8.925737428165462,0.20066034912548986,0.000999999999999987,-0.0620000000000001,False
80.0,70.0,10.0,True,True,False,blocked_by_current_surrogate_collision_geometry,ur10e_bed_intersection;ur10e_human_intersection,,ur10e_bed_intersection;ur10e_human_intersection,-3.469446951953614e-18,0.43524281113597346,0.4779290033429154,51.32343887531685,2.9801819180671636,26.323439734753688,2.9801819180671636,131.90724201902168,3.3494741561811647,72.35480811279844,2.058391340991977,127.64519188720156,2,5.360572819106919,2,True,8.395928590106061e-16,119.78676026980034,0.22940533505509103,8.525080315889834,0.223213014323479,-0.024699087262861,-0.06200000000000018,False
80.0,80.0,0.0,True,True,False,blocked_by_current_surrogate_collision_geometry,ur10e_bed_intersection;ur10e_human_intersection,,ur10e_bed_intersection;ur10e_human_intersection,-3.469446951953614e-18,0.43524281113597346,0.42224281113597345,51.43901186741804,4.609938177960307,26.439012726854873,4.609938177960307,131.65805239653034,2.1407370111614754,74.16181740516876,1.5339852689122186,125.83818259483124,2,5.21294952669084,2,True,2.6003464683948436e-15,120.00224818808127,0.23054651117922967,8.361477896359096,0.24848050789460746,-0.050714376204481965,-0.06199999999999892,False
80.0,85.0,-5.0,True,True,False,blocked_by_current_surrogate_collision_geometry,ur10e_bed_intersection;ur10e_human_intersection,,ur10e_bed_intersection;ur10e_human_intersection,-3.469446951953614e-18,0.40031427567242195,0.3873208995088707,51.410063540831544,5.511551130543969,26.41006440026838,5.511551130543969,132.18536212683242,1.5956156479200452,75.28111212897213,1.2968534239457084,124.71888787102787,2,5.144657389703344,2,True,3.1214175955116606e-16,120.71628113766123,0.22898318799054104,8.373742703651473,0.26230525657110965,-0.06020632359792353,-0.062000000000000166,False
80.0,90.0,-10.0,True,True,False,blocked_by_current_surrogate_collision_geometry,ur10e_bed_intersection;ur10e_human_intersection,,ur10e_bed_intersection;ur10e_human_intersection,-3.469446951953614e-18,0.36565156745417443,0.35266476471567715,51.32343887531685,6.470840422055824,26.323439734753688,6.470840422055824,133.13410011254277,1.0678797605709214,76.54480576161832,1.067879760570921,123.45519423838168,2,5.080735055595344,2,True,5.316260350711336e-16,121.83946767134978,0.2259129009096606,8.454507989992253,0.27703069526225776,-0.06710429261965661,-0.062000000000000076,False
80.0,95.0,-15.0,True,True,False,blocked_by_current_surrogate_collision_geometry,ur10e_bed_intersection;ur10e_human_intersection,,ur10e_bed_intersection;ur10e_human_intersection,-3.469446951953614e-18,0.33151849062068717,0.318538160868115,51.17979713688394,7.487146786485904,26.179797996320776,7.487146786485904,134.4999056411299,0.5423884993540514,77.95352791202139,0.8411507233283887,122.04647208797861,2,5.021556664502249,2,True,3.6288016754408146e-16,123.37374183428659,0.2212761394655168,8.61073518824897,0.292729087697588,-0.07124820036293317,-0.06200000000000026,False
80.0,100.0,-20.0,True,True,False,blocked_by_current_surrogate_collision_geometry,ur10e_bed_intersection;ur10e_human_intersection,,ur10e_bed_intersection;ur10e_human_intersection,-3.469446951953614e-18,0.29817481849677846,0.28520081202767117,50.980231525895526,33.559376164034646,25.98023238533236,8.55937702347148,199.89807982715953,3.629547204303287,79.50865349396024,0.6107541601385099,120.49134650603976,2,4.967388723515248,2,True,6.543076029033301e-16,125.32151468691006,0.21500891522255416,8.852775791816402,0.30945851102619065,-0.07249378343684634,-0.06199999999999992,False
80.0,105.0,-25.0,False,True,True,blocked_by_current_surrogate_collision_geometry,ur10e_bed_intersection;ur10e_human_intersection,,ur10e_bed_intersection;ur10e_human_intersection,-3.469446951953614e-18,0.2658743165607707,0.252906435548663,50.726260857152255,209.686008880465,25.72626171658909,9.686012318211937,698.8729123462763,26.927515973923985,81.21247170643464,0.37044531198589803,118.78752829356536,2,4.918395680109571,2,True,1.879573538938488e-15,127.688258296684,0.207033333315505,9.196469114031856,0.3272579586151421,-0.07070052774083502,-0.06199999999999977,False
80.0,110.0,-30.0,False,True,True,blocked_by_current_surrogate_collision_geometry,ur10e_bed_intersection;ur10e_human_intersection,,ur10e_bed_intersection;ur10e_human_intersection,-3.469446951953614e-18,0.23486281113597346,0.22190081113597343,50.41981800079493,685.865112065635,25.419818860231768,10.86511980056639,2041.5866328958243,87.41591422493474,83.0681255749434,0.1132827189068475,116.9318744250566,2,4.874644952945595,2,True,8.308446083450943e-15,130.48634148300786,0.19724364692889237,9.666829961618445,0.34614316936860434,-0.06571187412452353,-0.062000000000002345,False
80.0,115.0,-35.0,False,True,True,blocked_by_current_surrogate_collision_geometry,ur10e_bed_intersection;ur10e_human_intersection,,ur10e_bed_intersection;ur10e_human_intersection,-3.469446951953614e-18,0.20537631850392823,0.1924199103130909,50.06323517199571,1612.094353504372,25.06323603143254,12.09436725536284,4577.385592431781,200.18999939414422,85.07926317355445,0.16879413410336938,114.92073682644555,2,4.836111514448217,2,True,2.3296854379329655e-14,133.7409316125326,0.1854838872692247,10.304897093041221,0.3661020143120528,-0.05732366827503513,-0.062000000000007466,False
80.0,120.0,-40.0,False,True,True,blocked_by_current_surrogate_collision_geometry,ur10e_bed_intersection;ur10e_human_intersection,,ur10e_bed_intersection;ur10e_human_intersection,-3.469446951953614e-18,0.17763924867799596,0.16468810053633215,49.659226181392334,3138.371019386039,24.65922704082917,13.371040871963487,8635.39536635499,380.0841676768553,87.2492440438071,0.485474089294213,112.7507559561929,2,4.802682348418669,2,True,1.6500726218721272e-13,137.49983225018948,0.17150861292258107,11.181768139693371,0.38708753316547684,-0.04523126185800194,-0.06200000000008038,False
85.0,0.0,85.0,False,True,True,geometric_or_robotic_infeasible,ur10e_full_pose_ik_unreachable,ur10e_full_pose_ik_unreachable,,-3.469446951953614e-18,0.4402175397023218,0.746681240265175,217.50746077502038,-27.4083540777142,17.507464212767303,-2.408354937150879,435.1288836689877,129.53567219955113,34.5612279701898,10.05732701204907,165.4387720298102,2,6.1696345836210345,1,False,0.04396330887325871,nan,nan,nan,nan,nan,nan,False
85.0,10.0,75.0,False,True,True,geometric_or_robotic_infeasible,ur10e_full_pose_ik_unreachable,ur10e_full_pose_ik_unreachable,,-3.469446951953614e-18,0.4402175397023218,0.7369744973800054,218.81336644539718,-1.9689313555333434,18.813369883144105,-1.9689313555333434,618.1540275567198,151.2593766724077,45.834223330091625,10.174196832374614,154.16577666990838,2,6.145682553661346,2,False,0.01664969067019788,nan,nan,nan,nan,nan,nan,False
85.0,20.0,65.0,False,True,True,blocked_by_current_surrogate_collision_geometry,ur10e_human_intersection,,ur10e_human_intersection,-3.469446951953614e-18,0.4402175397023218,0.7178559460803828,220.05944713286345,-1.4696827910052697,20.05945057061038,-1.4696827910052697,712.0851415931797,105.60818116863948,57.74515731014239,8.136615372405563,142.2548426898576,2,6.076334306145202,2,True,2.5979464888081146e-13,157.24253658448507,0.09177865065840876,23.70638589796018,0.16993329059196968,0.0010000000000000286,-0.06199999999977405,False
85.0,30.0,55.0,False,True,True,blocked_by_current_surrogate_collision_geometry,ur10e_human_intersection,,ur10e_human_intersection,-3.469446951953614e-18,0.4402175397023218,0.6899064938730928,221.20784130627774,-0.8727477124252454,21.20784474402467,-0.8727477124252454,699.8032136679195,69.17052444281863,62.91011849284078,6.034088443935011,137.08988150715922,2,5.968544349857621,2,True,7.408086005572586e-16,145.71864504286157,0.13546722582896273,15.79085033780234,0.15611822711001327,0.000999999999999987,-0.061999999999999694,False
85.0,40.0,45.0,False,True,True,blocked_by_current_surrogate_collision_geometry,ur10e_human_intersection,,ur10e_human_intersection,-3.469446951953614e-18,0.4402175397023218,0.6539753707203486,222.2236555897964,-0.1432327439495671,22.223659027543334,-0.1432327439495671,652.6730921755957,45.40053442772501,64.6568732168726,4.47222600943214,135.3431267831274,2,5.832248582842964,2,True,4.2942228254681337e-13,137.93955589947845,0.16366312307153966,12.83132913602704,0.1615328291495615,0.000999999999999987,-0.06199999999965511,False
85.0,50.0,35.0,False,True,True,blocked_by_current_surrogate_collision_geometry,ur10e_human_intersection,,ur10e_human_intersection,-3.469446951953614e-18,0.4402175397023218,0.6111543256171206,223.0760249804415,0.7497271173996491,23.07602841818843,0.7497271173996491,605.9741062258253,30.115383828865916,65.49115536501039,3.3745020038884737,134.5088446349896,2,5.678568535245579,2,True,1.82554605007597e-15,132.28041168659917,0.18397403731760154,11.19483115346607,0.17502081483536938,0.000999999999999987,-0.061999999999999805,False
85.0,60.0,25.0,False,True,True,blocked_by_current_surrogate_collision_geometry,ur10e_human_intersection,,ur10e_human_intersection,-3.469446951953614e-18,0.4402175397023218,0.5627444543503762,223.73905066559806,1.8320306842374317,23.739054103344984,1.8320306842374317,569.6155836893695,19.802672224349763,66.41552242213533,2.5836456277564874,133.58447757786467,2,5.518240601746301,2,True,3.6184873870819953e-16,128.3436397851271,0.1985411344979461,10.17090310003062,0.19227465687605916,0.000999999999999987,-0.062000000000000215,False
85.0,70.0,15.0,False,True,True,blocked_by_current_surrogate_collision_geometry,ur10e_human_intersection,,ur10e_human_intersection,-3.469446951953614e-18,0.4402175397023218,0.5102166663619786,224.19258694532974,3.123823656500078,24.192590383076663,3.123823656500078,545.0354627098754,12.31069915877646,67.7650844967365,1.9820364597262754,132.2349155032635,2,5.36057281910692,2,True,3.944763820905192e-16,126.06706722574297,0.20773618500239166,9.539416171630611,0.2120909861771076,0.000999999999999987,-0.062,False
85.0,80.0,5.0,False,True,True,blocked_by_current_surrogate_collision_geometry,ur10e_bed_intersection;ur10e_human_intersection,,ur10e_bed_intersection;ur10e_human_intersection,-3.469446951953614e-18,0.4402175397023218,0.4551669919096118,224.42285334927735,4.638886504546804,24.422856787024273,4.638886504546804,531.5882198978239,6.344670337674135,69.63558147904915,1.4906563162457103,130.36441852095084,2,5.2129495266908386,2,True,5.880667269794059e-16,125.49533678664825,0.211227506816273,9.230084690987235,0.23451997004345007,-0.010793845197332542,-0.06199999999999978,False
85.0,85.0,0.0,False,True,True,blocked_by_current_surrogate_collision_geometry,ur10e_bed_intersection;ur10e_human_intersection,,ur10e_bed_intersection;ur10e_human_intersection,-3.469446951953614e-18,0.4402175397023218,0.4272175397023218,224.45180167586383,5.482602803957472,24.45180511361076,5.482602803957472,528.7873025910394,3.6583953308021386,70.7737194160469,1.26829749792468,129.2262805839531,2,5.14465738970334,2,True,6.060998205918739e-16,125.86896474212374,0.21066432244972008,9.193654580925823,0.24687129667532506,-0.022127297927059413,-0.062000000000000305,False
85.0,90.0,-5.0,False,True,True,blocked_by_current_surrogate_collision_geometry,ur10e_bed_intersection;ur10e_human_intersection,,ur10e_bed_intersection;ur10e_human_intersection,-3.469446951953614e-18,0.40528900423877035,0.39229562807521917,224.42285334927735,6.384215756541133,24.422856787024273,6.384215756541133,528.5143841347361,1.0535841326407283,72.04821711500387,1.053584132640727,127.95178288499613,2,5.080735055595348,2,True,3.389984058245076e-16,126.69252620789965,0.2084618152576562,9.241305500054946,0.26008529433253147,-0.030823854677693167,-0.061999999999999944,False
85.0,95.0,-10.0,False,True,True,blocked_by_current_surrogate_collision_geometry,ur10e_bed_intersection;ur10e_human_intersection,,ur10e_bed_intersection;ur10e_human_intersection,-3.469446951953614e-18,0.37062629602052277,0.3576394932820255,224.33622868376267,7.3435050480529895,24.336232121509596,7.3435050480529895,530.7468174724702,1.5490554452197756,73.45986084641156,0.8410423876576865,126.54013915358844,2,5.021556664502247,2,True,7.124481316541387e-16,127.9739304150975,0.20453816206073555,9.381640722530753,0.27423761318777184,-0.03667873035471038,-0.06200000000000023,False
85.0,100.0,-15.0,False,True,True,blocked_by_current_surrogate_collision_geometry,ur10e_bed_intersection;ur10e_human_intersection,,ur10e_bed_intersection;ur10e_human_intersection,-3.469446951953614e-18,0.3364932191870356,0.3235128894344634,224.19258694532974,33.35981055304623,24.192590383076663,8.359811412483065,589.5855406546659,0.6032702408225133,75.00996974990166,0.6251989941918887,124.99003025009834,2,4.967388723515249,2,True,5.986761885956149e-16,129.7231297341689,0.19879882348107078,9.628624160708187,0.2893930382540929,-0.03949066245339769,-0.06200000000000031,False
85.0,105.0,-20.0,False,True,True,blocked_by_current_surrogate_collision_geometry,ur10e_bed_intersection;ur10e_human_intersection,,ur10e_bed_intersection;ur10e_human_intersection,-3.469446951953614e-18,0.30314954706312675,0.29017554059401957,223.99302133434134,209.43203821172173,23.993024772088262,9.432041649468658,1029.953602311472,20.42066215146242,76.70056976886745,0.4002766325107633,123.29943023113255,2,4.91839568010957,2,True,2.9721668006209946e-16,131.95518458321223,0.19112472197934838,10.004639213289751,0.30559957093171275,-0.03904868850264992,-0.06200000000000022,False
85.0,110.0,-25.0,False,True,True,blocked_by_current_surrogate_collision_geometry,ur10e_bed_intersection;ur10e_human_intersection,,ur10e_bed_intersection;ur10e_human_intersection,-3.469446951953614e-18,0.2708490451271191,0.25788116411501144,223.73905066559806,685.5586692092777,23.739054103344984,10.558676944209083,2323.933607540786,78.4249139946574,78.53434412929126,0.15986237249050708,121.46565587070874,2,4.874644952945595,2,True,5.243790398539209e-16,134.69538448386567,0.18135252132695256,10.546489406917294,0.32288296811149125,-0.03510686179380168,-0.06199999999999979,False
85.0,115.0,-30.0,False,True,True,blocked_by_current_surrogate_collision_geometry,ur10e_bed_intersection;ur10e_human_intersection,,ur10e_bed_intersection;ur10e_human_intersection,-3.469446951953614e-18,0.23983753970232186,0.22687553970232183,223.43260780924075,1611.7377706755728,23.432611246987676,11.737784426563621,4835.593043091947,188.41263970808677,80.51430864735924,0.10347562393822785,119.48569135264076,2,4.836111514448213,2,True,5.535131401850157e-16,137.9880673307347,0.16923993256283046,11.317738041352243,0.3412408143731687,-0.027338531607888458,-0.06200000000000021,False
85.0,120.0,-35.0,False,True,True,blocked_by_current_surrogate_collision_geometry,ur10e_bed_intersection;ur10e_human_intersection,,ur10e_bed_intersection;ur10e_human_intersection,-3.469446951953614e-18,0.2103510470702767,0.19739463887943937,223.0760249804415,3137.9670103954354,23.07602841818843,12.967031881360072,8880.270103834733,365.1043456619559,82.64307115564615,0.3986477951779362,117.35692884435385,2,4.8026823484186725,2,True,3.2539089995812733e-15,141.9131800880014,0.1543986475999507,12.436907818359206,0.36063446173938835,-0.015249321541880807,-0.06200000000000176,False
90.0,0.0,90.0,False,True,True,geometric_or_robotic_infeasible,ur10e_full_pose_ik_unreachable,ur10e_full_pose_ik_unreachable,,-3.469446951953614e-18,0.44188,0.7495639999999999,689.8352909070204,-26.745328392557653,14.835298641951795,-1.745329251994331,1517.785118372236,520.6954792424134,29.962391022609065,9.061625791604397,170.03760897739093,2,6.1696345836210345,1,False,0.08853409868064108,nan,nan,nan,nan,nan,nan,False
90.0,10.0,80.0,False,True,True,geometric_or_robotic_infeasible,ur10e_full_pose_ik_unreachable,ur10e_full_pose_ik_unreachable,,-3.469446951953614e-18,0.44188,0.7446920894669669,691.1562962515236,-1.321005344503198,16.156303986454986,-1.321005344503198,1972.7435296405822,485.48154310442794,40.84594223182533,9.319058416108653,159.15405776817465,2,6.145682553661345,2,False,0.058793114949549266,nan,nan,nan,nan,nan,nan,False
90.0,20.0,70.0,False,True,True,geometric_or_robotic_infeasible,ur10e_full_pose_ik_unreachable,ur10e_full_pose_ik_unreachable,,-3.469446951953614e-18,0.44188,0.7302243884041082,692.4371635170951,-0.8565433580802944,17.437171252026474,-0.8565433580802944,2261.0646372255287,336.5091554912512,52.439526754790286,7.5426190441211,147.56047324520972,2,6.076334306145201,2,False,0.03123270933633443,nan,nan,nan,nan,nan,nan,False
90.0,30.0,60.0,False,True,True,blocked_by_current_surrogate_collision_geometry,ur10e_human_intersection,,ur10e_human_intersection,-3.469446951953614e-18,0.44188,0.706600490587209,693.6389742000204,-0.3130247890113407,18.638981934951744,-0.3130247890113407,2207.2933878510817,218.7324428303888,57.69112895850718,5.646970113267157,142.3088710414928,2,5.968544349857615,2,True,4.453777438899881e-16,165.37220470827123,0.059355471563035105,36.50415529234133,0.15649527163021307,0.0010000000000000286,-0.062000000000000256,False
90.0,40.0,50.0,False,True,True,blocked_by_current_surrogate_collision_geometry,ur10e_human_intersection,,ur10e_human_intersection,-3.469446951953614e-18,0.44188,0.6745381961971663,694.7252118908445,0.3460667721587978,19.725219625775935,0.3460667721587978,2044.2023538637372,142.35243937288348,59.6501431038732,4.219397669701338,140.3498568961268,2,5.832248582842962,2,True,3.009220599811807e-13,150.93052321711914,0.11575338480444343,18.392754994667506,0.16158760874760977,0.000999999999999987,-0.061999999999750366,False
90.0,50.0,40.0,False,True,True,blocked_by_current_surrogate_collision_geometry,ur10e_human_intersection,,ur10e_human_intersection,-3.469446951953614e-18,0.44188,0.6350117018247181,695.6628718069946,1.1537361080030273,20.66287954192603,1.1537361080030273,1884.8201276092066,93.45813768347188,60.67806516635176,3.2076610070759646,139.32193483364824,2,5.678568535245576,2,True,3.5624300677689873e-16,142.6052980193522,0.14700790700634997,14.208861647954512,0.1726840989816409,0.0010000000000000286,-0.062000000000000215,False
90.0,60.0,30.0,False,True,True,blocked_by_current_surrogate_collision_geometry,ur10e_human_intersection,,ur10e_human_intersection,-3.469446951953614e-18,0.44188,0.5892219999999999,696.4234636263973,2.1384735405947497,21.423471361328666,2.1384735405947497,1760.255361653605,60.588797172084746,61.744680540123106,2.47458207561249,138.2553194598769,2,5.518240601746306,2,True,6.111337428301969e-16,137.02424934241643,0.16781348554415135,12.204543000471404,0.18715863758412987,0.000999999999999987,-0.06200000000000014,False
90.0,70.0,20.0,False,True,True,blocked_by_current_surrogate_collision_geometry,ur10e_human_intersection,,ur10e_human_intersection,-3.469446951953614e-18,0.44188,0.5385603876422487,696.983877151498,3.323389267488488,21.983884886429337,3.323389267488488,1674.6638517978888,36.774013831777104,63.18718514806051,1.9147770227540444,136.8128148519395,2,5.360572819106915,2,True,6.14780981193232e-16,133.54293632495217,0.18120032465513836,11.086211820989227,0.20406721952982224,0.000999999999999987,-0.062000000000000347,False
90.0,80.0,10.0,False,True,True,blocked_by_current_surrogate_collision_geometry,ur10e_human_intersection,,ur10e_human_intersection,-3.469446951953614e-18,0.44188,0.4845661922069419,697.3270845009192,4.725511170061495,22.327092235850614,4.725511170061495,1625.7549157088688,17.83885661706248,65.1094944599631,1.4565592008778738,134.89050554003688,2,5.212949526690844,2,True,5.686044249085667e-16,132.0195657794745,0.18779032324630224,10.510064285027612,0.22347056279455849,0.000999999999999987,-0.062000000000000416,False
90.0,85.0,5.0,False,True,True,blocked_by_current_surrogate_collision_geometry,ur10e_human_intersection,,ur10e_human_intersection,-3.469446951953614e-18,0.44188,0.45682945220728993,697.4137091664339,5.511551130543969,22.41371690136532,5.511551130543969,1614.2241505841725,9.315675347821562,66.26022298258961,1.2490951156420351,133.7397770174104,2,5.1446573897033385,2,True,3.478065574929323e-16,131.99400902485854,0.18847722943808626,10.391985570094736,0.23425370794426215,0.000999999999999987,-0.062000000000000006,False
90.0,90.0,0.0,False,True,True,blocked_by_current_surrogate_collision_geometry,ur10e_human_intersection,,ur10e_human_intersection,-3.469446951953614e-18,0.44188,0.42888,697.4426574930204,6.355267429954636,22.442665227951807,6.355267429954636,1611.0311159387434,1.048806803878514,67.5391329144197,1.0488068038784932,132.4608670855803,2,5.080735055595347,2,True,4.3859939936351194e-16,132.46952735717173,0.18733614872959267,10.386829264963497,0.24585871703570278,0.000999999999999987,-0.06200000000000014,False
90.0,95.0,-5.0,False,True,True,blocked_by_current_surrogate_collision_geometry,ur10e_human_intersection,,ur10e_human_intersection,-3.469446951953614e-18,0.4069514645364485,0.39395808837289725,697.4137091664339,7.256880382538299,22.41371690136532,7.256880382538299,1616.1103285130584,7.215914516933183,68.94724943367663,0.850665715246351,131.05275056632337,2,5.021556664502248,2,True,7.974754419025875e-16,133.45842914351067,0.18427212058094997,10.503677263477506,0.25836173208657764,0.000999999999999987,-0.062,False
90.0,100.0,-10.0,False,True,True,blocked_by_current_surrogate_collision_geometry,ur10e_bed_intersection;ur10e_human_intersection,,ur10e_bed_intersection;ur10e_human_intersection,-3.469446951953614e-18,0.37228875631820096,0.3593019535797037,697.3270845009192,33.21616881461332,22.327092235850614,8.216169674050153,1680.5264646112105,12.107109046934125,70.485908890834,0.6496435828364413,129.514091109166,2,4.967388723515249,2,True,2.499669604121241e-15,134.9784163842615,0.17916150887592264,10.761115183377589,0.27183108830893704,-0.0032435377761090775,-0.06200000000000097,False
90.0,105.0,-15.0,False,True,True,blocked_by_current_surrogate_collision_geometry,ur10e_bed_intersection;ur10e_human_intersection,,ur10e_bed_intersection;ur10e_human_intersection,-3.469446951953614e-18,0.3381556794847137,0.3251753497321415,697.1834427624863,209.23247260073333,22.183450497417653,9.232476038480257,2075.0749452245,2.7183918733050216,72.15694378867951,0.4404375576373921,127.84305621132049,2,4.918395680109568,2,True,1.2332112750206418e-14,137.05650533474164,0.1718364877209008,11.192180286549632,0.28632097697354547,-0.004102269125728718,-0.06200000000000047,False
90.0,110.0,-20.0,False,True,True,blocked_by_current_surrogate_collision_geometry,ur10e_bed_intersection;ur10e_human_intersection,,ur10e_bed_intersection;ur10e_human_intersection,-3.469446951953614e-18,0.304812007360805,0.2918380008916977,696.983877151498,685.3046985405343,21.983884886429337,10.304706275465719,3242.9402919335175,53.95164900311863,73.96265069864485,0.2171714909246309,126.03734930135515,2,4.874644952945596,2,True,7.790772728022188e-14,139.73656577291803,0.1620548399853237,11.855324333917313,0.30186512757372175,-0.001086881067180183,-0.06200000000001515,False
90.0,115.0,-25.0,False,True,True,blocked_by_current_surrogate_collision_geometry,ur10e_human_intersection,,ur10e_human_intersection,-3.469446951953614e-18,0.2725115054247973,0.2595436244126896,696.7299064827546,1611.4313278192155,21.729914217685973,11.431341570206314,5644.809647051664,156.34475485120132,75.90549708555298,0.02694805114477592,124.09450291444702,2,4.836111514448221,2,True,6.432701274516823e-13,143.09403296381106,0.1494402615906528,12.859857188014399,0.318469754563794,0.0010000000000000286,-0.06200000000019626,False
90.0,120.0,-30.0,False,True,True,blocked_by_current_surrogate_collision_geometry,ur10e_human_intersection,,ur10e_human_intersection,-3.469446951953614e-18,0.24150000000000005,0.22853800000000007,696.4234636263973,3137.610427566636,21.423471361328666,12.610449052560853,9619.71604892533,324.30776321161704,77.98744272980284,0.3000417456377956,122.01255727019716,2,4.802682348418668,2,True,7.855696040605384e-16,147.26767668999068,0.13335158619223303,14.43345563794082,0.33610421347447755,0.000999999999999987,-0.061999999999999986,False
95.0,0.0,95.0,False,True,True,geometric_or_robotic_infeasible,ur10e_full_pose_ik_unreachable,ur10e_full_pose_ik_unreachable,,-3.469446951953614e-18,0.4402175397023218,0.746681240265175,1612.1631193201488,-26.082302707401105,12.163133071136372,-1.0823035668377834,3630.47247897078,1283.3710328976963,25.363554075028937,8.065924571159947,174.63644592497107,2,6.1696345836210345,1,False,0.13390307112509003,nan,nan,nan,nan,nan,nan,False
95.0,10.0,85.0,False,True,True,geometric_or_robotic_infeasible,ur10e_full_pose_ik_unreachable,ur10e_full_pose_ik_unreachable,,-3.469446951953614e-18,0.4402175397023218,0.746681240265175,1613.4891706904618,-0.6630256851565464,13.489184441449424,-0.6630256851565464,4615.3239597867105,1137.1540912808587,35.88675132057246,8.47264286028714,164.11324867942756,2,6.145682553661345,2,False,0.10184891588496339,nan,nan,nan,nan,nan,nan,False
95.0,20.0,75.0,False,True,True,geometric_or_robotic_infeasible,ur10e_full_pose_ik_unreachable,ur10e_full_pose_ik_unreachable,,-3.469446951953614e-18,0.4402175397023218,0.7369744973800054,1614.7950763608387,-0.22360210353901389,14.795090111826312,-0.22360210353901389,5282.529108380091,786.7335952771558,47.19988488545651,6.961062205629219,152.80011511454347,2,6.076334306145198,2,False,0.07232769378545875,nan,nan,nan,nan,nan,nan,False
95.0,30.0,65.0,False,True,True,geometric_or_robotic_infeasible,ur10e_full_pose_ik_unreachable,ur10e_full_pose_ik_unreachable,,-3.469446951953614e-18,0.4402175397023218,0.7178559460803828,1616.041157048305,0.2756464609890594,16.04117079929256,0.2756464609890594,5147.919317331536,510.3641255077216,52.559632267379754,5.272633175712259,147.44036773262025,2,5.968544349857614,2,False,0.02237541939651809,nan,nan,nan,nan,nan,nan,False
95.0,40.0,55.0,False,True,True,blocked_by_current_surrogate_collision_geometry,ur10e_human_intersection,,ur10e_human_intersection,-3.469446951953614e-18,0.4402175397023218,0.6899064938730928,1617.1895512217193,0.8725815395690839,17.189564972706876,0.8725815395690839,4758.83812116295,331.4050814199073,54.73791228610075,3.9786112595418253,145.26208771389923,2,5.832248582842963,2,True,2.7266996776610427e-14,143.6102128824941,0.1481855241697107,14.763359315433593,0.157186016846355,0.000999999999999987,-0.06199999999997626,False
95.0,50.0,45.0,False,True,True,blocked_by_current_surrogate_collision_geometry,ur10e_human_intersection,,ur10e_human_intersection,-3.469446951953614e-18,0.4402175397023218,0.6539753707203486,1618.205365505238,1.6020965080447631,18.20537925622557,1.6020965080447631,4379.862200140228,216.97905076472964,55.95670165136533,3.0519943263421827,144.04329834863466,2,5.6785685352455735,2,True,2.1791859227015896e-14,157.37430368193236,0.09087277267948089,23.29822011673132,0.17264729271863127,0.000999999999999987,-0.061999999999980904,False
95.0,60.0,35.0,False,True,True,blocked_by_current_surrogate_collision_geometry,ur10e_human_intersection,,ur10e_human_intersection,-3.469446951953614e-18,0.4402175397023218,0.6111543256171207,1619.057734895883,2.4950563693939785,19.05774864687055,2.4950563693939785,4083.421023073132,140.12818998271172,57.15694732911869,2.375976026072356,142.84305267088132,2,5.518240601746305,2,True,3.528235180052836e-16,148.20615559445255,0.1263524701509075,16.43565430410222,0.1849705846896284,0.000999999999999987,-0.06199999999999993,False
95.0,70.0,25.0,False,True,True,blocked_by_current_surrogate_collision_geometry,ur10e_human_intersection,,ur10e_human_intersection,-3.469446951953614e-18,0.4402175397023218,0.5627444543503762,1619.7207605810395,3.577359936231761,19.720774332027077,3.577359936231761,3878.9693550467605,84.486770206868,58.68057890990969,1.857467904319904,141.31942109009032,2,5.360572819106915,2,True,3.711994105825616e-16,142.78082118020822,0.14724034979287845,13.831100435523124,0.19905998652727067,0.000999999999999987,-0.062000000000000194,False
95.0,80.0,15.0,False,True,True,blocked_by_current_surrogate_collision_geometry,ur10e_human_intersection,,ur10e_human_intersection,-3.469446951953614e-18,0.4402175397023218,0.5102166663619786,1620.1742968607712,4.869152908494409,20.174310611758756,4.869152908494409,3761.014950321624,40.26422711739825,60.64139710553524,1.4321146122333217,139.35860289446475,2,5.212949526690845,2,True,6.677681459098722e-16,139.94731871171027,0.1585415973661249,12.609328501276071,0.2153815858525613,0.000999999999999987,-0.06200000000000001,False
95.0,85.0,10.0,False,True,True,blocked_by_current_surrogate_collision_geometry,ur10e_human_intersection,,ur10e_human_intersection,-3.469446951953614e-18,0.4402175397023218,0.48290373190926367,1620.3179385992041,5.59817579605866,20.317952350191717,5.59817579605866,3732.513581123129,20.360254615404052,61.79786967082114,1.239471788053371,138.20213032917886,2,5.144657389703344,2,True,8.580293281889736e-16,139.41202208843592,0.16096707815660602,12.315309252722885,0.22454737062123484,0.000999999999999987,-0.06200000000000063,False
95.0,90.0,5.0,False,True,True,blocked_by_current_surrogate_collision_geometry,ur10e_human_intersection,,ur10e_human_intersection,-3.469446951953614e-18,0.4402175397023218,0.4551669919096118,1620.4045632647187,6.384215756541133,20.40457701570631,6.384215756541133,3723.6806272675476,1.0535841326406326,63.07435819547898,1.0535841326407265,136.92564180452104,2,5.080735055595346,2,True,7.843151483339031e-16,139.45816795195952,0.161238015318815,12.202104036831809,0.2344853668797716,0.000999999999999987,-0.06200000000000045,False
95.0,95.0,0.0,False,True,True,blocked_by_current_surrogate_collision_geometry,ur10e_human_intersection,,ur10e_human_intersection,-3.469446951953614e-18,0.4402175397023218,0.4272175397023218,1620.4335115913052,7.227932055951801,20.433525342292796,7.227932055951801,3734.368119474978,18.250914729821755,64.47221433906296,0.8698680975289981,135.52778566093704,2,5.021556664502249,2,True,4.1358010881960636e-16,140.09695101535786,0.15927220344333903,12.272888722330704,0.24527249459050376,0.000999999999999987,-0.06200000000000014,False
95.0,100.0,-5.0,False,True,True,blocked_by_current_surrogate_collision_geometry,ur10e_human_intersection,,ur10e_human_intersection,-3.469446951953614e-18,0.40528900423877035,0.39229562807521917,1620.4045632647187,33.12954414909863,20.40457701570631,8.129545008535462,3814.7988114119894,34.522827020546586,65.99287117070129,0.6837406982042806,134.00712882929872,2,4.9673887235152465,2,True,4.091695731196621e-16,141.3525394973745,0.15492467880910588,12.551473148638319,0.2569794194916242,0.000999999999999987,-0.062000000000000055,False
95.0,105.0,-10.0,False,True,True,blocked_by_current_surrogate_collision_geometry,ur10e_human_intersection,,ur10e_human_intersection,-3.469446951953614e-18,0.37062629602052277,0.3576394932820255,1620.3179385992041,209.0888308623004,20.317952350191717,9.088834300047324,4209.521172790227,31.782721648408966,67.63804532154948,0.4903743617559771,132.3619546784505,2,4.918395680109569,2,True,7.414347643095957e-16,143.26745007404986,0.14796624715262907,13.091234753857343,0.26966458762219525,0.000999999999999987,-0.06200000000000019,False
95.0,110.0,-15.0,False,True,True,blocked_by_current_surrogate_collision_geometry,ur10e_human_intersection,,ur10e_human_intersection,-3.469446951953614e-18,0.3364932191870356,0.3235128894344634,1620.1742968607712,685.105132929546,20.174310611758756,10.105140664477403,5277.330808430476,6.248842946565857,69.40972871395971,0.2844309278968793,130.5902712860403,2,4.874644952945598,2,True,1.3066003958603653e-14,145.91541357407374,0.1380307890963053,13.999745150331204,0.28336754910005424,0.000999999999999987,-0.06200000000000007,False
95.0,115.0,-20.0,False,True,True,blocked_by_current_surrogate_collision_geometry,ur10e_human_intersection,,ur10e_human_intersection,-3.469446951953614e-18,0.30314954706312686,0.2901755405940196,1619.9747312497827,1611.1773571504723,19.974745000770326,11.177370901463064,7491.562937004033,93.83444578067923,71.30993387486429,0.05975671635681658,128.69006612513573,2,4.83611151444821,2,True,1.3089803135752733e-12,149.4309708253814,0.12449292333274758,15.506885196739718,0.29810078237558907,0.000999999999999987,-0.062000000000251465,False
95.0,120.0,-25.0,False,True,True,blocked_by_current_surrogate_collision_geometry,ur10e_human_intersection,,ur10e_human_intersection,-3.469446951953614e-18,0.2708490451271192,0.2578811641150115,1619.7207605810395,3137.3039847102787,19.720774332027077,12.304006196203318,11287.371142360857,244.77882790359408,73.34008522071258,0.19097819349382994,126.65991477928742,2,4.802682348418667,2,True,7.805181915200938e-16,154.08761240307877,0.10614309808228342,18.194637756288483,0.31383772332835325,0.0010000000000000286,-0.06199999999999987,False
100.0,0.0,100.0,False,True,True,geometric_or_robotic_infeasible,ur10e_full_pose_ik_unreachable,ur10e_full_pose_ik_unreachable,,-3.469446951953614e-18,0.43524281113597346,0.7380549006029403,3134.517924312626,-25.424323048054454,9.517945798545497,-0.42432390749113225,7116.584877459641,2541.4139768935984,20.81491917930404,7.083284401776971,179.18508082069596,2,6.169634583621034,1,False,0.17954794922535336,nan,nan,nan,nan,nan,nan,False
100.0,10.0,90.0,False,True,True,geometric_or_robotic_infeasible,ur10e_full_pose_ik_unreachable,ur10e_full_pose_ik_unreachable,,-3.469446951953614e-18,0.43524281113597346,0.7429268111359735,3135.838929657129,-4.658168569742715e-16,10.83895114304869,-4.658168569742715e-16,8975.270032387622,2212.10203472349,31.022803007090438,7.646076987898137,168.97719699290957,2,6.145682553661343,2,False,0.14550570892074094,nan,nan,nan,nan,nan,nan,False
100.0,20.0,80.0,False,True,True,geometric_or_robotic_infeasible,ur10e_full_pose_ik_unreachable,ur10e_full_pose_ik_unreachable,,-3.469446951953614e-18,0.43524281113597346,0.7380549006029403,3137.159935001632,0.4243239074911316,12.15995648755188,0.4243239074911316,10267.347679898769,1529.3928389181583,42.10018283703445,6.399607645007875,157.89981716296555,2,6.076334306145201,2,False,0.11390187110226033,nan,nan,nan,nan,nan,nan,False
100.0,30.0,70.0,False,True,True,geometric_or_robotic_infeasible,ur10e_full_pose_ik_unreachable,ur10e_full_pose_ik_unreachable,,-3.469446951953614e-18,0.43524281113597346,0.7235871995400817,3138.4408022672037,0.8887858939140347,13.440823753123368,0.8887858939140347,9999.429228256353,991.4228458227631,47.58884408242886,4.916023166124438,152.41115591757114,2,5.968544349857616,2,False,0.08448230080822376,nan,nan,nan,nan,nan,nan,False
100.0,40.0,60.0,False,True,True,geometric_or_robotic_infeasible,ur10e_full_pose_ik_unreachable,ur10e_full_pose_ik_unreachable,,-3.469446951953614e-18,0.43524281113597346,0.6999633017231823,3139.642612950129,1.4323044629829886,14.642634436048866,1.4323044629829886,9237.649971351522,643.2578840679123,49.990338949625794,3.7530584367194075,150.0096610503742,2,5.8322485828429675,2,False,0.006391667793757565,nan,nan,nan,nan,nan,nan,False
100.0,50.0,50.0,False,True,True,blocked_by_current_surrogate_collision_geometry,ur10e_human_intersection,,ur10e_human_intersection,-3.469446951953614e-18,0.43524281113597346,0.6679010073331397,3140.728850640953,2.091396024153128,15.72887212687283,2.091396024153128,8496.531865091547,420.73585750201806,51.39402769457286,2.9095746776028157,148.60597230542714,2,5.678568535245573,2,True,6.950892690296515e-16,139.76600131709412,0.1635341171320899,13.35779539051114,0.16788431356083244,0.000999999999999987,-0.06199999999999998,False
100.0,60.0,40.0,False,True,True,blocked_by_current_surrogate_collision_geometry,ur10e_human_intersection,,ur10e_human_intersection,-3.469446951953614e-18,0.43524281113597346,0.6283745129606916,3141.6665105571033,2.8990653599973557,16.666532043022926,2.8990653599973557,7916.64969243298,271.33644307847544,52.71649549894805,2.2891497319560625,147.28350450105194,2,5.518240601746307,2,True,5.465885918779037e-16,123.34306589787249,0.22573392006764842,9.530296322190924,0.17530448249623448,0.000999999999999987,-0.06199999999999985,False
100.0,70.0,30.0,False,True,True,blocked_by_current_surrogate_collision_geometry,ur10e_human_intersection,,ur10e_human_intersection,-3.469446951953614e-18,0.43524281113597346,0.5825848111359734,3142.427102376506,3.883802792589079,17.42712386242556,3.883802792589079,7516.193086165679,163.19624458780123,54.307158732537275,1.8108882507362407,145.6928412674627,2,5.360572819106915,2,True,6.448482667689794e-14,112.55763555208513,0.2631232682971475,8.055482605395095,0.1822646636237217,0.0010000000000000286,-0.06199999999996217,False
100.0,80.0,20.0,False,True,True,blocked_by_current_surrogate_collision_geometry,ur10e_bed_intersection;ur10e_human_intersection,,ur10e_bed_intersection;ur10e_human_intersection,-3.469446951953614e-18,0.43524281113597346,0.5319231987782221,3142.987515901607,5.068718519482819,17.987537387526572,5.068718519482819,7284.386867389989,77.2616396451964,56.29144253881559,1.4176697781799508,143.7085574611844,2,5.212949526690843,2,True,1.181865848938752e-15,105.38458514904272,0.285333840099408,7.331196210742913,0.18976630979839337,-0.010764083234212539,-0.06199999999999985,False
100.0,85.0,15.0,False,True,True,blocked_by_current_surrogate_collision_geometry,ur10e_bed_intersection;ur10e_human_intersection,,ur10e_bed_intersection;ur10e_human_intersection,-3.469446951953614e-18,0.43524281113597346,0.5052419377956301,3143.187081512595,5.741817534491574,18.187102998514547,5.741817534491574,7227.905784622287,38.58485914758515,57.44615488797555,1.2395801237240707,142.55384511202445,2,5.144657389703341,2,True,3.5598168719167136e-16,102.93229642769566,0.2920391561506782,7.124136442558869,0.19396485726808227,-0.045713003007056524,-0.06200000000000026,False
100.0,90.0,10.0,False,True,True,blocked_by_current_surrogate_collision_geometry,ur10e_bed_intersection;ur10e_human_intersection,,ur10e_bed_intersection;ur10e_human_intersection,-3.469446951953614e-18,0.43524281113597346,0.4779290033429154,3143.330723251028,6.470840422055824,18.33074473694751,6.470840422055824,7209.7792581241565,1.0678797605710246,58.71287900107315,1.06787976057092,141.28712099892687,2,5.080735055595347,2,True,4.185930385063872e-16,101.18341148467353,0.2962215188623821,6.992973914788134,0.19863102469113275,-0.077756413741711,-0.06200000000000007,False
100.0,95.0,5.0,False,True,True,blocked_by_current_surrogate_collision_geometry,ur10e_bed_intersection;ur10e_human_intersection,,ur10e_bed_intersection;ur10e_human_intersection,-3.469446951953614e-18,0.43524281113597346,0.4501922633432634,3143.417347916543,7.256880382538299,18.417369402462555,7.256880382538299,7229.723486054716,36.446855000311125,60.09338684599568,0.8984240235500205,139.90661315400433,2,5.021556664502248,2,True,4.920671514151205e-16,100.11816192811747,0.29809324378591456,6.927235447200025,0.20392224155028452,-0.10668352980495291,-0.061999999999999895,False
100.0,100.0,0.0,False,True,True,blocked_by_current_surrogate_collision_geometry,ur10e_bed_intersection;ur10e_human_intersection,,ur10e_bed_intersection;ur10e_human_intersection,-3.469446951953614e-18,0.43524281113597346,0.42224281113597345,3143.4462962431294,33.10059582251213,18.446317729049042,8.100596681948968,7337.749743698404,71.49135542973136,61.58929480012584,0.7270696508707803,138.41070519987414,2,4.96738872351525,2,True,5.283946015730687e-16,99.72613034298112,0.2978121335981633,6.920953748123568,0.2100166419134932,-0.13225633561531266,-0.062000000000000305,False
100.0,105.0,-5.0,False,True,True,blocked_by_current_surrogate_collision_geometry,ur10e_bed_intersection;ur10e_human_intersection,,ur10e_bed_intersection;ur10e_human_intersection,-3.469446951953614e-18,0.40031427567242195,0.3873208995088707,3143.417347916543,209.00220619678572,18.417369402462555,9.002209634532647,7767.066814030461,88.6861796018821,63.20228902290148,0.5494589189147677,136.79771097709852,2,4.918395680109572,2,True,1.9032958471454768e-16,100.00354831476194,0.29548903587995157,6.971379823873925,0.21710519314661136,-0.15423651988295814,-0.062000000000000166,False
100.0,110.0,-10.0,False,True,True,blocked_by_current_surrogate_collision_geometry,ur10e_bed_intersection;ur10e_human_intersection,,ur10e_bed_intersection;ur10e_human_intersection,-3.469446951953614e-18,0.36565156745417443,0.35266476471567715,3143.330723251028,684.961491191113,18.33074473694751,9.961498926044442,8814.659792933056,72.43085620668539,64.93414714647726,0.3607858091625767,135.06585285352276,2,4.874644952945595,2,True,7.124027534782273e-16,100.95225108920361,0.2911896800849678,7.078537505721218,0.22538041825641114,-0.17239969277597852,-0.06200000000000007,False
100.0,115.0,-15.0,False,True,True,blocked_by_current_surrogate_collision_geometry,ur10e_bed_intersection;ur10e_human_intersection,,ur10e_bed_intersection;ur10e_human_intersection,-3.469446951953614e-18,0.3315184906206873,0.31853816086811504,3143.187081512595,1610.9777915394839,18.187102998514547,10.977805290474635,10882.722218718422,9.270264000884822,66.78652847909109,0.1555293560495176,133.2134715209089,2,4.836111514448215,2,True,5.643935320197441e-16,102.5801254949977,0.28493157101320954,7.245459039992717,0.23502235151550735,-0.18653506578206505,-0.06200000000000003,False
100.0,120.0,-20.0,False,True,True,blocked_by_current_surrogate_collision_geometry,ur10e_bed_intersection;ur10e_human_intersection,,ur10e_bed_intersection;ur10e_human_intersection,-3.469446951953614e-18,0.29817481849677857,0.2852008120276713,3142.987515901607,3137.0500140415356,17.987537387526572,12.050035527460295,14440.837769967548,113.60186772773255,68.76044175900248,0.07285897947519906,131.23955824099752,2,4.802682348418667,2,True,5.987143252140203e-16,104.90310582371849,0.27667487570619603,7.479148951770975,0.24618205068722215,-0.1964293576297165,-0.061999999999999694,False
105.0,0.0,105.0,False,True,True,geometric_or_robotic_infeasible,ur10e_full_pose_ik_unreachable,ur10e_full_pose_ik_unreachable,,-3.469446951953614e-18,0.4269936749891682,0.7237506326668517,5406.926478861544,-24.77639703702431,6.926509801265638,0.22360210353901167,12319.515843766061,4418.675855555895,16.36630631936607,6.126666932033244,183.63369368063394,2,6.1696345836210345,1,False,0.22496628983095768,nan,nan,nan,nan,nan,nan,False
105.0,10.0,95.0,False,True,True,geometric_or_robotic_infeasible,ur10e_full_pose_ik_unreachable,ur10e_full_pose_ik_unreachable,,-3.469446951953614e-18,0.4269936749891682,0.7334573755520215,5408.23238453192,0.6630256851565471,8.232415471641616,0.6630256851565471,15481.960696046923,3816.150235886081,26.325288058158815,6.850336553853946,173.6747119418412,2,6.145682553661346,2,False,0.1893703700963946,nan,nan,nan,nan,nan,nan,False
105.0,20.0,85.0,False,True,True,geometric_or_robotic_infeasible,ur10e_full_pose_ik_unreachable,ur10e_full_pose_ik_unreachable,,-3.469446951953614e-18,0.4269936749891682,0.7334573755520215,5409.558435902233,1.0823035668377832,9.558466841955124,1.0823035668377832,17706.392659283905,2637.5980718156106,37.218475068551136,5.865765159862978,162.78152493144887,2,6.076334306145202,2,False,0.15578928345366452,nan,nan,nan,nan,nan,nan,False
105.0,30.0,75.0,False,True,True,geometric_or_robotic_infeasible,ur10e_full_pose_ik_unreachable,ur10e_full_pose_ik_unreachable,,-3.469446951953614e-18,0.4269936749891682,0.7237506326668517,5410.86434157261,1.521727148455317,10.864372512332011,1.521727148455317,17239.57243995917,1709.2657422108255,42.85521815620906,4.581950706732538,157.14478184379095,2,5.968544349857616,2,False,0.12460963282611552,nan,nan,nan,nan,nan,nan,False
105.0,40.0,65.0,False,True,True,geometric_or_robotic_infeasible,ur10e_full_pose_ik_unreachable,ur10e_full_pose_ik_unreachable,,-3.469446951953614e-18,0.4269936749891682,0.7046320813672292,5412.110422260076,2.0209757129833887,12.11045319979803,2.0209757129833887,15921.70685135583,1108.6101548792133,45.48044935152014,3.545814922202077,154.51955064847985,2,5.832248582842964,2,False,0.06987369314429426,nan,nan,nan,nan,nan,nan,False
105.0,50.0,55.0,False,True,True,blocked_by_current_surrogate_collision_geometry,ur10e_human_intersection,,ur10e_human_intersection,-3.469446951953614e-18,0.4269936749891682,0.6766826291599392,5413.25881643349,2.617910791563414,13.25884737321212,2.617910791563414,14640.259837268652,724.7861915068073,47.05971132205196,2.7823739588615486,152.94028867794805,2,5.678568535245574,2,True,8.254760037223416e-14,165.20373784633267,0.06092385122381534,36.37353272738086,0.16739051309430633,0.000999999999999987,-0.061999999999929216,False
105.0,60.0,45.0,False,True,True,blocked_by_current_surrogate_collision_geometry,ur10e_human_intersection,,ur10e_human_intersection,-3.469446951953614e-18,0.4269936749891682,0.640751506007195,5414.274630717009,3.3474257600390924,14.274661656731041,3.3474257600390924,13637.480941198262,467.1290592305696,48.4900915896739,2.215335795032085,151.5099084103261,2,5.518240601746305,2,True,4.338813044242008e-16,136.55731750143343,0.17618369099652184,12.37662483093379,0.17848775142670048,0.000999999999999987,-0.062000000000000374,False
105.0,70.0,35.0,False,True,True,blocked_by_current_surrogate_collision_geometry,ur10e_human_intersection,,ur10e_human_intersection,-3.469446951953614e-18,0.4269936749891682,0.5979304609039671,5415.127000107655,4.240385621388308,15.127031047376477,4.240385621388308,12944.587981536231,280.64963162062384,50.131284452286366,1.7757355506093446,149.86871554771363,2,5.360572819106916,2,True,2.451234805891027e-16,122.22027313910142,0.22971731444071683,9.349481795485389,0.18373591311419046,0.000999999999999987,-0.062000000000000194,False
105.0,80.0,25.0,False,True,True,blocked_by_current_surrogate_collision_geometry,ur10e_human_intersection,,ur10e_human_intersection,-3.469446951953614e-18,0.4269936749891682,0.5495205896372226,5415.790025792811,5.322689188226092,15.79005673253323,5.322689188226092,12542.919512726761,132.47187590280132,52.12208884532281,1.4134958224151961,147.87791115467718,2,5.212949526690841,2,True,4.733990648333677e-16,112.92653565974416,0.2614184840428508,8.101190031089617,0.18883657621015715,0.000999999999999987,-0.061999999999999694,False
105.0,85.0,20.0,False,True,True,blocked_by_current_surrogate_collision_geometry,ur10e_bed_intersection;ur10e_human_intersection,,ur10e_bed_intersection;ur10e_human_intersection,-3.469446951953614e-18,0.4269936749891682,0.5236740626314169,5416.043996461554,5.941383145479985,16.044027401276253,5.941383145479985,12444.694826925564,65.78214089456704,53.266785368795496,1.2494986673859942,146.7332146312045,2,5.144657389703343,2,True,4.070234022908331e-16,109.64167857030556,0.2716817361734502,7.747191593482746,0.19171675657239595,-0.0007217949946301885,-0.06200000000000011,False
105.0,90.0,15.0,False,True,True,blocked_by_current_surrogate_collision_geometry,ur10e_bed_intersection;ur10e_human_intersection,,ur10e_bed_intersection;ur10e_human_intersection,-3.469446951953614e-18,0.4269936749891682,0.496992801648825,5416.243562072543,6.6144821604887385,16.243593012264682,6.6144821604887385,12412.704107291296,1.0915848893084437,54.51579196149983,1.091584889308587,145.48420803850019,2,5.080735055595348,2,True,4.2887929519701644e-16,107.15010808704817,0.27890063603059645,7.506484075523756,0.1949833554936516,-0.03569597335221612,-0.06199999999999979,False
105.0,95.0,10.0,False,True,True,blocked_by_current_surrogate_collision_geometry,ur10e_bed_intersection;ur10e_human_intersection,,ur10e_bed_intersection;ur10e_human_intersection,-3.469446951953614e-18,0.4269936749891682,0.46967986719611005,5416.387203810976,7.3435050480529895,16.387234750697644,7.3435050480529895,12446.460910765574,63.59660543094297,55.871401986494135,0.9360367962381524,144.12859801350587,2,5.021556664502248,2,True,5.127674515854438e-16,105.40764940372762,0.28340008061104577,7.355463961259309,0.19877576065086175,-0.06748856198117993,-0.06200000000000029,False
105.0,100.0,5.0,False,True,True,blocked_by_current_surrogate_collision_geometry,ur10e_bed_intersection;ur10e_human_intersection,,ur10e_bed_intersection;ur10e_human_intersection,-3.469446951953614e-18,0.4269936749891682,0.4419431271964582,5416.47382847649,33.12954414909863,16.47385941621178,8.129545008535462,12596.023407696139,126.65369580241695,57.33550948510312,0.7791394915551741,142.6644905148969,2,4.967388723515248,2,True,7.3954014220423e-16,104.38842585536597,0.285414524121622,7.280509276404461,0.2032503835552272,-0.09592950118091463,-0.06200000000000045,False
105.0,105.0,0.0,False,True,True,blocked_by_current_surrogate_collision_geometry,ur10e_bed_intersection;ur10e_human_intersection,,ur10e_bed_intersection;ur10e_human_intersection,-3.469446951953614e-18,0.4269936749891682,0.41399367498916817,5416.502776803077,208.9732578701992,16.502807742798723,8.973261307946132,13089.549755218182,173.59555279524128,58.90986354678917,0.6169934832378063,141.09013645321085,2,4.918395680109566,2,True,4.77980932995863e-16,104.07873681345478,0.285109388858512,7.274250149376764,0.20857780516375768,-0.12080886103452573,-0.061999999999999916,False
105.0,110.0,-5.0,False,True,True,blocked_by_current_surrogate_collision_geometry,ur10e_bed_intersection;ur10e_human_intersection,,ur10e_bed_intersection;ur10e_human_intersection,-3.469446951953614e-18,0.3920651395256167,0.37907176336206555,5416.47382847649,684.8748665255983,16.47385941621178,9.874874260529737,14188.139432648793,189.8348697101432,60.59612572802899,0.44531203865405783,139.403874271971,2,4.874644952945597,2,True,6.428476177291409e-16,104.47387157341036,0.2825911241262216,7.333820175080337,0.21493516192096246,-0.1419040946246374,-0.062000000000000284,False
105.0,115.0,-10.0,False,True,True,blocked_by_current_surrogate_collision_geometry,ur10e_bed_intersection;ur10e_human_intersection,,ur10e_bed_intersection;ur10e_human_intersection,-3.469446951953614e-18,0.35740243130736926,0.3444156285688719,5416.387203810976,1610.834149801051,16.387234750697644,10.834163552041673,16218.150378518307,163.121420002879,62.39571083318308,0.25919153343351997,137.60428916681693,2,4.836111514448215,2,True,3.6487178123809035e-16,105.57707193947863,0.2779095168372582,7.460323648221283,0.22249453031201782,-0.1589920184371533,-0.062000000000000235,False
105.0,120.0,-15.0,False,True,True,blocked_by_current_surrogate_collision_geometry,ur10e_bed_intersection;ur10e_human_intersection,,ur10e_bed_intersection;ur10e_human_intersection,-3.469446951953614e-18,0.3232693544738821,0.31028902472130987,5416.243562072543,3136.850448430547,16.243593012264682,11.850469916471866,19603.08623112474,82.13885824517615,64.30933632995678,0.05284513663399185,135.69066367004322,2,4.802682348418667,2,True,7.8869495101518145e-16,107.40041883965421,0.27105299558840457,7.659303709710732,0.2314077794722504,-0.1718444160358227,-0.06199999999999969,False
110.0,0.0,110.0,False,True,True,geometric_or_robotic_infeasible,ur10e_full_pose_ik_unreachable,ur10e_full_pose_ik_unreachable,,-3.469446951953614e-18,0.41553291216894767,0.7038773005730559,8579.415146864316,-24.14345578248303,4.415188976718127,0.856543358080291,19582.658146589136,7039.008015161884,12.066774251049337,5.2088357620457835,187.93322574895066,2,6.169634583621035,1,False,0.2697034721258528,nan,nan,nan,nan,nan,nan,False
110.0,10.0,100.0,False,True,True,geometric_or_robotic_infeasible,ur10e_full_pose_ik_unreachable,ur10e_full_pose_ik_unreachable,,-3.469446951953614e-18,0.41553291216894767,0.7183450016359145,8580.696014129888,1.321005344503197,5.696056242290069,1.321005344503197,24564.774606052906,6055.123322622229,21.874305920076278,6.096162712867864,178.12569407992373,2,6.145682553661342,2,False,0.23302464056078948,nan,nan,nan,nan,nan,nan,False
110.0,20.0,90.0,False,True,True,geometric_or_robotic_infeasible,ur10e_full_pose_ik_unreachable,ur10e_full_pose_ik_unreachable,,-3.469446951953614e-18,0.41553291216894767,0.7232169121689476,8582.017019474391,1.745329251994329,7.017061586793716,1.745329251994329,28090.535624831646,4184.46026922629,32.63831893431165,5.366834403232489,167.36168106568834,2,6.076334306145205,2,False,0.19772875974937645,nan,nan,nan,nan,nan,nan,False
110.0,30.0,80.0,False,True,True,geometric_or_robotic_infeasible,ur10e_full_pose_ik_unreachable,ur10e_full_pose_ik_unreachable,,-3.469446951953614e-18,0.41553291216894767,0.7183450016359145,8583.338024818893,2.1696531594854624,8.338066931295543,2.1696531594854624,27346.097121552903,2711.2497815828615,38.438853755280114,4.2750548953989345,161.56114624471988,2,5.968544349857614,2,False,0.16471473395007352,nan,nan,nan,nan,nan,nan,False
110.0,40.0,70.0,False,True,True,geometric_or_robotic_infeasible,ur10e_full_pose_ik_unreachable,ur10e_full_pose_ik_unreachable,,-3.469446951953614e-18,0.41553291216894767,0.7038773005730559,8584.618892084465,2.634115145908364,9.618934196867485,2.634115145908364,25252.076326256138,1758.1610620712358,41.28417507632212,3.359817092065995,158.71582492367787,2,5.832248582842967,2,False,0.13237318455999011,nan,nan,nan,nan,nan,nan,False
110.0,50.0,60.0,False,True,True,geometric_or_robotic_infeasible,ur10e_full_pose_ik_unreachable,ur10e_full_pose_ik_unreachable,,-3.469446951953614e-18,0.41553291216894767,0.6802534027561566,8585.82070276739,3.177633714977319,10.820744879792983,3.177633714977319,23216.47555999562,1149.187570565317,43.02602730064678,2.672248242875107,156.97397269935323,2,5.678568535245574,2,False,0.051092538895854495,nan,nan,nan,nan,nan,nan,False
110.0,60.0,50.0,False,True,True,blocked_by_current_surrogate_collision_geometry,ur10e_human_intersection,,ur10e_human_intersection,-3.469446951953614e-18,0.41553291216894767,0.648191108366114,8586.906940458215,3.8367252761474573,11.906982570617402,3.8367252761474573,21623.45384893917,740.421442178291,44.54695405429177,2.1556677851734216,155.45304594570823,2,5.518240601746301,2,True,6.082638842209035e-16,156.13521779717743,0.09822447341493219,22.508825037560154,0.18156924932766214,0.000999999999999987,-0.061999999999999986,False
110.0,70.0,40.0,False,True,True,blocked_by_current_surrogate_collision_geometry,ur10e_human_intersection,,ur10e_human_intersection,-3.469446951953614e-18,0.41553291216894767,0.6086646139936658,8587.844600374365,4.644394611991685,12.844642486767043,4.644394611991685,20522.408416042505,444.5940389853661,46.21962315129381,1.7526203265297455,153.7803768487062,2,5.360572819106914,2,True,3.491797958406396e-14,134.00458191096465,0.18608211284405657,11.695879207211508,0.18749231313849166,0.0010000000000000286,-0.06199999999997397,False
110.0,80.0,30.0,False,True,True,blocked_by_current_surrogate_collision_geometry,ur10e_human_intersection,,ur10e_human_intersection,-3.469446951953614e-18,0.41553291216894767,0.5628749121689476,8588.605192193767,5.62913204458341,13.605234306169223,5.62913204458341,19883.666822210467,209.53563942497257,48.19791553770472,1.4197857010509374,151.80208446229528,2,5.212949526690847,2,True,5.77681244476301e-16,121.67192227638022,0.23146551512436306,9.265973759365973,0.19050772562341517,0.000999999999999987,-0.06200000000000023,False
110.0,85.0,25.0,False,True,True,blocked_by_current_surrogate_collision_geometry,ur10e_human_intersection,,ur10e_human_intersection,-3.469446951953614e-18,0.41553291216894767,0.538059826817002,8588.911635050124,6.195353814223258,13.911677162526757,6.195353814223258,19727.182512195483,103.744677144945,49.3234769296465,1.2692313021645725,150.67652307035348,2,5.144657389703345,2,True,5.838858629723923e-16,117.33871744140856,0.2463422037144198,8.648181170652338,0.19209892766819556,0.000999999999999987,-0.061999999999999944,False
110.0,90.0,20.0,False,True,True,blocked_by_current_surrogate_collision_geometry,ur10e_human_intersection,,ur10e_human_intersection,-3.469446951953614e-18,0.41553291216894767,0.5122132998111963,8589.165605718868,6.814047771477148,14.16564783127069,6.814047771477148,19675.843288686177,1.1245191085106803,50.54607798108736,1.1245191085104866,149.45392201891264,2,5.080735055595346,2,True,3.196938697754373e-16,113.95868113525641,0.2573472510733681,8.228197292608366,0.1939754321905954,0.0010000000000000286,-0.06199999999999986,False
110.0,95.0,15.0,False,True,True,blocked_by_current_surrogate_collision_geometry,ur10e_bed_intersection;ur10e_human_intersection,,ur10e_bed_intersection;ur10e_human_intersection,-3.469446951953614e-18,0.41553291216894767,0.48553203882860446,8589.365171329857,7.487146786485903,14.365213442259119,7.487146786485903,19728.879839385612,101.49310505233072,51.86864269731108,0.9823407904503193,148.1313573026889,2,5.021556664502243,2,True,5.231179104206491e-16,111.43603202503603,0.2650327939177747,7.947661739568583,0.19627926002322793,-0.026508160961030154,-0.06200000000000025,False
110.0,100.0,10.0,False,True,True,blocked_by_current_surrogate_collision_geometry,ur10e_bed_intersection;ur10e_human_intersection,,ur10e_bed_intersection;ur10e_human_intersection,-3.469446951953614e-18,0.41553291216894767,0.4582191043758896,8589.508813068289,33.21616881461332,14.508855180691171,8.216169674050153,19936.554145635266,203.6509161899661,53.293445687340736,0.8393927475409669,146.70655431265925,2,4.967388723515249,2,True,5.085431431207906e-16,109.71399784576744,0.2697757679690965,7.77459530075875,0.19915602140925728,-0.057990756868788906,-0.06199999999999983,False
110.0,105.0,5.0,False,True,True,blocked_by_current_surrogate_collision_geometry,ur10e_bed_intersection;ur10e_human_intersection,,ur10e_bed_intersection;ur10e_human_intersection,-3.469446951953614e-18,0.41553291216894767,0.4304823643762376,8589.595437733804,209.00220619678572,14.595479846206217,9.002209634532647,20524.871806237657,292.11447634627007,54.822400711370285,0.6922159991924123,145.17759928862972,2,4.918395680109571,2,True,6.739537345536271e-16,108.7595881113676,0.2718369793540471,7.691227193874252,0.20276053435602406,-0.08585494781211525,-0.062000000000000444,False
110.0,110.0,0.0,False,True,True,blocked_by_current_surrogate_collision_geometry,ur10e_bed_intersection;ur10e_human_intersection,,ur10e_bed_intersection;ur10e_human_intersection,-3.469446951953614e-18,0.41553291216894767,0.40253291216894765,8589.62438606039,684.8459181990119,14.62442817279225,9.84592593394325,21734.851109796335,353.71068100620937,56.45715896008825,0.5370233314097135,143.54284103991176,2,4.874644952945596,2,True,5.489333794098426e-16,108.55567775941917,0.271390231029863,7.6885041005912775,0.20725478446626563,-0.10992004197283436,-0.06200000000000003,False
110.0,115.0,-5.0,False,True,True,blocked_by_current_surrogate_collision_geometry,ur10e_bed_intersection;ur10e_human_intersection,,ur10e_bed_intersection;ur10e_human_intersection,-3.469446951953614e-18,0.3806043767053962,0.36761100054184503,8589.595437733804,1610.7475251355363,14.595479846206217,10.747538886527082,23837.25568712269,377.8711277788367,58.19900518034345,0.36950486986360837,141.80099481965655,2,4.836111514448218,2,True,4.891769083323765e-16,109.09718958529922,0.268535405405687,7.763683880271179,0.21280020875654926,-0.12997674131824674,-0.062000000000000055,False
110.0,120.0,-10.0,False,True,True,blocked_by_current_surrogate_collision_geometry,ur10e_bed_intersection;ur10e_human_intersection,,ur10e_bed_intersection;ur10e_human_intersection,-3.469446951953614e-18,0.34594166848714875,0.3329548657486514,8589.508813068289,3136.7068066921142,14.508855180691171,11.706828178038904,27185.76407069943,355.3591486700254,60.04849234993107,0.18460566936505302,139.95150765006895,2,4.802682348418668,2,True,1.9971787735674782e-16,110.39015488926046,0.2633007409913261,7.919756206646358,0.2195452217307158,-0.14579643334176243,-0.06200000000000007,False
115.0,0.0,115.0,False,True,True,geometric_or_robotic_infeasible,ur10e_full_pose_ik_unreachable,ur10e_full_pose_ik_unreachable,,-3.469446951953614e-18,0.40094774600057165,0.6785861523786327,12802.009682493532,-23.530316349558056,2.0097374974902777,1.4696827910052654,29249.40342003285,10526.261506801573,7.964247135358779,4.342259304775005,192.0357528646412,2,6.169634583621035,1,False,0.3133619170861768,nan,nan,nan,nan,nan,nan,False
115.0,10.0,105.0,False,True,True,geometric_or_robotic_infeasible,ur10e_full_pose_ik_unreachable,ur10e_full_pose_ik_unreachable,,-3.469446951953614e-18,0.40094774600057165,0.6977047036782552,12803.255763180998,1.9689313555333425,3.255818184956297,1.9689313555333425,36653.08917229084,9034.845606438526,17.76672286466451,5.393980272779936,182.2332771353355,2,6.145682553661346,2,False,0.2760622047644286,nan,nan,nan,nan,nan,nan,False
115.0,20.0,95.0,False,True,True,geometric_or_robotic_infeasible,ur10e_full_pose_ik_unreachable,ur10e_full_pose_ik_unreachable,,-3.469446951953614e-18,0.40094774600057165,0.7074114465634249,12804.561668851375,2.4083549371508752,4.5617238553331845,2.4083549371508752,41910.646541083624,6243.090140707635,28.450385767317986,4.909849328819637,171.54961423268202,2,6.076334306145201,2,False,0.2394045013207341,nan,nan,nan,nan,nan,nan,False
115.0,30.0,85.0,False,True,True,geometric_or_robotic_infeasible,ur10e_full_pose_ik_unreachable,ur10e_full_pose_ik_unreachable,,-3.469446951953614e-18,0.40094774600057165,0.7074114465634249,12805.887720221688,2.8276328188321123,5.887775225646692,2.8276328188321123,40796.7496480727,4044.7317240191423,34.42340434229982,3.999767999286199,165.57659565770018,2,5.968544349857614,2,False,0.2046471220712444,nan,nan,nan,nan,nan,nan,False
115.0,40.0,75.0,False,True,True,geometric_or_robotic_infeasible,ur10e_full_pose_ik_unreachable,ur10e_full_pose_ik_unreachable,,-3.469446951953614e-18,0.40094774600057165,0.6977047036782551,12807.193625892065,3.267056400449643,7.193680896023579,3.267056400449643,37669.824150157554,2622.6096121689234,37.47973916911067,3.1978396299009386,162.52026083088933,2,5.832248582842962,2,False,0.17229347050249647,nan,nan,nan,nan,nan,nan,False
115.0,50.0,65.0,False,True,True,geometric_or_robotic_infeasible,ur10e_full_pose_ik_unreachable,ur10e_full_pose_ik_unreachable,,-3.469446951953614e-18,0.40094774600057165,0.6785861523786327,12808.439706579531,3.766304964977719,8.439761583489599,3.766304964977719,34630.60678777339,1713.9973825126885,39.36710989705261,2.5809236513191234,160.63289010294739,2,5.678568535245572,2,False,0.1111236075511686,nan,nan,nan,nan,nan,nan,False
115.0,60.0,55.0,False,True,True,geometric_or_robotic_infeasible,ur10e_full_pose_ik_unreachable,ur10e_full_pose_ik_unreachable,,-3.469446951953614e-18,0.40094774600057165,0.6506367001713427,12809.588100752946,4.3632400435577425,9.588155756904598,4.3632400435577425,32252.106119226657,1104.1288880018928,40.95802359471241,2.1111716132067024,159.04197640528758,2,5.518240601746307,2,False,0.11379334119709351,nan,nan,nan,nan,nan,nan,False
115.0,70.0,45.0,False,True,True,blocked_by_current_surrogate_collision_geometry,ur10e_human_intersection,,ur10e_human_intersection,-3.469446951953614e-18,0.40094774600057165,0.6147055770185984,12810.603915036465,5.09275501203342,10.603970040423519,5.09275501203342,30607.90799833023,662.7764827495976,42.6404823568412,1.7420614886271035,157.3595176431588,2,5.36057281910692,2,True,1.1221573302105254e-13,150.14820297425626,0.12263628397291497,17.98590824848328,0.19216370340033861,0.0010000000000000286,-0.06199999999991338,False
115.0,80.0,35.0,False,True,True,blocked_by_current_surrogate_collision_geometry,ur10e_human_intersection,,ur10e_human_intersection,-3.469446951953614e-18,0.40094774600057165,0.5718845319153705,12811.45628442711,5.985714873382638,11.456339431068045,5.985714873382638,29653.683007722666,312.0935541103701,44.58501147968718,1.4366527341011777,155.41498852031282,2,5.212949526690844,2,True,1.7893286267766886e-14,132.16182108095578,0.19306546280931475,11.251778534219605,0.19445382959276106,0.000999999999999987,-0.06199999999998802,False
115.0,85.0,30.0,False,True,True,blocked_by_current_surrogate_collision_geometry,ur10e_human_intersection,,ur10e_human_intersection,-3.469446951953614e-18,0.40094774600057165,0.5482897460005716,12811.812867255909,6.501796670580576,11.812922259867264,6.501796670580576,29419.67164684928,154.26497049615546,45.68135846920851,1.2987072200259964,154.3186415307915,2,5.144657389703344,2,True,2.143930364608829e-15,126.34515337373276,0.21455146070629855,10.053303258895703,0.19493039180178584,0.0010000000000000286,-0.06199999999999894,False
115.0,90.0,25.0,False,True,True,blocked_by_current_surrogate_collision_geometry,ur10e_human_intersection,,ur10e_human_intersection,-3.469446951953614e-18,0.40094774600057165,0.523474660648626,12812.119310112266,7.068018440220421,12.119365116224799,7.068018440220421,29342.586800951947,1.1664317688826524,46.86801293444391,1.1664317688822643,153.13198706555607,2,5.080735055595352,2,True,6.438575921355313e-16,121.81105998623377,0.2306123150061289,9.291385704953017,0.19550676521262297,0.000999999999999987,-0.06200000000000008,False
115.0,95.0,20.0,False,True,True,blocked_by_current_surrogate_collision_geometry,ur10e_human_intersection,,ur10e_human_intersection,-3.469446951953614e-18,0.40094774600057165,0.4976281336428203,12812.373280781008,7.686712397474313,12.373335784966912,7.686712397474313,29421.282651242775,151.92935904053036,48.1486474367985,1.0369042355997433,151.8513525632015,2,5.021556664502247,2,True,5.133820793023044e-16,118.33368699256098,0.24235735395701566,8.788308043574405,0.1963789849345906,0.0010000000000000286,-0.06199999999999999,False
115.0,100.0,15.0,False,True,True,blocked_by_current_surrogate_collision_geometry,ur10e_bed_intersection;ur10e_human_intersection,,ur10e_bed_intersection;ur10e_human_intersection,-3.469446951953614e-18,0.40094774600057165,0.47094687266022844,12812.572846391997,33.35981055304623,12.572901395955341,8.359811412483065,29706.353948670123,306.1241469244749,49.526029463229406,0.9072096653799164,150.4739705367706,2,4.967388723515249,2,True,3.5762243851823837e-16,115.78781755855204,0.25046397997959097,8.459839950083055,0.19770727036915953,-0.01801944829818939,-0.0619999999999999,False
115.0,105.0,10.0,False,True,True,blocked_by_current_surrogate_collision_geometry,ur10e_bed_intersection;ur10e_human_intersection,,ur10e_bed_intersection;ur10e_human_intersection,-3.469446951953614e-18,0.40094774600057165,0.44363393820751346,12812.71648813043,209.0888308623004,12.716543134389212,9.088834300047324,30423.205423952197,449.8466438827063,51.002348192896264,0.774305901291747,148.99765180710375,2,4.918395680109569,2,True,3.243234810980407e-16,114.10100199672796,0.2553738651483331,8.2620892472247,0.19964372063838484,-0.049128742329840325,-0.062000000000000124,False
115.0,110.0,5.0,False,True,True,blocked_by_current_surrogate_collision_geometry,ur10e_bed_intersection;ur10e_human_intersection,,ur10e_bed_intersection;ur10e_human_intersection,-3.469446951953614e-18,0.40094774600057165,0.41589719820786164,12812.803112795946,684.8748665255983,12.803167799904259,9.874874260529737,31801.73678557712,571.8058282199555,52.579357720504106,0.6348787197978268,147.4206422794959,2,4.874644952945594,2,True,6.692643431369432e-16,113.23198654421755,0.2573788027320201,8.17173659137423,0.20234108053610453,-0.07631808966597234,-0.0620000000000005,False
115.0,115.0,0.0,False,True,True,blocked_by_current_surrogate_collision_geometry,ur10e_bed_intersection;ur10e_human_intersection,,ur10e_bed_intersection;ur10e_human_intersection,-3.469446951953614e-18,0.40094774600057165,0.38794774600057164,12812.832061122532,1610.7185768089498,12.832116126490291,10.718590559940594,34076.00978296627,663.6715435016283,54.25833206032262,0.48518036735775627,145.74166793967737,2,4.836111514448215,2,True,5.1351965070123145e-16,113.16025527492606,0.25666074928251686,8.177751074532743,0.20595150512196328,-0.09943631042174819,-0.06200000000000036,False
115.0,120.0,-5.0,False,True,True,blocked_by_current_surrogate_collision_geometry,ur10e_bed_intersection;ur10e_human_intersection,,ur10e_bed_intersection;ur10e_human_intersection,-3.469446951953614e-18,0.3660192105370202,0.353025834373469,12812.803112795946,3136.6201820265997,12.803167799904259,11.620203512524313,37537.842129567915,718.9748482946968,56.0397868537729,0.3208480402614057,143.9602131462271,2,4.802682348418667,2,True,5.603100042927316e-16,113.88141340010226,0.2533086047577194,8.278048573832788,0.21061845432774692,-0.11828227013887074,-0.06199999999999989,False
120.0,0.0,120.0,False,True,True,geometric_or_robotic_infeasible,ur10e_full_pose_ik_unreachable,ur10e_full_pose_ik_unreachable,,-3.469446951953614e-18,0.3833491784053456,0.6480696689925545,18224.735034192134,-22.941645099557654,-0.2648961934755789,2.0583540410056678,41663.141798875105,15004.28699148591,4.105149806651924,3.539015893868103,195.89485019334808,2,6.169634583621034,1,False,0.35560012492529736,nan,nan,nan,nan,nan,nan,False
120.0,10.0,110.0,False,True,True,geometric_or_robotic_infeasible,ur10e_full_pose_ik_unreachable,ur10e_full_pose_ik_unreachable,,-3.469446951953614e-18,0.3833491784053456,0.6716935668094538,18225.93684487506,2.6018726100746217,0.9369144894517376,2.6018726100746217,52176.280054557006,12861.141003155679,14.131541197781658,4.75381835548178,185.86845880221836,2,6.145682553661342,2,False,0.3181088216945143,nan,nan,nan,nan,nan,nan,False
120.0,20.0,100.0,False,True,True,geometric_or_robotic_infeasible,ur10e_full_pose_ik_unreachable,ur10e_full_pose_ik_unreachable,,-3.469446951953614e-18,0.3833491784053456,0.6861612678723126,18227.21771214063,3.066334596497525,2.2177817550218606,3.066334596497525,59657.593246156095,8886.598076585042,24.753249246984655,4.501524658361937,175.24675075301533,2,6.076334306145202,2,False,0.2804811503800631,nan,nan,nan,nan,nan,nan,False
120.0,30.0,90.0,False,True,True,geometric_or_robotic_infeasible,ur10e_full_pose_ik_unreachable,ur10e_full_pose_ik_unreachable,,-3.469446951953614e-18,0.3833491784053456,0.6910331784053456,18228.538717485135,3.490658503988658,3.538787099525507,3.490658503988658,58069.27414494079,5757.068089036953,30.894492269312167,3.7602817226252307,169.10550773068783,2,5.968544349857613,2,False,0.24419364708212588,nan,nan,nan,nan,nan,nan,False
120.0,40.0,80.0,False,True,True,geometric_or_robotic_infeasible,ur10e_full_pose_ik_unreachable,ur10e_full_pose_ik_unreachable,,-3.469446951953614e-18,0.3833491784053456,0.6861612678723125,18229.85972282964,3.914982411479788,4.859792444029154,3.914982411479788,53616.013867853435,3732.6546288876984,34.14557198693756,3.0624744097928676,165.85442801306243,2,5.8322485828429596,2,False,0.21017383336855902,nan,nan,nan,nan,nan,nan,False
120.0,50.0,70.0,False,True,True,geometric_or_robotic_infeasible,ur10e_full_pose_ik_unreachable,ur10e_full_pose_ik_unreachable,,-3.469446951953614e-18,0.3833491784053456,0.6716935668094538,18231.14059009521,4.379444397902694,6.1406597095992765,4.379444397902694,49288.07919439537,2439.2728720961486,36.15687332755768,2.50998321796025,163.8431266724423,2,5.678568535245569,2,False,0.17004841488677325,nan,nan,nan,nan,nan,nan,False
120.0,60.0,60.0,False,True,True,geometric_or_robotic_infeasible,ur10e_full_pose_ik_unreachable,ur10e_full_pose_ik_unreachable,,-3.469446951953614e-18,0.3833491784053456,0.6480696689925545,18232.342400778136,4.922962966971646,7.342470392526593,4.922962966971646,45900.973579250465,1571.166577314779,37.794071161166045,2.0827577231113676,162.20592883883396,2,5.518240601746311,2,False,0.08935278401452261,nan,nan,nan,nan,nan,nan,False
120.0,70.0,50.0,False,True,True,geometric_or_robotic_infeasible,ur10e_full_pose_ik_unreachable,ur10e_full_pose_ik_unreachable,,-3.469446951953614e-18,0.3833491784053456,0.6160073746025119,18233.42863846896,5.582054528141786,8.428708083349193,5.582054528141786,43559.33876205445,942.9438834192081,39.462156780000214,1.74448238535029,160.5378432199998,2,5.360572819106919,2,False,0.12210635764565388,nan,nan,nan,nan,nan,nan,False
120.0,80.0,40.0,False,True,True,blocked_by_current_surrogate_collision_geometry,ur10e_human_intersection,,ur10e_human_intersection,-3.469446951953614e-18,0.3833491784053456,0.5764808802300637,18234.36629838511,6.389723863986015,9.366367999500653,6.389723863986015,42200.021140806224,443.7861633591237,41.349540372204,1.4641297430480762,158.650459627796,2,5.212949526690841,2,True,4.2173791971403107e-16,145.82619307728837,0.1400449209699906,15.712284692183305,0.19979779248534923,0.000999999999999987,-0.06199999999999979,False
120.0,85.0,35.0,False,True,True,blocked_by_current_surrogate_collision_geometry,ur10e_human_intersection,,ur10e_human_intersection,-3.469446951953614e-18,0.3833491784053456,0.5542859643201443,18234.77030737571,6.858379499379803,9.770376990101795,6.858379499379803,41866.46417623604,219.13544939336788,42.40562709219193,1.3377814606689962,157.59437290780807,2,5.144657389703344,2,True,2.9800237421488726e-13,137.36940852100315,0.17319197251757895,12.610644982670346,0.19974509289212994,0.000999999999999987,-0.061999999999782965,False
120.0,90.0,30.0,False,True,True,blocked_by_current_surrogate_collision_geometry,ur10e_human_intersection,,ur10e_human_intersection,-3.469446951953614e-18,0.3833491784053456,0.5306911784053455,18235.126890204512,7.374461296577739,10.126959818902833,7.374461296577739,41756.32410756257,1.2170038897709163,43.54589614567118,1.217003889770938,156.45410385432882,2,5.080735055595347,2,True,2.7656305005726864e-15,131.10924611531476,0.1968860082813399,11.015086758378823,0.19929161434087356,0.0009999999999999731,-0.06199999999999818,False
120.0,95.0,25.0,False,True,True,blocked_by_current_surrogate_collision_geometry,ur10e_human_intersection,,ur10e_human_intersection,-3.469446951953614e-18,0.3833491784053456,0.5058760930533999,18235.433333060868,7.940683066217586,10.433402675258549,7.940683066217586,41867.97156557596,216.69843543100848,44.7748949362506,1.0992325016907694,155.2251050637494,2,5.02155666450225,2,True,6.210750349376829e-16,126.34647110207042,0.2142372954689505,10.056896941534584,0.19888333717208995,0.000999999999999987,-0.062000000000000215,False
120.0,100.0,20.0,False,True,True,blocked_by_current_surrogate_collision_geometry,ur10e_human_intersection,,ur10e_human_intersection,-3.469446951953614e-18,0.3833491784053456,0.48002956604759434,18235.687303729614,33.559376164034646,10.6873733440043,8.55937702347148,42252.45921307452,437.71457590207183,46.09600644465221,0.9819129275899345,153.9039935553478,2,4.967388723515247,2,True,4.554630757320876e-16,122.76680582844965,0.22673138148534722,9.44672413878887,0.19876619200609047,0.000999999999999987,-0.06200000000000011,False
120.0,105.0,15.0,False,True,True,blocked_by_current_surrogate_collision_geometry,ur10e_bed_intersection;ur10e_human_intersection,,ur10e_bed_intersection;ur10e_human_intersection,-3.469446951953614e-18,0.3833491784053456,0.4533483050650023,18235.8868693406,209.23247260073333,10.88693895499091,9.232476038480257,43135.57152227417,652.395801297243,47.51181628739282,0.8623903590938539,152.48818371260717,2,4.91839568010957,2,True,6.449074413587043e-16,120.20531718485434,0.23521403162785406,9.059517353090275,0.19912162870075575,-0.010102902320869016,-0.062000000000000006,False
120.0,110.0,10.0,False,True,True,blocked_by_current_surrogate_collision_geometry,ur10e_bed_intersection;ur10e_human_intersection,,ur10e_bed_intersection;ur10e_human_intersection,-3.469446951953614e-18,0.3833491784053456,0.4260353706122874,18236.030511079032,684.961491191113,11.030580693422962,9.961498926044442,44741.37471765676,851.8678962367308,49.024303271373796,0.7377904759093064,150.9756967286262,2,4.8746449529455935,2,True,4.0186166818330735e-16,118.5698131640238,0.2402084496582625,8.833968752683479,0.20010888660165027,-0.040768584277901004,-0.062000000000000235,False
120.0,115.0,5.0,False,True,True,blocked_by_current_surrogate_collision_geometry,ur10e_bed_intersection;ur10e_human_intersection,,ur10e_bed_intersection;ur10e_human_intersection,-3.469446951953614e-18,0.3833491784053456,0.3982986306126356,18236.11713574455,1610.7475251355363,11.117205358939827,10.747538886527082,47280.6231379374,1030.6748641534082,50.63485509890694,0.6048882186505685,149.36514490109306,2,4.836111514448214,2,True,5.048094149532577e-16,117.8094624691565,0.24204262712321192,8.739212674388403,0.20187815139117143,-0.06717235219179221,-0.06199999999999989,False
120.0,120.0,0.0,False,True,True,blocked_by_current_surrogate_collision_geometry,ur10e_bed_intersection;ur10e_human_intersection,,ur10e_bed_intersection;ur10e_human_intersection,-3.469446951953614e-18,0.3833491784053456,0.3703491784053456,18236.146084071133,3136.591233700013,11.146153685524041,11.591255185937825,50998.47149140382,1185.9018359765662,52.344076749424154,0.45996356137233224,147.65592325057585,2,4.802682348418667,2,True,3.605256157346819e-16,117.90070197298668,0.2409049730769479,8.761998784081827,0.20457032084974727,-0.08919123433960677,-0.061999999999999916,False
