case,attempt_index,arrival_time_s,sample_time_s,accepted,reason,rank,rrqr_rank,condition_number,candidate_residual_rms_nms,bound_hit,active_or_pressured_bounds,candidate_distance_to_truth_span_l2,last_valid_before_distance_to_truth_span_l2,last_valid_after_distance_to_truth_span_l2,accepted_update_movement,candidate_E_meas_nm,candidate_E_oracle_nm,last_valid_after_E_meas_nm,last_valid_after_E_oracle_nm,measurement_fit_improves_without_oracle_improvement,unconstrained_beta,candidate_beta,last_valid_after_beta
ideal_200hz,0,3.8199999999996903,3.8199999999996903,False,bound_hit,11,11,28883.667168306976,0.008066787042338715,True,"[{""index"": 10, ""name"": ""bv2_viscous_damping"", ""direction"": ""lower"", ""constrained_hit"": true, ""bound"": 2.5, ""constrained_candidate"": 2.5000000057340688, ""unconstrained_candidate"": 2.3067519512474592, ""unconstrained_violation"": 0.19324804875254076, ""unconstrained_violation_fraction_of_span"": 0.03864960975050815, ""constrained_distance_to_bound"": 5.734068775353762e-09}]",0.7036113191667671,0.46038359121476413,0.46038359121476413,not_accepted,2.876208756650999,0.9608293324998307,4.307376079741182,4.735718022480572,False,"[1.32313935835288, 0.21220152456625138, 0.34292848003591747, 36.50983118675713, 9.387631367696276, 10.620577919506964, 8.972451556334136, 0.6201109355643133, 1.8516878483724315, 4.916770538751625, 2.3067519512474592]","[1.3321013021811563, 0.21290105679650195, 0.33808512011566394, 36.35340791107424, 9.551227561429638, 10.591401633919892, 9.194345298076033, 0.6248594825712245, 1.7345188955278927, 4.918698031207055, 2.5000000057340688]","[1.4508174768147026, 0.19868084092008, 0.338787595728, 33.064998596820004, 7.607366586, 10.0, 10.0, 0.8726646259971648, 1.7453292519943295, 5.0, 5.0]"
ideal_200hz,1,4.319999999999777,4.319999999999777,True,accepted,11,11,21394.208873735028,0.007941779458720873,False,[],0.6630052110681068,0.46038359121476413,0.44892797591878936,toward_truth,2.649076629979651,0.796577482331573,3.943731185826062,4.321466600611448,False,"[1.5118875454089427, 0.22142193912524802, 0.3127790427821677, 36.382348970322404, 9.635902883491205, 10.912829005263214, 9.521046117300429, 0.5946286385279509, 1.597038536048129, 5.040911176264429, 2.575919882119806]","[1.5118875454089427, 0.22142193912524802, 0.3127790427821677, 36.382348970322404, 9.635902883491205, 10.912829005263214, 9.521046117300429, 0.5946286385279509, 1.597038536048129, 5.040911176264429, 2.575919882119806]","[1.4569244836741266, 0.2009549507405968, 0.3361867404334168, 33.396733634170246, 7.810220215749121, 10.091282900526322, 9.952104611730043, 0.8448610272502434, 1.7305001803997095, 5.004091117626443, 4.85]"
ideal_200hz,2,4.819999999999944,4.819999999999944,False,bound_hit,11,11,18075.42790263137,0.0104763128381089,True,"[{""index"": 1, ""name"": ""b_distal_inertia_combination"", ""direction"": ""upper"", ""constrained_hit"": true, ""bound"": 0.29802126138012003, ""constrained_candidate"": 0.2980212613610931, ""unconstrained_candidate"": 0.35268609316790067, ""unconstrained_violation"": 0.05466483178778064, ""unconstrained_violation_fraction_of_span"": 0.27513891895479614, ""constrained_distance_to_bound"": 1.90269466848747e-11}]",0.7487971934429872,0.44892797591878936,0.44892797591878936,not_accepted,2.491008382900492,0.6590594742382765,3.92105478998026,4.324635985303041,False,"[1.479632099260523, 0.35268609316790067, 0.27769959331828203, 35.726329174971895, 10.864403431745268, 10.521216022729236, 11.046079172726447, 0.9014586522794305, 0.5756357669106769, 4.886143831816072, 4.784274218493153]","[1.3868978445981215, 0.2980212613610931, 0.3167850341759176, 35.612895717442655, 11.017733918603362, 10.468007611233457, 11.300124421657207, 0.9314867079277194, 0.4733992044605848, 4.875950931295232, 4.89445317436172]","[1.4569244836741266, 0.2009549507405968, 0.3361867404334168, 33.396733634170246, 7.810220215749121, 10.091282900526322, 9.952104611730043, 0.8448610272502434, 1.7305001803997095, 5.004091117626443, 4.85]"
ideal_200hz,3,5.320000000000111,5.320000000000111,False,bound_hit,11,11,12353.116184610439,0.011474347377928377,True,"[{""index"": 1, ""name"": ""b_distal_inertia_combination"", ""direction"": ""upper"", ""constrained_hit"": true, ""bound"": 0.29802126138012003, ""constrained_candidate"": 0.29802126134400925, ""unconstrained_candidate"": 0.34021026182954045, ""unconstrained_violation"": 0.04218900044942042, ""unconstrained_violation_fraction_of_span"": 0.21234559031482594, ""constrained_distance_to_bound"": 3.6110781032050454e-11}]",0.6629360865110189,0.44892797591878936,0.44892797591878936,not_accepted,2.362751763538922,0.5619752199049785,3.9090077341740126,4.325420950480836,False,"[1.3031971694453377, 0.34021026182954045, 0.2719252514093983, 39.60132883350252, 8.118344198560264, 10.782403300263393, 11.737862418389726, 1.8125966720159368, 3.3584205833807816, 4.5450619956885, 4.779777067305361]","[1.2140285116536793, 0.29802126134400925, 0.3114222080077115, 39.314189104107754, 8.479708227333662, 10.700160869219149, 11.666449320103856, 1.8742223740833093, 2.9843044185652308, 4.530823636549391, 4.865766381932678]","[1.4569244836741266, 0.2009549507405968, 0.3361867404334168, 33.396733634170246, 7.810220215749121, 10.091282900526322, 9.952104611730043, 0.8448610272502434, 1.7305001803997095, 5.004091117626443, 4.85]"
ideal_200hz,4,5.820000000000278,5.820000000000278,False,bound_hit,11,11,4283.872452304445,0.010552649421933336,True,"[{""index"": 1, ""name"": ""b_distal_inertia_combination"", ""direction"": ""upper"", ""constrained_hit"": true, ""bound"": 0.29802126138012003, ""constrained_candidate"": 0.2980212613356593, ""unconstrained_candidate"": 0.3290797058523668, ""unconstrained_violation"": 0.03105844447224676, ""unconstrained_violation_fraction_of_span"": 0.15632329885668297, ""constrained_distance_to_bound"": 4.4460712889105025e-11}]",0.7562560899411672,0.44892797591878936,0.44892797591878936,not_accepted,2.2591299037399195,0.4853782395941204,3.9062740402373692,4.325423265045829,False,"[1.2894918814358145, 0.3290797058523668, 0.2455876111333152, 40.11944257102168, 8.243504239806198, 10.72965931742372, 11.864191019403583, 2.3058152054860135, 3.187202996740799, 4.44931371991969, 4.745816045334983]","[1.2208820698585898, 0.2980212613356593, 0.2779775365929997, 39.87890441310819, 8.52755480640101, 10.670917405795873, 11.75299389752129, 2.341497963304577, 2.8826235865518792, 4.442208368959863, 4.830283079737828]","[1.4569244836741266, 0.2009549507405968, 0.3361867404334168, 33.396733634170246, 7.810220215749121, 10.091282900526322, 9.952104611730043, 0.8448610272502434, 1.7305001803997095, 5.004091117626443, 4.85]"
ideal_200hz,5,6.320000000000445,6.320000000000445,False,bound_hit,11,11,4020.6075150826878,0.0097381568091441,True,"[{""index"": 1, ""name"": ""b_distal_inertia_combination"", ""direction"": ""upper"", ""constrained_hit"": true, ""bound"": 0.29802126138012003, ""constrained_candidate"": 0.29802126135092666, ""unconstrained_candidate"": 0.31573236646458835, ""unconstrained_violation"": 0.017711105084468326, ""unconstrained_violation_fraction_of_span"": 0.08914349769433819, ""constrained_distance_to_bound"": 2.919336994366972e-11}]",0.669431513154284,0.44892797591878936,0.44892797591878936,not_accepted,2.162021508284646,0.4217622561550989,3.9104472077684376,4.324275465632263,False,"[1.2886575346552405, 0.31573236646458835, 0.2770195155142057, 39.591529472756925, 8.47457611116764, 10.787704404160303, 11.754266535156685, 1.9553936276759107, 2.883618100906146, 4.56245083867839, 4.835330846079575]","[1.2525446149318757, 0.29802126135092666, 0.2953177521955722, 39.52688661182521, 8.515120458961148, 10.77550598057009, 11.719157021515587, 1.9304171565769583, 2.8361258972709886, 4.563887330725456, 4.864295770536957]","[1.4569244836741266, 0.2009549507405968, 0.3361867404334168, 33.396733634170246, 7.810220215749121, 10.091282900526322, 9.952104611730043, 0.8448610272502434, 1.7305001803997095, 5.004091117626443, 4.85]"
ideal_200hz,6,6.820000000000612,6.820000000000612,True,accepted,11,11,4171.094502729844,0.009168379177458002,False,[],0.5971379738950897,0.44892797591878936,0.42987828026677305,toward_truth,2.0774196609917492,0.37293638929229245,3.5636887843298006,3.908295751093336,False,"[1.2643582107636102, 0.2949903733004459, 0.31540875204543095, 39.22988157805406, 8.541081122293141, 10.850820640971113, 11.675146477691886, 1.6202002279687653, 2.7611775638699316, 4.654545641174257, 4.908902721744741]","[1.2643582107636102, 0.2949903733004459, 0.31540875204543095, 39.22988157805406, 8.541081122293141, 10.850820640971113, 11.675146477691886, 1.6202002279687653, 2.7611775638699316, 4.654545641174257, 4.908902721744741]","[1.437667856383075, 0.2069153759681992, 0.3341089415946182, 33.980048428558625, 7.883306306403523, 10.1672366745708, 10.124408798326227, 0.9223949473220956, 1.8335679187467318, 4.969136569981224, 4.855890272174474]"
ideal_200hz,7,7.320000000000779,7.320000000000779,True,accepted,11,11,4325.189300172039,0.008740804523369096,False,[],0.5362046347806773,0.42987828026677305,0.4106220585018936,toward_truth,2.005371427600512,0.33668495647961694,3.2563781458552303,3.533384783372071,False,"[1.307737553013195, 0.28983450489505613, 0.32218409041930895, 39.3284581680391, 8.145266803663796, 11.01574983793569, 11.68561510548952, 1.3112548236422559, 3.1242023529184952, 4.767941983410947, 4.907358080066153]","[1.307737553013195, 0.28983450489505613, 0.32218409041930895, 39.3284581680391, 8.145266803663796, 11.01574983793569, 11.68561510548952, 1.3112548236422559, 3.1242023529184952, 4.767941983410947, 4.907358080066153]","[1.4246748260460869, 0.2128758011958016, 0.33291645647708723, 34.514889402506675, 7.9095023561295505, 10.252087990907288, 10.280529429042556, 0.9612809349541116, 1.9626313621639082, 4.949017111324196, 4.861037052963642]"
ideal_200hz,8,7.820000000000946,7.820000000000946,True,accepted,11,11,3827.529054825926,0.00978020392348451,False,[],0.4038190245482324,0.4106220585018936,0.3806653496353168,toward_truth,1.934754006353275,0.29693928317499396,2.987628417424687,3.1967205393809666,False,"[1.5640056922547008, 0.2807603831924206, 0.32192156209520395, 38.170241771726, 8.087460115278233, 11.461382650142847, 11.670191942723289, 0.23515129684154157, 3.14955355008496, 5.411784166016024, 4.914115933804969]","[1.5640056922547008, 0.2807603831924206, 0.32192156209520395, 38.170241771726, 8.087460115278233, 11.461382650142847, 11.670191942723289, 0.23515129684154157, 3.14955355008496, 5.411784166016024, 4.914115933804969]","[1.4386079126669482, 0.218836226423404, 0.3318169670388989, 34.88042463942861, 7.9272981320444185, 10.373017456830844, 10.419495680410629, 0.8886679711428546, 2.0813235809560133, 4.995293816793378, 4.866344941047775]"
ideal_200hz,9,8.320000000000828,8.320000000000828,True,accepted,11,11,1580.6249524429816,0.009387164607294465,False,[],0.39583790146598535,0.3806653496353168,0.35532417255129656,toward_truth,1.8770668750260109,0.2731780390932678,2.745955477161829,2.886224909911981,False,"[1.5726146070078455, 0.27652976956012876, 0.3337573661989706, 39.21247261213258, 7.7617239570676215, 11.72390738783877, 11.681267293940278, 0.9317156538609704, 3.452206743928941, 5.411867824832345, 4.897480651886549]","[1.5726146070078455, 0.27652976956012876, 0.3337573661989706, 39.21247261213258, 7.7617239570676215, 11.72390738783877, 11.681267293940278, 0.9317156538609704, 3.452206743928941, 5.411867824832345, 4.897480651886549]","[1.452008582101038, 0.22460558073707648, 0.3320110069549061, 35.31362943669901, 7.910740714546739, 10.508106449931637, 10.545672841763594, 0.8929727394146662, 2.218411897253306, 5.036951217597275, 4.8694585121316525]"
ideal_200hz,10,8.820000000000551,8.820000000000551,True,accepted,11,11,775.723732321401,0.009061525492026075,False,[],0.3969098108540094,0.35532417255129656,0.3348515444307674,toward_truth,1.8223898420270974,0.2591079299543751,2.5283057024781774,2.5994013882252927,False,"[1.5740950149110937, 0.27706065059390445, 0.335295827138857, 38.96151481435106, 7.6577664818052975, 11.678250245879152, 11.678488138779104, 0.5394591743561306, 3.534229739759633, 5.402428328045056, 4.886832415218073]","[1.5740950149110937, 0.27706065059390445, 0.335295827138857, 38.96151481435106, 7.6577664818052975, 11.678250245879152, 11.678488138779104, 0.5394591743561306, 3.534229739759633, 5.402428328045056, 4.886832415218073]","[1.4642172253820436, 0.22985108772275928, 0.3323394889733012, 35.67841797446422, 7.885443291272595, 10.625120829526388, 10.658954371465144, 0.8576213829088126, 2.3499936815039386, 5.073498928642053, 4.871195902440294]"
ideal_200hz,11,9.320000000000274,9.320000000000274,True,accepted,11,11,624.7667212988912,0.008936706544137045,False,[],0.4079878770590899,0.3348515444307674,0.32095163444091696,toward_truth,1.7702270122625632,0.24945208694590112,2.3302351332651416,2.332576550180821,False,"[1.5919372697830134, 0.2811453240593686, 0.331677911175651, 39.1299604812908, 7.6865549603531615, 11.762876514329077, 11.663742166422365, 0.7304144447459708, 3.483962524372404, 5.421943518248044, 4.887908086031393]","[1.5919372697830134, 0.2811453240593686, 0.331677911175651, 39.1299604812908, 7.6865549603531615, 11.762876514329077, 11.663742166422365, 0.7304144447459708, 3.483962524372404, 5.421943518248044, 4.887908086031393]","[1.4769892298221405, 0.2349805113564202, 0.33227333119353614, 36.02357222514688, 7.865554458180652, 10.738896398006657, 10.759433150960866, 0.8449006890925285, 2.4633905657907853, 5.108343387602652, 4.872867120799404]"
ideal_200hz,12,9.819999999999997,9.819999999999997,True,accepted,11,11,559.0636009384456,0.0090558171145349,False,[],0.39221346284740377,0.32095163444091696,0.3111403817073194,toward_truth,1.7236258535057927,0.23956957406639642,2.1548610880979906,2.0917019096935943,False,"[1.613833443386326, 0.28317879349404845, 0.3324583843673931, 38.97557328889805, 7.825499120178773, 11.748405525188257, 11.642662465748042, 0.6975905930872336, 3.3260324784567628, 5.396050492632275, 4.905604078272439]","[1.613833443386326, 0.28317879349404845, 0.3324583843673931, 38.97557328889805, 7.825499120178773, 11.748405525188257, 11.642662465748042, 0.6975905930872336, 3.3260324784567628, 5.396050492632275, 4.905604078272439]","[1.490673651178559, 0.23980033957018304, 0.3322918365109218, 36.318772331522, 7.861548924380465, 10.839847310724817, 10.847756082439584, 0.8301696794919989, 2.549654757057383, 5.137114098105614, 4.876140816546707]"
ideal_200hz,13,10.31999999999972,10.31999999999972,True,accepted,11,11,511.9749471909503,0.009016606494411581,False,[],0.3682811732565946,0.3111403817073194,0.30384398337601315,toward_truth,1.677847052993862,0.23146951789321557,2.0049358385706837,1.879526564081887,False,"[1.6212473632708166, 0.28272888654257433, 0.33986064148482603, 38.95241194919524, 7.97135050368857, 11.773957448567801, 11.623470380756306, 0.8138304707958555, 3.164625886886661, 5.3871296123414725, 4.927333477766443]","[1.6212473632708166, 0.28272888654257433, 0.33986064148482603, 38.95241194919524, 7.97135050368857, 11.773957448567801, 11.623470380756306, 0.8138304707958555, 3.164625886886661, 5.3871296123414725, 4.927333477766443]","[1.5037310223877847, 0.24409319426742218, 0.33304871700831223, 36.582136293289324, 7.872529082311275, 10.933258324509115, 10.925327512271256, 0.8285357586223846, 2.6111518700403105, 5.162115649529199, 4.881260082668681]"
ideal_200hz,14,10.819999999999443,10.819999999999443,True,accepted,11,11,490.1875164558812,0.009213885972294947,False,[],0.3481452303150544,0.30384398337601315,0.2973793026536894,toward_truth,1.6352190067936552,0.22450574226321907,1.8782352126000028,1.6909579459161626,False,"[1.660514871798918, 0.28287351041617315, 0.34312335509458414, 38.858857633292665, 8.164011305918615, 11.775011179029088, 11.607025585379349, 0.9048527798951999, 2.959627346456503, 5.374257559811167, 4.940497025502242]","[1.660514871798918, 0.28287351041617315, 0.34312335509458414, 38.858857633292665, 8.164011305918615, 11.775011179029088, 11.607025585379349, 0.9048527798951999, 2.959627346456503, 5.374257559811167, 4.940497025502242]","[1.519409407328898, 0.24797122588229728, 0.33405618081693944, 36.80980842728966, 7.90167730467201, 11.017433609961113, 10.993497319582065, 0.8361674607496661, 2.6459994176819297, 5.183329840557396, 4.887183776952037]"
ideal_200hz,15,11.319999999999165,11.319999999999165,False,bound_hit,11,11,487.13788060655935,0.01843605733543326,True,"[{""index"": 7, ""name"": ""rho1_stiffness_rest_combination"", ""direction"": ""lower"", ""constrained_hit"": true, ""bound"": -0.4363323129985824, ""constrained_candidate"": -0.43633229359265446, ""unconstrained_candidate"": -0.6984288253953529, ""unconstrained_violation"": 0.2620965123967705, ""unconstrained_violation_fraction_of_span"": 0.06006809594173285, ""constrained_distance_to_bound"": 1.9405927920157495e-08}]",0.49399152467980534,0.2973793026536894,0.2973793026536894,not_accepted,1.6005781967471562,0.23578771315938044,1.8716753423739312,1.685468573323246,False,"[1.765506223287376, 0.2855168440854935, 0.29946658093872885, 37.659133997628366, 7.857159191932898, 11.24730365826928, 11.609070637757554, -0.6984288253953529, 3.2552776432062895, 5.451952804917899, 4.936616750585855]","[1.7706666450955157, 0.2889718574253292, 0.3024033779338138, 37.75591530765003, 8.012796819988385, 11.300980845325956, 11.605070221817401, -0.43633229359265446, 3.1001736627648184, 5.452381486999711, 4.938294512161986]","[1.519409407328898, 0.24797122588229728, 0.33405618081693944, 36.80980842728966, 7.90167730467201, 11.017433609961113, 10.993497319582065, 0.8361674607496661, 2.6459994176819297, 5.183329840557396, 4.887183776952037]"
ideal_200hz,16,11.819999999998888,11.819999999998888,False,bound_hit,11,11,456.88774425953955,0.032846436075318786,True,"[{""index"": 1, ""name"": ""b_distal_inertia_combination"", ""direction"": ""upper"", ""constrained_hit"": true, ""bound"": 0.29802126138012003, ""constrained_candidate"": 0.29802126138012003, ""unconstrained_candidate"": 0.25867636903144575, ""unconstrained_violation"": 0.0, ""unconstrained_violation_fraction_of_span"": 0.0, ""constrained_distance_to_bound"": 0.0}, {""index"": 7, ""name"": ""rho1_stiffness_rest_combination"", ""direction"": ""lower"", ""constrained_hit"": true, ""bound"": -0.4363323129985824, ""constrained_candidate"": -0.4363323129985822, ""unconstrained_candidate"": -5.6469268321025945, ""unconstrained_violation"": 5.210594519104012, ""unconstrained_violation_fraction_of_span"": 1.1941802987946348, ""constrained_distance_to_bound"": 1.6653345369377348e-16}]",0.5629928806381614,0.2973793026536894,0.2973793026536894,not_accepted,1.5698995823115875,0.2723342353519847,1.873641504304708,1.6758458165353605,False,"[1.7254291906626822, 0.25867636903144575, 0.2365228428215589, 34.732852030753875, 6.102140742031374, 9.796967642122375, 11.643981093777883, -5.6469268321025945, 4.9917637659950875, 5.596771214211169, 4.8966273291539775]","[1.7863357086292575, 0.29802126138012003, 0.319752087394575, 36.3545161638248, 9.5186699031847, 10.745033509175423, 11.556981249181737, -0.4363323129985822, 1.5874762146627057, 5.656362514951972, 4.944388238934583]","[1.519409407328898, 0.24797122588229728, 0.33405618081693944, 36.80980842728966, 7.90167730467201, 11.017433609961113, 10.993497319582065, 0.8361674607496661, 2.6459994176819297, 5.183329840557396, 4.887183776952037]"
ideal_200hz,17,12.319999999998611,12.319999999998611,False,bound_hit,11,11,423.52998972221855,0.05004147257926308,True,"[{""index"": 1, ""name"": ""b_distal_inertia_combination"", ""direction"": ""upper"", ""constrained_hit"": true, ""bound"": 0.29802126138012003, ""constrained_candidate"": 0.29802126138012003, ""unconstrained_candidate"": 0.2034873921415529, ""unconstrained_violation"": 0.0, ""unconstrained_violation_fraction_of_span"": 0.0, ""constrained_distance_to_bound"": 0.0}, {""index"": 7, ""name"": ""rho1_stiffness_rest_combination"", ""direction"": ""lower"", ""constrained_hit"": true, ""bound"": -0.4363323129985824, ""constrained_candidate"": -0.4363323129985822, ""unconstrained_candidate"": -10.583104055944668, ""unconstrained_violation"": 10.146771742946086, ""unconstrained_violation_fraction_of_span"": 2.3254687862136523, ""constrained_distance_to_bound"": 1.6653345369377348e-16}, {""index"": 8, ""name"": ""rho2_stiffness_rest_combination"", ""direction"": ""lower"", ""constrained_hit"": true, ""bound"": 0.0, ""constrained_candidate"": 2.631228568361621e-13, ""unconstrained_candidate"": 6.983594531733255, ""unconstrained_violation"": 0.0, ""unconstrained_violation_fraction_of_span"": 0.0, ""constrained_distance_to_bound"": 2.631228568361621e-13}]",0.8112032482652871,0.2973793026536894,0.2973793026536894,not_accepted,1.5418554752119278,0.3372256178990687,1.873570392377889,1.664170651730642,False,"[1.5120362973099186, 0.2034873921415529, 0.2422161095449339, 32.0732439965449, 4.091303702361969, 8.426674657163325, 11.682029907629218, -10.583104055944668, 6.983594531733255, 5.595330907281159, 4.862884761956981]","[1.5443635559754165, 0.29802126138012003, 0.4460775739273544, 34.87860012498735, 11.105293465194897, 10.17698584487145, 11.510992815692951, -0.4363323129985822, 2.631228568361621e-13, 5.749957185366059, 4.967520364504402]","[1.519409407328898, 0.24797122588229728, 0.33405618081693944, 36.80980842728966, 7.90167730467201, 11.017433609961113, 10.993497319582065, 0.8361674607496661, 2.6459994176819297, 5.183329840557396, 4.887183776952037]"
ideal_200hz,18,12.819999999998334,12.819999999998334,False,bound_hit,11,11,412.27644041395666,0.05347472788008663,True,"[{""index"": 1, ""name"": ""b_distal_inertia_combination"", ""direction"": ""upper"", ""constrained_hit"": true, ""bound"": 0.29802126138012003, ""constrained_candidate"": 0.29802126138012003, ""unconstrained_candidate"": 0.25907478066873296, ""unconstrained_violation"": 0.0, ""unconstrained_violation_fraction_of_span"": 0.0, ""constrained_distance_to_bound"": 0.0}, {""index"": 7, ""name"": ""rho1_stiffness_rest_combination"", ""direction"": ""lower"", ""constrained_hit"": true, ""bound"": -0.4363323129985824, ""constrained_candidate"": -0.4363323129985822, ""unconstrained_candidate"": -7.3564124470623815, ""unconstrained_violation"": 6.920080134063799, ""unconstrained_violation_fraction_of_span"": 1.5859655422967225, ""constrained_distance_to_bound"": 1.6653345369377348e-16}, {""index"": 8, ""name"": ""rho2_stiffness_rest_combination"", ""direction"": ""upper"", ""constrained_hit"": false, ""bound"": 5.235987755982989, ""constrained_candidate"": 0.09433960690427878, ""unconstrained_candidate"": 5.546461214520339, ""unconstrained_violation"": 0.3104734585373503, ""unconstrained_violation_fraction_of_span"": 0.059296062750067095, ""constrained_distance_to_bound"": 5.14164814907871}]",0.7757655128006172,0.2973793026536894,0.2973793026536894,not_accepted,1.5203004590040523,0.35041023972629365,1.8589680126788726,1.6516300240125612,False,"[1.6807788638852093, 0.25907478066873296, 0.20349024083250666, 33.69012037762429, 5.52985751012079, 9.267711032667536, 11.640739010361598, -7.3564124470623815, 5.546461214520339, 5.838537630394743, 4.896319597347617]","[1.6250295013792857, 0.29802126138012003, 0.39653048059966817, 34.98603570181508, 11.005290189404816, 10.16496787568261, 11.511970618519834, -0.4363323129985822, 0.09433960690427878, 5.881554665180505, 4.962860540902268]","[1.519409407328898, 0.24797122588229728, 0.33405618081693944, 36.80980842728966, 7.90167730467201, 11.017433609961113, 10.993497319582065, 0.8361674607496661, 2.6459994176819297, 5.183329840557396, 4.887183776952037]"
ideal_200hz,19,13.319999999998057,13.319999999998057,False,bound_hit,11,11,409.67407014626383,0.06940067844806963,True,"[{""index"": 1, ""name"": ""b_distal_inertia_combination"", ""direction"": ""upper"", ""constrained_hit"": true, ""bound"": 0.29802126138012003, ""constrained_candidate"": 0.29802126138012, ""unconstrained_candidate"": 0.2775979606785346, ""unconstrained_violation"": 0.0, ""unconstrained_violation_fraction_of_span"": 0.0, ""constrained_distance_to_bound"": 5.551115123125783e-17}, {""index"": 7, ""name"": ""rho1_stiffness_rest_combination"", ""direction"": ""lower"", ""constrained_hit"": true, ""bound"": -0.4363323129985824, ""constrained_candidate"": -0.43633231299856023, ""unconstrained_candidate"": -2.9821661227521936, ""unconstrained_violation"": 2.5458338097536113, ""unconstrained_violation_fraction_of_span"": 0.5834621305623732, ""constrained_distance_to_bound"": 2.2148949341271873e-14}]",0.6107096115738591,0.2973793026536894,0.2973793026536894,not_accepted,1.4879346253650019,0.3283520790994813,1.8387412985381106,1.6385287251358136,False,"[1.5413629566575573, 0.2775979606785346, 0.3042872982755896, 35.86349391882197, 7.493337486605743, 10.367302662084088, 11.587040014658813, -2.9821661227521936, 3.5871136640252317, 6.432796755284395, 4.935628727863914]","[1.5331792842414507, 0.29802126138012, 0.37244095762605456, 36.27902061171673, 9.575605355913282, 10.673377389345037, 11.542036087438618, -0.43633231299856023, 1.5146894355461256, 6.422785267156078, 4.950574546831822]","[1.519409407328898, 0.24797122588229728, 0.33405618081693944, 36.80980842728966, 7.90167730467201, 11.017433609961113, 10.993497319582065, 0.8361674607496661, 2.6459994176819297, 5.183329840557396, 4.887183776952037]"
ideal_200hz,20,13.81999999999778,13.81999999999778,False,bound_hit,11,11,411.7813656904414,0.07525158047973539,True,"[{""index"": 7, ""name"": ""rho1_stiffness_rest_combination"", ""direction"": ""lower"", ""constrained_hit"": true, ""bound"": -0.4363323129985824, ""constrained_candidate"": -0.4363322623487854, ""unconstrained_candidate"": -1.0002195555809599, ""unconstrained_violation"": 0.5638872425823775, ""unconstrained_violation_fraction_of_span"": 0.1292334364849595, ""constrained_distance_to_bound"": 5.0649796967672245e-08}]",0.5878044597359446,0.2973793026536894,0.2973793026536894,not_accepted,1.4562565506498433,0.31695572256089016,1.818420295763827,1.6254226033352874,False,"[1.3285858373714647, 0.263787239296601, 0.4173352437291117, 36.855179882790765, 8.377344333750024, 10.865838581054012, 11.562073521751017, -1.0002195555809599, 2.7029791601106137, 6.735648632364117, 4.9456215582688]","[1.3366584748688555, 0.27439841748119254, 0.4282211992492544, 36.938556902644194, 8.848280980271735, 10.92988078211789, 11.552641240765434, -0.4363322623487854, 2.23461931360525, 6.729827060865235, 4.947958052294865]","[1.519409407328898, 0.24797122588229728, 0.33405618081693944, 36.80980842728966, 7.90167730467201, 11.017433609961113, 10.993497319582065, 0.8361674607496661, 2.6459994176819297, 5.183329840557396, 4.887183776952037]"
ideal_200hz,21,14.319999999997503,14.319999999997503,True,accepted,11,11,416.2672489234057,0.07692462428057258,False,[],0.6209261722955859,0.2973793026536894,0.2933387571568694,toward_truth,1.426965329116004,0.3091092681950019,1.6917024332580348,1.4476789879468914,False,"[1.2308572828563595, 0.2571118915726824, 0.4689650894861285, 37.305547086843085, 8.768070535958358, 11.092690005794172, 11.551418847597187, -0.11175635300753262, 2.3115733823968205, 6.873394492150542, 4.947359027518671]","[1.2308572828563595, 0.2571118915726824, 0.4689650894861285, 37.305547086843085, 8.768070535958358, 11.092690005794172, 11.551418847597187, -0.11175635300753262, 2.3115733823968205, 6.873394492150542, 4.947359027518671]","[1.490554194881644, 0.24888529245133578, 0.34421980868877944, 36.859382293245005, 7.9883166278006446, 11.02495924954442, 11.049289472383578, 0.7413750793739462, 2.612556814153419, 5.333329840557396, 4.8932013020087]"
ideal_200hz,22,14.819999999997226,14.819999999997226,False,non_positive_definite_mass_matrix,11,11,421.7137601766155,0.07746292405791165,False,[],0.6557507149959623,0.2933387571568694,0.2933387571568694,not_accepted,1.4007087090991748,0.3029144927597578,1.6731773082353185,1.436782075472588,False,"[1.1916605655621044, 0.2527151770290713, 0.49039299221610844, 37.564596220192655, 8.977252745094898, 11.221699159083375, 11.545956073486515, 0.3838018845621365, 2.101704806068815, 6.9610856054558, 4.947274566395786]","[1.1916605655621044, 0.2527151770290713, 0.49039299221610844, 37.564596220192655, 8.977252745094898, 11.221699159083375, 11.545956073486515, 0.3838018845621365, 2.101704806068815, 6.9610856054558, 4.947274566395786]","[1.490554194881644, 0.24888529245133578, 0.34421980868877944, 36.859382293245005, 7.9883166278006446, 11.02495924954442, 11.049289472383578, 0.7413750793739462, 2.612556814153419, 5.333329840557396, 4.8932013020087]"
ideal_200hz,23,15.319999999996949,15.319999999996949,True,accepted,11,11,424.44740409871383,0.08541800803813908,False,[],0.648541424439024,0.2933387571568694,0.28691873376440447,toward_truth,1.3790803151366895,0.30240621086586206,1.563754257006554,1.2849610396019213,False,"[1.3627360401259758, 0.17047738850623664, 0.40050184898024593, 37.45735023328265, 8.426101511327461, 11.091262000065766, 11.55263997941559, -0.2718875655126224, 2.644116790706021, 7.301874702005762, 4.949345648741816]","[1.3627360401259758, 0.17047738850623664, 0.40050184898024593, 37.45735023328265, 8.426101511327461, 11.091262000065766, 11.55263997941559, -0.2718875655126224, 2.644116790706021, 7.301874702005762, 4.949345648741816]","[1.4777723794060773, 0.24292486722373338, 0.3498480127179261, 36.91917908724877, 8.032095116153327, 11.031589524596555, 11.099624523086778, 0.6400488148852893, 2.615712811808679, 5.4833298405573965, 4.898815736682012]"
ideal_200hz,24,15.819999999996671,15.819999999996671,False,"bound_hit,non_positive_definite_mass_matrix",11,11,416.74095749938726,0.09423610666803314,True,"[{""index"": 1, ""name"": ""b_distal_inertia_combination"", ""direction"": ""lower"", ""constrained_hit"": true, ""bound"": 0.09934042046004, ""constrained_candidate"": 0.09934042046004002, ""unconstrained_candidate"": 0.03680270958142451, ""unconstrained_violation"": 0.0625377108786155, ""unconstrained_violation_fraction_of_span"": 0.3147646778069128, ""constrained_distance_to_bound"": 1.3877787807814457e-17}, {""index"": 7, ""name"": ""rho1_stiffness_rest_combination"", ""direction"": ""lower"", ""constrained_hit"": true, ""bound"": -0.4363323129985824, ""constrained_candidate"": -0.4363323129713458, ""unconstrained_candidate"": -2.7752663633146084, ""unconstrained_violation"": 2.338934050316026, ""unconstrained_violation_fraction_of_span"": 0.5360441985701906, ""constrained_distance_to_bound"": 2.7236601862767884e-11}, {""index"": 9, ""name"": ""bv1_viscous_damping"", ""direction"": ""upper"", ""constrained_hit"": true, ""bound"": 7.5, ""constrained_candidate"": 7.5, ""unconstrained_candidate"": 7.909054422596489, ""unconstrained_violation"": 0.4090544225964887, ""unconstrained_violation_fraction_of_span"": 0.08181088451929774, ""constrained_distance_to_bound"": 0.0}]",0.8829325983899914,0.28691873376440447,0.28691873376440447,not_accepted,1.3578166814205859,0.3214857364117742,1.542720066079857,1.2821880808480532,False,"[1.3183176899773337, 0.03680270958142451, 0.39792715659319283, 36.677140847148394, 6.769915456398497, 10.51012684932263, 11.573565407854861, -2.7752663633146084, 4.2803590062989425, 7.909054422596489, 4.961189196683482]","[1.4599895436998158, 0.09934042046004002, 0.394386804913005, 37.35599165601517, 8.364709234307592, 10.987641319847736, 11.546411197488311, -0.4363323129713458, 2.694655321135802, 7.5, 4.946815016105479]","[1.4777723794060773, 0.24292486722373338, 0.3498480127179261, 36.91917908724877, 8.032095116153327, 11.031589524596555, 11.099624523086778, 0.6400488148852893, 2.615712811808679, 5.4833298405573965, 4.898815736682012]"
ideal_200hz,25,16.319999999996963,16.319999999996963,False,"bound_hit,non_positive_definite_mass_matrix",11,11,400.3117485018139,0.0991748066689247,True,"[{""index"": 1, ""name"": ""b_distal_inertia_combination"", ""direction"": ""lower"", ""constrained_hit"": true, ""bound"": 0.09934042046004, ""constrained_candidate"": 0.0993404204600402, ""unconstrained_candidate"": 0.0007709836225981981, ""unconstrained_violation"": 0.0985694368374418, ""unconstrained_violation_fraction_of_span"": 0.4961194868160018, ""constrained_distance_to_bound"": 1.942890293094024e-16}, {""index"": 7, ""name"": ""rho1_stiffness_rest_combination"", ""direction"": ""lower"", ""constrained_hit"": true, ""bound"": -0.4363323129985824, ""constrained_candidate"": -0.4363323129985822, ""unconstrained_candidate"": -4.0903995675663865, ""unconstrained_violation"": 3.654067254567804, ""unconstrained_violation_fraction_of_span"": 0.837450526974764, ""constrained_distance_to_bound"": 1.6653345369377348e-16}, {""index"": 9, ""name"": ""bv1_viscous_damping"", ""direction"": ""upper"", ""constrained_hit"": true, ""bound"": 7.5, ""constrained_candidate"": 7.5, ""unconstrained_candidate"": 8.149266621595787, ""unconstrained_violation"": 0.6492666215957872, ""unconstrained_violation_fraction_of_span"": 0.12985332431915744, ""constrained_distance_to_bound"": 0.0}]",0.9317590225731832,0.28691873376440447,0.28691873376440447,not_accepted,1.334670337488241,0.34269827668408726,1.5254010438805448,1.288163732426273,False,"[1.2067655906027261, 0.0007709836225981981, 0.4254852486540415, 36.293741821276775, 5.876516393909366, 10.225100336805694, 11.585551138456179, -4.0903995675663865, 5.164107146306358, 8.149266621595787, 4.970537939833632]","[1.340348795272148, 0.0993404204600402, 0.46709726726486045, 37.37461223263405, 8.35497493002298, 10.95300571734538, 11.542717483887245, -0.4363323129985822, 2.6985147501328806, 7.5, 4.938476458103194]","[1.4777723794060773, 0.24292486722373338, 0.3498480127179261, 36.91917908724877, 8.032095116153327, 11.031589524596555, 11.099624523086778, 0.6400488148852893, 2.615712811808679, 5.4833298405573965, 4.898815736682012]"
ideal_200hz,26,16.819999999997574,16.819999999997574,False,"bound_hit,non_positive_definite_mass_matrix",11,11,378.3236126328101,0.09927421685260125,True,"[{""index"": 1, ""name"": ""b_distal_inertia_combination"", ""direction"": ""lower"", ""constrained_hit"": true, ""bound"": 0.09934042046004, ""constrained_candidate"": 0.09934042046004302, ""unconstrained_candidate"": 0.0010035235318871238, ""unconstrained_violation"": 0.09833689692815288, ""unconstrained_violation_fraction_of_span"": 0.49494906742270733, ""constrained_distance_to_bound"": 3.011479954295737e-15}, {""index"": 7, ""name"": ""rho1_stiffness_rest_combination"", ""direction"": ""lower"", ""constrained_hit"": true, ""bound"": -0.4363323129985824, ""constrained_candidate"": -0.4363323122415853, ""unconstrained_candidate"": -1.74917582818733, ""unconstrained_violation"": 1.3128435151887476, ""unconstrained_violation_fraction_of_span"": 0.30088157032573776, ""constrained_distance_to_bound"": 7.569970761345246e-10}, {""index"": 9, ""name"": ""bv1_viscous_damping"", ""direction"": ""upper"", ""constrained_hit"": true, ""bound"": 7.5, ""constrained_candidate"": 7.5, ""unconstrained_candidate"": 7.963669794488004, ""unconstrained_violation"": 0.4636697944880037, ""unconstrained_violation_fraction_of_span"": 0.09273395889760075, ""constrained_distance_to_bound"": 0.0}]",0.8789561048238594,0.28691873376440447,0.28691873376440447,not_accepted,1.3129419793664052,0.34107532596816875,1.517563743723811,1.2909655018350876,False,"[1.426041805993401, 0.0010035235318871238, 0.4251341773326802, 36.821260363309484, 7.620723864160262, 10.641272128355375, 11.551369329738565, -1.74917582818733, 3.421421291993357, 7.963669794488004, 4.928061710634145]","[1.5009323512040018, 0.09934042046004302, 0.41648238183607994, 37.397951785446104, 8.317948672944606, 10.997273109493516, 11.543368044897026, -0.4363323122415853, 2.7310880715764188, 7.5, 4.918342411574004]","[1.4777723794060773, 0.24292486722373338, 0.3498480127179261, 36.91917908724877, 8.032095116153327, 11.031589524596555, 11.099624523086778, 0.6400488148852893, 2.615712811808679, 5.4833298405573965, 4.898815736682012]"
ideal_200hz,27,17.319999999998185,17.319999999998185,False,"bound_hit,non_positive_definite_mass_matrix",11,11,352.2637444172615,0.09831309335255649,True,"[{""index"": 1, ""name"": ""b_distal_inertia_combination"", ""direction"": ""lower"", ""constrained_hit"": true, ""bound"": 0.09934042046004, ""constrained_candidate"": 0.09934042046004002, ""unconstrained_candidate"": 0.02551777235447769, ""unconstrained_violation"": 0.07382264810556231, ""unconstrained_violation_fraction_of_span"": 0.371564000653982, ""constrained_distance_to_bound"": 1.3877787807814457e-17}, {""index"": 7, ""name"": ""rho1_stiffness_rest_combination"", ""direction"": ""lower"", ""constrained_hit"": true, ""bound"": -0.4363323129985824, ""constrained_candidate"": -0.4363323129902389, ""unconstrained_candidate"": -0.5174744963445198, ""unconstrained_violation"": 0.08114218334593742, ""unconstrained_violation_fraction_of_span"": 0.018596418584795726, ""constrained_distance_to_bound"": 8.343492563511745e-12}, {""index"": 9, ""name"": ""bv1_viscous_damping"", ""direction"": ""upper"", ""constrained_hit"": true, ""bound"": 7.5, ""constrained_candidate"": 7.499999999991729, ""unconstrained_candidate"": 7.943718840008292, ""unconstrained_violation"": 0.44371884000829187, ""unconstrained_violation_fraction_of_span"": 0.08874376800165837, ""constrained_distance_to_bound"": 8.270717444247566e-12}]",0.8730463316761425,0.28691873376440447,0.28691873376440447,not_accepted,1.2918863333616495,0.3359870557963791,1.5089660019189222,1.2890787167902757,False,"[1.473313323782471, 0.02551777235447769, 0.4385185425604968, 37.1025790346137, 8.535216551001563, 10.850825678194893, 11.535026340052548, -0.5174744963445198, 2.5087406683733255, 7.943718840008292, 4.906955816867895]","[1.5346998198080355, 0.09934042046004002, 0.4069669422037196, 37.4771623480833, 8.22590548172644, 11.05592742217163, 11.545371685873889, -0.4363323129902389, 2.82151784624529, 7.499999999991729, 4.915408941513664]","[1.4777723794060773, 0.24292486722373338, 0.3498480127179261, 36.91917908724877, 8.032095116153327, 11.031589524596555, 11.099624523086778, 0.6400488148852893, 2.615712811808679, 5.4833298405573965, 4.898815736682012]"
ideal_200hz,28,17.819999999998796,17.819999999998796,False,"bound_hit,non_positive_definite_mass_matrix",11,11,334.09658593965827,0.0989998905952311,True,"[{""index"": 9, ""name"": ""bv1_viscous_damping"", ""direction"": ""upper"", ""constrained_hit"": true, ""bound"": 7.5, ""constrained_candidate"": 7.5, ""unconstrained_candidate"": 7.847122558939214, ""unconstrained_violation"": 0.34712255893921373, ""unconstrained_violation_fraction_of_span"": 0.06942451178784274, ""constrained_distance_to_bound"": 0.0}]",0.8874230951189449,0.28691873376440447,0.28691873376440447,not_accepted,1.2725510608438968,0.3404741980071567,1.498996876426019,1.2873091335360034,False,"[1.3904587339277459, 0.13642048018610775, 0.4792695216910471, 37.81646703265929, 10.16662216034005, 11.325064872441578, 11.508710587668029, 1.902979303157002, 0.8852712404902056, 7.847122558939214, 4.876078345691766]","[1.3627037751736246, 0.10025252996318604, 0.455534009339316, 37.91968333806283, 8.796863050545062, 11.343908672819143, 11.533541944389633, 0.6288653853707692, 2.2511707754254457, 7.5, 4.904545958645285]","[1.4777723794060773, 0.24292486722373338, 0.3498480127179261, 36.91917908724877, 8.032095116153327, 11.031589524596555, 11.099624523086778, 0.6400488148852893, 2.615712811808679, 5.4833298405573965, 4.898815736682012]"
ideal_200hz,29,18.319999999999407,18.319999999999407,False,"bound_hit,non_positive_definite_mass_matrix",11,11,335.6348476689522,0.10366419312546275,True,"[{""index"": 9, ""name"": ""bv1_viscous_damping"", ""direction"": ""upper"", ""constrained_hit"": true, ""bound"": 7.5, ""constrained_candidate"": 7.5, ""unconstrained_candidate"": 7.5482601203655895, ""unconstrained_violation"": 0.048260120365589465, ""unconstrained_violation_fraction_of_span"": 0.009652024073117892, ""constrained_distance_to_bound"": 0.0}]",1.065607430588393,0.28691873376440447,0.28691873376440447,not_accepted,1.255084289530675,0.3523183688320517,1.4926526890653495,1.2938261997441887,False,"[1.37917836218093, 0.19382889139246934, 0.48728559644777225, 38.57888708516343, 11.018916305718955, 11.807513692422164, 11.49317845529576, 3.5859331574477418, 0.0333316920993636, 7.5482601203655895, 4.843001729615892]","[1.3753317150028606, 0.1869661298562938, 0.48312873687765484, 38.57778364885075, 10.782592010754772, 11.799459579203535, 11.497475966411692, 3.3457314030168477, 0.269050606630179, 7.5, 4.848366235916594]","[1.4777723794060773, 0.24292486722373338, 0.3498480127179261, 36.91917908724877, 8.032095116153327, 11.031589524596555, 11.099624523086778, 0.6400488148852893, 2.615712811808679, 5.4833298405573965, 4.898815736682012]"
ideal_200hz,30,18.820000000000018,18.820000000000018,False,bound_hit,11,11,334.0509646819964,0.1055754910108442,True,"[{""index"": 7, ""name"": ""rho1_stiffness_rest_combination"", ""direction"": ""upper"", ""constrained_hit"": false, ""bound"": 3.926990816987241, ""constrained_candidate"": 3.8660753978626525, ""unconstrained_candidate"": 4.158133162856652, ""unconstrained_violation"": 0.23114234586941107, ""unconstrained_violation_fraction_of_span"": 0.05297392354028157, ""constrained_distance_to_bound"": 0.06091541912458842}, {""index"": 8, ""name"": ""rho2_stiffness_rest_combination"", ""direction"": ""lower"", ""constrained_hit"": true, ""bound"": 0.0, ""constrained_candidate"": 2.220446049250313e-16, ""unconstrained_candidate"": -0.29816398290582513, ""unconstrained_violation"": 0.29816398290582513, ""unconstrained_violation_fraction_of_span"": 0.05694512607771534, ""constrained_distance_to_bound"": 2.220446049250313e-16}]",1.1475142135759773,0.28691873376440447,0.28691873376440447,not_accepted,1.2371686921050955,0.3430660772488353,1.490301900735614,1.3037573419933097,False,"[1.5015004354323993, 0.18511487280444533, 0.47738453035572087, 38.8148179183145, 11.34222238223494, 11.962121023745539, 11.48117223051444, 4.158133162856652, -0.29816398290582513, 7.390289405968792, 4.809937999294003]","[1.4943824625240212, 0.17791620139027914, 0.47238420343233767, 38.819518301388996, 11.043637822783165, 11.959269646601376, 11.486896156131252, 3.8660753978626525, 2.220446049250313e-16, 7.380229310650854, 4.817112168813427]","[1.4777723794060773, 0.24292486722373338, 0.3498480127179261, 36.91917908724877, 8.032095116153327, 11.031589524596555, 11.099624523086778, 0.6400488148852893, 2.615712811808679, 5.4833298405573965, 4.898815736682012]"
ideal_200hz,31,19.32000000000063,19.32000000000063,False,bound_hit,11,11,332.18828770271926,0.10461067379017107,True,"[{""index"": 4, ""name"": ""g2_distal_gravity_combination"", ""direction"": ""upper"", ""constrained_hit"": false, ""bound"": 11.411049879, ""constrained_candidate"": 11.036871212908544, ""unconstrained_candidate"": 11.442646179312442, ""unconstrained_violation"": 0.03159630031244198, ""unconstrained_violation_fraction_of_span"": 0.00415338211393537, ""constrained_distance_to_bound"": 0.37417866609145634}, {""index"": 7, ""name"": ""rho1_stiffness_rest_combination"", ""direction"": ""upper"", ""constrained_hit"": false, ""bound"": 3.926990816987241, ""constrained_candidate"": 3.9007127957947634, ""unconstrained_candidate"": 4.295541013556915, ""unconstrained_violation"": 0.3685501965696738, ""unconstrained_violation_fraction_of_span"": 0.08446548320863673, ""constrained_distance_to_bound"": 0.026278021192477574}, {""index"": 8, ""name"": ""rho2_stiffness_rest_combination"", ""direction"": ""lower"", ""constrained_hit"": true, ""bound"": 0.0, ""constrained_candidate"": 2.220446049250313e-16, ""unconstrained_candidate"": -0.4053679038491669, ""unconstrained_violation"": 0.4053679038491669, ""unconstrained_violation_fraction_of_span"": 0.07741956680207407, ""constrained_distance_to_bound"": 2.220446049250313e-16}]",1.1338334504224756,0.28691873376440447,0.28691873376440447,not_accepted,1.220152880673552,0.3362369326639499,1.487410502711991,1.3068303124847322,False,"[1.5503125865709257, 0.1924388827617262, 0.46273826561493775, 38.851947301538694, 11.442646179312442, 11.986820615312402, 11.474698806573539, 4.295541013556915, -0.4053679038491669, 7.37735594563821, 4.800526235459063]","[1.539749583557982, 0.18189924090421133, 0.45694811679000535, 38.860268138474574, 11.036871212908544, 11.984111048166403, 11.482563746968516, 3.9007127957947634, 2.220446049250313e-16, 7.363404015008485, 4.81048470023177]","[1.4777723794060773, 0.24292486722373338, 0.3498480127179261, 36.91917908724877, 8.032095116153327, 11.031589524596555, 11.099624523086778, 0.6400488148852893, 2.615712811808679, 5.4833298405573965, 4.898815736682012]"
ideal_200hz,32,19.82000000000124,19.82000000000124,False,bound_hit,11,11,336.3760813061765,0.10342200228925431,True,"[{""index"": 4, ""name"": ""g2_distal_gravity_combination"", ""direction"": ""upper"", ""constrained_hit"": false, ""bound"": 11.411049879, ""constrained_candidate"": 11.031225320779434, ""unconstrained_candidate"": 11.461261400014868, ""unconstrained_violation"": 0.0502115210148677, ""unconstrained_violation_fraction_of_span"": 0.006600381412836479, ""constrained_distance_to_bound"": 0.37982455822056593}, {""index"": 7, ""name"": ""rho1_stiffness_rest_combination"", ""direction"": ""upper"", ""constrained_hit"": true, ""bound"": 3.926990816987241, ""constrained_candidate"": 3.926990816985972, ""unconstrained_candidate"": 4.375454670402563, ""unconstrained_violation"": 0.44846385341532224, ""unconstrained_violation_fraction_of_span"": 0.1027803442594863, ""constrained_distance_to_bound"": 1.2687628725416289e-12}, {""index"": 8, ""name"": ""rho2_stiffness_rest_combination"", ""direction"": ""lower"", ""constrained_hit"": true, ""bound"": 0.0, ""constrained_candidate"": 3.163064254962933e-09, ""unconstrained_candidate"": -0.42954910379083144, ""unconstrained_violation"": 0.42954910379083144, ""unconstrained_violation_fraction_of_span"": 0.0820378358028053, ""constrained_distance_to_bound"": 3.163064254962933e-09}]",1.1513202122464818,0.28691873376440447,0.28691873376440447,not_accepted,1.2043691889078811,0.3325721084168667,1.4831052511438727,1.308641830423392,False,"[1.519630682195347, 0.18372951970960563, 0.4650572800055287, 38.91174825371386, 11.461261400014868, 12.018686171143665, 11.470072181545502, 4.375454670402563, -0.42954910379083144, 7.366903626423967, 4.797187295753994]","[1.5090601878406065, 0.1722029928071046, 0.4577734431672953, 38.895212882223355, 11.031225320779434, 11.998823392592678, 11.47835947965982, 3.926990816985972, 3.163064254962933e-09, 7.35133631542741, 4.807741829760751]","[1.4777723794060773, 0.24292486722373338, 0.3498480127179261, 36.91917908724877, 8.032095116153327, 11.031589524596555, 11.099624523086778, 0.6400488148852893, 2.615712811808679, 5.4833298405573965, 4.898815736682012]"
ideal_200hz,33,20.32000000000185,20.32000000000185,False,bound_hit,11,11,341.5240161616745,0.10380832129673664,True,"[{""index"": 7, ""name"": ""rho1_stiffness_rest_combination"", ""direction"": ""upper"", ""constrained_hit"": true, ""bound"": 3.926990816987241, ""constrained_candidate"": 3.9269908169861565, ""unconstrained_candidate"": 4.256136063484285, ""unconstrained_violation"": 0.32914524649704413, ""unconstrained_violation_fraction_of_span"": 0.0754345338842951, ""constrained_distance_to_bound"": 1.084465850453853e-12}, {""index"": 8, ""name"": ""rho2_stiffness_rest_combination"", ""direction"": ""lower"", ""constrained_hit"": false, ""bound"": 0.0, ""constrained_candidate"": 0.017109131493318053, ""unconstrained_candidate"": -0.2839010578578678, ""unconstrained_violation"": 0.2839010578578678, ""unconstrained_violation_fraction_of_span"": 0.054221108048517395, ""constrained_distance_to_bound"": 0.017109131493318053}]",1.1798783916356526,0.28691873376440447,0.28691873376440447,not_accepted,1.1919271001100207,0.3287541147236155,1.480752161423358,1.3120657979218817,False,"[1.447183537699225, 0.15600112035705602, 0.44247282461867465, 38.96247767161522, 11.309914711219985, 12.02235782225577, 11.468782060538743, 4.256136063484285, -0.2839010578578678, 7.290558212903722, 4.795371525712855]","[1.4401824374922092, 0.14779601252499908, 0.4370281106336277, 38.9383286294746, 11.008471420985192, 12.000100319904952, 11.474516910449115, 3.9269908169861565, 0.017109131493318053, 7.279426123356089, 4.802719061514448]","[1.4777723794060773, 0.24292486722373338, 0.3498480127179261, 36.91917908724877, 8.032095116153327, 11.031589524596555, 11.099624523086778, 0.6400488148852893, 2.615712811808679, 5.4833298405573965, 4.898815736682012]"
ideal_200hz,34,20.820000000002462,20.820000000002462,False,"bound_hit,non_positive_definite_mass_matrix",11,11,345.6099741049553,0.10520933064020405,True,"[{""index"": 8, ""name"": ""rho2_stiffness_rest_combination"", ""direction"": ""lower"", ""constrained_hit"": true, ""bound"": 0.0, ""constrained_candidate"": 3.056481623353591e-08, ""unconstrained_candidate"": -0.17721838198581308, ""unconstrained_violation"": 0.17721838198581308, ""unconstrained_violation_fraction_of_span"": 0.03384621779974782, ""constrained_distance_to_bound"": 3.056481623353591e-08}]",1.1543340135811204,0.28691873376440447,0.28691873376440447,not_accepted,1.1815785332499398,0.32672777061495306,1.4777128280557763,1.31847479057344,False,"[1.4250032490491202, 0.14568537748585264, 0.4297635727248208, 38.7789677563068, 11.197755227800553, 11.86276881873444, 11.466825980716036, 3.8910395663333674, -0.17721838198581308, 7.167871897447753, 4.790761498619678]","[1.4204056075807068, 0.14109873746542834, 0.427210914658175, 38.78288723640999, 11.020394886991586, 11.861775085702687, 11.470291571391655, 3.7187963444311745, 3.056481623353591e-08, 7.161854019919708, 4.795136660186783]","[1.4777723794060773, 0.24292486722373338, 0.3498480127179261, 36.91917908724877, 8.032095116153327, 11.031589524596555, 11.099624523086778, 0.6400488148852893, 2.615712811808679, 5.4833298405573965, 4.898815736682012]"
ideal_200hz,35,21.320000000003073,21.320000000003073,False,bound_hit,11,11,347.51989197852134,0.10551753749848806,True,"[{""index"": 4, ""name"": ""g2_distal_gravity_combination"", ""direction"": ""upper"", ""constrained_hit"": false, ""bound"": 11.411049879, ""constrained_candidate"": 11.018515069941596, ""unconstrained_candidate"": 11.412795546238062, ""unconstrained_violation"": 0.0017456672380617988, ""unconstrained_violation_fraction_of_span"": 0.00022947063459179, ""constrained_distance_to_bound"": 0.39253480905840377}, {""index"": 8, ""name"": ""rho2_stiffness_rest_combination"", ""direction"": ""lower"", ""constrained_hit"": true, ""bound"": 0.0, ""constrained_candidate"": 1.8298840220865031e-09, ""unconstrained_candidate"": -0.3940978854014048, ""unconstrained_violation"": 0.3940978854014048, ""unconstrained_violation_fraction_of_span"": 0.07526715182843624, ""constrained_distance_to_bound"": 1.8298840220865031e-09}]",1.0504312803367315,0.28691873376440447,0.28691873376440447,not_accepted,1.1727921221729989,0.3217933444935908,1.4767667148749355,1.3246472897142414,False,"[1.4729504974434182, 0.1678055657534008, 0.446151587372114, 38.39996297751669, 11.412795546238062, 11.58955034858034, 11.46099790494298, 3.631696056170815, -0.3940978854014048, 7.093866939164562, 4.782276535953744]","[1.4629679074655135, 0.1578014075972965, 0.44070923908370274, 38.407232523739545, 11.018515069941596, 11.586266429577943, 11.468810726381982, 3.2469689830739865, 1.8298840220865031e-09, 7.080167110300634, 4.7921561011589]","[1.4777723794060773, 0.24292486722373338, 0.3498480127179261, 36.91917908724877, 8.032095116153327, 11.031589524596555, 11.099624523086778, 0.6400488148852893, 2.615712811808679, 5.4833298405573965, 4.898815736682012]"
ideal_200hz,36,21.820000000003684,21.820000000003684,False,bound_hit,11,11,347.65667536718485,0.10529871212986183,True,"[{""index"": 4, ""name"": ""g2_distal_gravity_combination"", ""direction"": ""upper"", ""constrained_hit"": false, ""bound"": 11.411049879, ""constrained_candidate"": 11.017629581985025, ""unconstrained_candidate"": 11.51738998885199, ""unconstrained_violation"": 0.10634010985199005, ""unconstrained_violation_fraction_of_span"": 0.013978570461911227, ""constrained_distance_to_bound"": 0.39342029701497516}, {""index"": 8, ""name"": ""rho2_stiffness_rest_combination"", ""direction"": ""lower"", ""constrained_hit"": true, ""bound"": 0.0, ""constrained_candidate"": 5.996301233324175e-10, ""unconstrained_candidate"": -0.49961810656567285, ""unconstrained_violation"": 0.49961810656567285, ""unconstrained_violation_fraction_of_span"": 0.09542002958176819, ""constrained_distance_to_bound"": 5.996301233324175e-10}]",1.0170932578174061,0.28691873376440447,0.28691873376440447,not_accepted,1.168541775571518,0.31948198470494615,1.4763105080022114,1.3263786072365473,False,"[1.4925964026771519, 0.17633961596113498, 0.45224419681661626, 38.26378811543539, 11.51738998885199, 11.495192456156282, 11.45809797033856, 3.5692898620966336, -0.49961810656567285, 7.0836873981714215, 4.778742098268772]","[1.4801821497842231, 0.1638455936476602, 0.4456035489548787, 38.27147550450351, 11.017629581985025, 11.48992392324531, 11.468074236676816, 3.079744418851237, 5.996301233324175e-10, 7.066138365784996, 4.7913329000100635]","[1.4777723794060773, 0.24292486722373338, 0.3498480127179261, 36.91917908724877, 8.032095116153327, 11.031589524596555, 11.099624523086778, 0.6400488148852893, 2.615712811808679, 5.4833298405573965, 4.898815736682012]"
ideal_200hz,37,22.320000000004296,22.320000000004296,False,bound_hit,11,11,347.65667536718485,0.10529871212986183,True,"[{""index"": 4, ""name"": ""g2_distal_gravity_combination"", ""direction"": ""upper"", ""constrained_hit"": false, ""bound"": 11.411049879, ""constrained_candidate"": 11.017629581985025, ""unconstrained_candidate"": 11.51738998885199, ""unconstrained_violation"": 0.10634010985199005, ""unconstrained_violation_fraction_of_span"": 0.013978570461911227, ""constrained_distance_to_bound"": 0.39342029701497516}, {""index"": 8, ""name"": ""rho2_stiffness_rest_combination"", ""direction"": ""lower"", ""constrained_hit"": true, ""bound"": 0.0, ""constrained_candidate"": 5.996301233324175e-10, ""unconstrained_candidate"": -0.49961810656567285, ""unconstrained_violation"": 0.49961810656567285, ""unconstrained_violation_fraction_of_span"": 0.09542002958176819, ""constrained_distance_to_bound"": 5.996301233324175e-10}]",1.0170932578174061,0.28691873376440447,0.28691873376440447,not_accepted,1.168541775571518,0.31948198470494615,1.4763105080022114,1.3263786072365473,False,"[1.4925964026771519, 0.17633961596113498, 0.45224419681661626, 38.26378811543539, 11.51738998885199, 11.495192456156282, 11.45809797033856, 3.5692898620966336, -0.49961810656567285, 7.0836873981714215, 4.778742098268772]","[1.4801821497842231, 0.1638455936476602, 0.4456035489548787, 38.27147550450351, 11.017629581985025, 11.48992392324531, 11.468074236676816, 3.079744418851237, 5.996301233324175e-10, 7.066138365784996, 4.7913329000100635]","[1.4777723794060773, 0.24292486722373338, 0.3498480127179261, 36.91917908724877, 8.032095116153327, 11.031589524596555, 11.099624523086778, 0.6400488148852893, 2.615712811808679, 5.4833298405573965, 4.898815736682012]"
ideal_200hz,38,22.820000000004907,22.820000000004907,False,bound_hit,11,11,347.65667536718485,0.10529871212986183,True,"[{""index"": 4, ""name"": ""g2_distal_gravity_combination"", ""direction"": ""upper"", ""constrained_hit"": false, ""bound"": 11.411049879, ""constrained_candidate"": 11.017629581985025, ""unconstrained_candidate"": 11.51738998885199, ""unconstrained_violation"": 0.10634010985199005, ""unconstrained_violation_fraction_of_span"": 0.013978570461911227, ""constrained_distance_to_bound"": 0.39342029701497516}, {""index"": 8, ""name"": ""rho2_stiffness_rest_combination"", ""direction"": ""lower"", ""constrained_hit"": true, ""bound"": 0.0, ""constrained_candidate"": 5.996301233324175e-10, ""unconstrained_candidate"": -0.49961810656567285, ""unconstrained_violation"": 0.49961810656567285, ""unconstrained_violation_fraction_of_span"": 0.09542002958176819, ""constrained_distance_to_bound"": 5.996301233324175e-10}]",1.0170932578174061,0.28691873376440447,0.28691873376440447,not_accepted,1.168541775571518,0.31948198470494615,1.4763105080022114,1.3263786072365473,False,"[1.4925964026771519, 0.17633961596113498, 0.45224419681661626, 38.26378811543539, 11.51738998885199, 11.495192456156282, 11.45809797033856, 3.5692898620966336, -0.49961810656567285, 7.0836873981714215, 4.778742098268772]","[1.4801821497842231, 0.1638455936476602, 0.4456035489548787, 38.27147550450351, 11.017629581985025, 11.48992392324531, 11.468074236676816, 3.079744418851237, 5.996301233324175e-10, 7.066138365784996, 4.7913329000100635]","[1.4777723794060773, 0.24292486722373338, 0.3498480127179261, 36.91917908724877, 8.032095116153327, 11.031589524596555, 11.099624523086778, 0.6400488148852893, 2.615712811808679, 5.4833298405573965, 4.898815736682012]"
noise_200hz,0,3.7999999999996925,3.7999999999996925,True,accepted,11,11,13023.211016955618,0.014819674773926634,False,[],0.6511334686397635,0.46038359121476413,0.44117573242451263,toward_truth,3.346682352489796,1.2874456598110735,4.708538810533349,4.4113408609332865,False,"[1.0374480924210807, 0.2880886855445296, 0.39030562682475006, 37.7688159485303, 9.316039484237645, 10.32424801764682, 11.601474128405027, 1.4254514850202178, 2.7356701371961867, 5.083011413892242, 5.475108526178754]","[1.0374480924210807, 0.2880886855445296, 0.39030562682475006, 37.7688159485303, 9.316039484237645, 10.32424801764682, 11.601474128405027, 1.4254514850202178, 2.7356701371961867, 5.083011413892242, 5.475108526178754]","[1.4094805383753404, 0.2046412661476824, 0.343939398837675, 33.535380331991036, 7.778233875823765, 10.032424801764682, 10.160147412840503, 0.9279433118994701, 1.8443633405145152, 5.008301141389224, 5.047510852617876]"
noise_200hz,1,4.299999999999771,4.299999999999771,True,accepted,11,11,12134.973242241069,0.01533652216725753,False,[],0.6327439447075521,0.44117573242451263,0.4361183123644746,toward_truth,3.0776806993425647,1.0388511834515772,4.295751839503722,4.02167547784344,False,"[0.9733686243943511, 0.23321573142109, 0.39124484026931544, 38.56683320258655, 8.948571915303559, 10.404229615380016, 11.803439010008757, 1.6239799825609535, 2.624466171470301, 5.010320311372616, 4.271004532992634]","[0.9733686243943511, 0.23321573142109, 0.39124484026931544, 38.56683320258655, 8.948571915303559, 10.404229615380016, 11.803439010008757, 1.6239799825609535, 2.624466171470301, 5.010320311372616, 4.271004532992634]","[1.3659560140708993, 0.20749871267502318, 0.34866994298083903, 34.03852561905059, 7.895267679771744, 10.069605283126215, 10.324476572557328, 0.9975469789656184, 1.922373623610094, 5.008503058387563, 4.9698602206553515]"
noise_200hz,2,4.799999999999938,4.799999999999938,True,accepted,11,11,10317.156457179692,0.018828235973003843,False,[],0.7727214170251324,0.4361183123644746,0.4450360599983518,away_from_truth,2.97520364855127,1.1490704424975855,3.929209178252341,3.639432561208031,False,"[1.1138358466014373, 0.18865761321217206, 0.2900834830184179, 39.01525817440103, 9.538006171516491, 10.331542737338815, 13.117277429214273, 2.4282624422245758, 2.630208658437968, 4.714647923466848, 4.447208319646947]","[1.1138358466014373, 0.18865761321217206, 0.2900834830184179, 39.01525817440103, 9.538006171516491, 10.331542737338815, 13.117277429214273, 2.4282624422245758, 2.630208658437968, 4.714647923466848, 4.447208319646947]","[1.340743997323953, 0.20561460272873808, 0.3428112969845969, 34.53619887458564, 8.05954152894622, 10.095799028547475, 10.603756658223023, 1.1284466728651932, 1.9931571270928812, 4.979117544895492, 4.917595030554511]"
noise_200hz,3,5.300000000000105,5.300000000000105,True,accepted,11,11,6687.473801688103,0.019223053826073217,False,[],0.8731260856530494,0.4450360599983518,0.46540611763541645,away_from_truth,2.8092039161309144,1.1056870661577283,3.634073371232227,3.3094630981978974,False,"[1.1858539729937967, 0.21984977844158057, 0.23857414444172637, 38.28228320528765, 10.578358972041375, 10.138659664988495, 12.609522505139125, 2.5687373857021734, 1.5261708956318172, 4.667979516862644, 4.337024483376935]","[1.1858539729937967, 0.21984977844158057, 0.23857414444172637, 38.28228320528765, 10.578358972041375, 10.138659664988495, 12.609522505139125, 2.5687373857021734, 1.5261708956318172, 4.667979516862644, 4.337024483376935]","[1.3252549948909373, 0.20703812030002233, 0.3326476691127569, 34.91080730765584, 8.287762526526219, 10.100085092191577, 10.804333242914634, 1.259346366764768, 1.9464585039467748, 4.948003742092207, 4.859537975836754]"
noise_200hz,4,5.800000000000272,5.800000000000272,True,accepted,11,11,3879.8087417151946,0.021222307887208715,False,[],0.4190817404236612,0.46540611763541645,0.4495682759270422,toward_truth,2.71790927526647,1.043324605696052,3.3769183754235343,3.0024302504293185,False,"[1.2819266837835919, 0.2375353681176462, 0.3347608628712356, 37.34016189846244, 9.132503118394627, 10.694764097357234, 11.277967436457182, 0.24636106496955668, 2.509740337113517, 5.170496634293822, 4.889306823462331]","[1.2819266837835919, 0.2375353681176462, 0.3347608628712356, 37.34016189846244, 9.132503118394627, 10.694764097357234, 11.277967436457182, 0.24636106496955668, 2.509740337113517, 5.170496634293822, 4.889306823462331]","[1.3209221637802029, 0.2100878450817847, 0.33285898848860473, 35.1537427667365, 8.37223658571306, 10.159552992708143, 10.851696662268889, 1.158047836585247, 2.002786687263449, 4.970253031312368, 4.862514860599312]"
noise_200hz,5,6.300000000000439,6.300000000000439,False,bound_hit,11,11,3890.6079398178003,0.022632388553637774,True,"[{""index"": 7, ""name"": ""rho1_stiffness_rest_combination"", ""direction"": ""lower"", ""constrained_hit"": true, ""bound"": -0.4363323129985824, ""constrained_candidate"": -0.43633231271073714, ""unconstrained_candidate"": -1.0155309145484002, ""unconstrained_violation"": 0.5791986015498178, ""unconstrained_violation_fraction_of_span"": 0.13274254147473596, ""constrained_distance_to_bound"": 2.8784524763736385e-10}]",0.4701728423757223,0.4495682759270422,0.4495682759270422,not_accepted,2.595018826597368,0.9711575685511955,3.3224737112243385,2.9942276356085924,False,"[1.3287519047712877, 0.268615393436176, 0.35518893731725276, 36.42352258279624, 8.828812365653278, 10.779261709957451, 11.535064869108119, -1.0155309145484002, 2.738711384838274, 5.340430436424831, 4.734374920897038]","[1.3318652921470087, 0.2689869737902709, 0.3562689433657279, 37.02288896105203, 8.797350380604547, 10.909262487272287, 11.53776669916257, -0.43633231271073714, 2.7706321849176234, 5.328488225451277, 4.732938781197078]","[1.3209221637802029, 0.2100878450817847, 0.33285898848860473, 35.1537427667365, 8.37223658571306, 10.159552992708143, 10.851696662268889, 1.158047836585247, 2.002786687263449, 4.970253031312368, 4.862514860599312]"
noise_200hz,6,6.800000000000606,6.800000000000606,False,bound_hit,11,11,3975.370047419864,0.023033057418454867,True,"[{""index"": 7, ""name"": ""rho1_stiffness_rest_combination"", ""direction"": ""lower"", ""constrained_hit"": true, ""bound"": -0.4363323129985824, ""constrained_candidate"": -0.4363322923314493, ""unconstrained_candidate"": -1.7246294012759131, ""unconstrained_violation"": 1.2882970882773308, ""unconstrained_violation_fraction_of_span"": 0.29525594366913566, ""constrained_distance_to_bound"": 2.066713306048129e-08}]",0.4781146922553114,0.4495682759270422,0.4495682759270422,not_accepted,2.4976918345264347,0.925129456178947,3.2881450408652184,2.9969988526331504,False,"[1.3337877027150091, 0.27223365599695953, 0.3665090224379797, 35.421052359599116, 9.1921190085469, 10.707770649296407, 11.51410347787063, -1.7246294012759131, 2.26333657453803, 5.433501385295742, 4.7557460013886175]","[1.3406330874728956, 0.2729944836638566, 0.36881463312355284, 36.76786196756225, 9.108412673136915, 10.999044932350609, 11.520967887413928, -0.4363322923314493, 2.348168154659172, 5.406379958696624, 4.752036084883902]","[1.3209221637802029, 0.2100878450817847, 0.33285898848860473, 35.1537427667365, 8.37223658571306, 10.159552992708143, 10.851696662268889, 1.158047836585247, 2.002786687263449, 4.970253031312368, 4.862514860599312]"
noise_200hz,7,7.3000000000007725,7.3000000000007725,True,accepted,11,11,4100.334439890541,0.02344594802302965,False,"[{""index"": 7, ""name"": ""rho1_stiffness_rest_combination"", ""direction"": ""lower"", ""constrained_hit"": false, ""bound"": -0.4363323129985824, ""constrained_candidate"": -0.4363317329658726, ""unconstrained_candidate"": -2.1845497464717725, ""unconstrained_violation"": 1.7482174334731901, ""unconstrained_violation_fraction_of_span"": 0.4006619224368263, ""constrained_distance_to_bound"": 5.800327098071101e-07}]",0.5325706975620744,0.4495682759270422,0.4239261896656443,toward_truth,2.4066306284852534,0.8816714347049545,3.0685475479579742,2.7316829954336326,False,"[1.3555343412348735, 0.2922743212215245, 0.3750219715331432, 34.83497931961199, 9.366634768873348, 10.723843068010988, 11.533116767141165, -2.1845497464717725, 1.9977134525325573, 5.5172531387913635, 4.742758837095874]","[1.364322006683023, 0.2931841544904864, 0.3781009525158675, 36.67377611298173, 9.242050419588244, 11.120071873214158, 11.542889417923455, -0.4363317329658726, 2.1238659190151057, 5.479296705084403, 4.737523374154728]","[1.325262148070485, 0.2160482703093871, 0.337383184891331, 35.305746101361024, 8.459217969100578, 10.255604880758744, 10.920815937834346, 1.0271481426856721, 2.0148946104386147, 5.021157398689572, 4.850015711954853]"
noise_200hz,8,7.8000000000009395,7.8000000000009395,False,bound_hit,11,11,3632.589325793778,0.02345335124172186,True,"[{""index"": 1, ""name"": ""b_distal_inertia_combination"", ""direction"": ""upper"", ""constrained_hit"": true, ""bound"": 0.29802126138012003, ""constrained_candidate"": 0.2980212613801171, ""unconstrained_candidate"": 0.3107665279786209, ""unconstrained_violation"": 0.012745266598500893, ""unconstrained_violation_fraction_of_span"": 0.06414944963730909, ""constrained_distance_to_bound"": 2.942091015256665e-15}, {""index"": 7, ""name"": ""rho1_stiffness_rest_combination"", ""direction"": ""lower"", ""constrained_hit"": true, ""bound"": -0.4363323129985824, ""constrained_candidate"": -0.4363323129281297, ""unconstrained_candidate"": -3.5492658559738857, ""unconstrained_violation"": 3.1129335429753033, ""unconstrained_violation_fraction_of_span"": 0.7134318156687647, ""constrained_distance_to_bound"": 7.045269923011688e-11}]",0.5064989238681554,0.4239261896656443,0.4239261896656443,not_accepted,2.3796263202819743,0.9175968070483326,3.051193578298437,2.7357747199830817,False,"[1.5188563461444429, 0.3107665279786209, 0.35226427697141866, 33.733344111558715, 9.040695355284553, 10.883123002934628, 11.569317833534425, -3.5492658559738857, 2.2566989168707035, 5.9181580363313575, 4.728879220357501]","[1.5197475312239448, 0.2980212613801171, 0.36788149600370257, 37.02049884130594, 8.796621244266221, 11.61755593498118, 11.584211969835708, -0.4363323129281297, 2.5022313707841346, 5.8812292303609555, 4.721068659435562]","[1.325262148070485, 0.2160482703093871, 0.337383184891331, 35.305746101361024, 8.459217969100578, 10.255604880758744, 10.920815937834346, 1.0271481426856721, 2.0148946104386147, 5.021157398689572, 4.850015711954853]"
noise_200hz,9,8.30000000000084,8.30000000000084,False,bound_hit,11,11,1568.6154206084643,0.023649259818841258,True,"[{""index"": 1, ""name"": ""b_distal_inertia_combination"", ""direction"": ""upper"", ""constrained_hit"": true, ""bound"": 0.29802126138012003, ""constrained_candidate"": 0.2980212613801145, ""unconstrained_candidate"": 0.32335019101196705, ""unconstrained_violation"": 0.02532892963184702, ""unconstrained_violation_fraction_of_span"": 0.12748551654276347, ""constrained_distance_to_bound"": 5.551115123125783e-15}]",0.4792859236275541,0.4239261896656443,0.4239261896656443,not_accepted,2.296769188427828,0.8939967801862422,3.039778801893935,2.735274897529149,False,"[1.5721630261189155, 0.32335019101196705, 0.3326991935545188, 38.97503904259486, 7.823694615523277, 11.809440116120266, 11.66726160327042, 0.5256365779011989, 3.435055085902449, 5.65096559264086, 4.698669869583217]","[1.5295712611003125, 0.2980212613801145, 0.3493181582924983, 38.88521846668185, 7.7518304890470455, 11.779356725437694, 11.66681856969855, 0.36008355620496746, 3.5054831800257635, 5.652113306105775, 4.702884289213225]","[1.325262148070485, 0.2160482703093871, 0.337383184891331, 35.305746101361024, 8.459217969100578, 10.255604880758744, 10.920815937834346, 1.0271481426856721, 2.0148946104386147, 5.021157398689572, 4.850015711954853]"
noise_200hz,10,8.800000000000562,8.800000000000562,False,bound_hit,11,11,755.8213223398258,0.02419844945269516,True,"[{""index"": 1, ""name"": ""b_distal_inertia_combination"", ""direction"": ""upper"", ""constrained_hit"": true, ""bound"": 0.29802126138012003, ""constrained_candidate"": 0.2980212613796654, ""unconstrained_candidate"": 0.31289909202083244, ""unconstrained_violation"": 0.014877830640712408, ""unconstrained_violation_fraction_of_span"": 0.07488306658968219, ""constrained_distance_to_bound"": 4.546363285840016e-13}]",0.5144378641820025,0.4239261896656443,0.4239261896656443,not_accepted,2.211820955000213,0.8600656278693978,3.0258496118781326,2.7293400659127243,False,"[1.539300954593827, 0.31289909202083244, 0.3482990575785074, 38.99166244259991, 7.50230892194677, 11.882861544000184, 11.702983556696479, 0.2767624884675949, 3.717370585732816, 5.752271997586874, 4.729834042397122]","[1.514943068607431, 0.2980212613796654, 0.35784916431794506, 38.95830404196971, 7.461297902135603, 11.869998974714782, 11.7021520418641, 0.20065919159107537, 3.7573453059774096, 5.7530789903825035, 4.731832221775941]","[1.325262148070485, 0.2160482703093871, 0.337383184891331, 35.305746101361024, 8.459217969100578, 10.255604880758744, 10.920815937834346, 1.0271481426856721, 2.0148946104386147, 5.021157398689572, 4.850015711954853]"
noise_200hz,11,9.300000000000285,9.300000000000285,False,bound_hit,11,11,595.7484783298308,0.025040373744798183,True,"[{""index"": 1, ""name"": ""b_distal_inertia_combination"", ""direction"": ""upper"", ""constrained_hit"": true, ""bound"": 0.29802126138012003, ""constrained_candidate"": 0.2980212613204859, ""unconstrained_candidate"": 0.30873916477702995, ""unconstrained_violation"": 0.010717903396909922, ""unconstrained_violation_fraction_of_span"": 0.053945329339637894, ""constrained_distance_to_bound"": 5.963413096665704e-11}]",0.7045538033772244,0.4239261896656443,0.4239261896656443,not_accepted,2.15215023261637,0.8586875644576746,3.002958180946797,2.7130968581638535,False,"[1.5513720563340483, 0.30873916477702995, 0.3594861202963355, 41.43369515700608, 7.166394653239685, 12.544112190435586, 11.72092473006733, 2.512485104932657, 4.013376503936721, 5.876982949474655, 4.731945588334999]","[1.5341869300086204, 0.2980212613204859, 0.3661975055753007, 41.43084889849652, 7.14037938444838, 12.541269809612539, 11.719614954653755, 2.483338115851098, 4.038452793685469, 5.87893056916487, 4.733336963971242]","[1.325262148070485, 0.2160482703093871, 0.337383184891331, 35.305746101361024, 8.459217969100578, 10.255604880758744, 10.920815937834346, 1.0271481426856721, 2.0148946104386147, 5.021157398689572, 4.850015711954853]"
noise_200hz,12,9.800000000000008,9.800000000000008,False,bound_hit,11,11,530.0309555839809,0.026028761200514523,True,"[{""index"": 1, ""name"": ""b_distal_inertia_combination"", ""direction"": ""upper"", ""constrained_hit"": true, ""bound"": 0.29802126138012003, ""constrained_candidate"": 0.29802124121761286, ""unconstrained_candidate"": 0.29927581320255986, ""unconstrained_violation"": 0.001254551822439831, ""unconstrained_violation_fraction_of_span"": 0.006314407653148993, ""constrained_distance_to_bound"": 2.0162507163856702e-08}]",0.6039698273258138,0.4239261896656443,0.4239261896656443,not_accepted,2.079536547645762,0.8393230110319487,2.9745747509618297,2.704499812759244,False,"[1.5117793545943377, 0.29927581320255986, 0.3597137732008532, 40.63837746844274, 7.135101125799317, 12.310703997215144, 11.692213463351562, 1.6901956368557496, 3.9960842628218094, 5.813159933481396, 4.7504977229792384]","[1.5097815962962895, 0.29802124121761286, 0.36049976788136395, 40.63880707806581, 7.132188726081392, 12.310621166560306, 11.692047501622556, 1.6877210467123884, 3.9988850370343307, 5.813460942400164, 4.750675077910608]","[1.325262148070485, 0.2160482703093871, 0.337383184891331, 35.305746101361024, 8.459217969100578, 10.255604880758744, 10.920815937834346, 1.0271481426856721, 2.0148946104386147, 5.021157398689572, 4.850015711954853]"
noise_200hz,13,10.29999999999973,10.29999999999973,True,accepted,11,11,486.572881620344,0.02688513131586885,False,[],0.5540554462740687,0.4239261896656443,0.3945809726005057,toward_truth,2.028348346009366,0.8418336153708956,2.758288779292337,2.447034585715567,False,"[1.5252236681998848, 0.2957207189682314, 0.3715666068387052, 40.355378852055324, 7.557815240561937, 12.270408282754701, 11.638665076620557, 1.8571062685361528, 3.5312685771096577, 5.7482404729626495, 4.811035082390562]","[1.5252236681998848, 0.2957207189682314, 0.3715666068387052, 40.355378852055324, 7.557815240561937, 12.270408282754701, 11.638665076620557, 1.8571062685361528, 3.5312685771096577, 5.7482404729626495, 4.811035082390562]","[1.3452583000834248, 0.22200869553698951, 0.3408015270860684, 35.81070937643045, 8.369077696246714, 10.45708522095834, 10.992600851712968, 1.1101439552707202, 2.166532007105719, 5.09386570611688, 4.846117648998424]"
noise_200hz,14,10.799999999999454,10.799999999999454,False,bound_hit,11,11,468.731616980602,0.028548815476047103,True,"[{""index"": 1, ""name"": ""b_distal_inertia_combination"", ""direction"": ""upper"", ""constrained_hit"": true, ""bound"": 0.29802126138012003, ""constrained_candidate"": 0.2980212612821401, ""unconstrained_candidate"": 0.30244870863080336, ""unconstrained_violation"": 0.004427447250683336, ""unconstrained_violation_fraction_of_span"": 0.022284218398613935, ""constrained_distance_to_bound"": 9.79799019695804e-11}]",0.49066418682472357,0.3945809726005057,0.3945809726005057,not_accepted,2.0244640302035397,0.8951607918381375,2.739342001561294,2.44469651119089,False,"[1.6782708134045983, 0.30244870863080336, 0.3710090829135432, 39.68565542700149, 8.257182184620206, 12.112107302644212, 11.591091844037232, 1.8831999660755807, 2.802091098466345, 5.668543605821288, 4.848936460702578]","[1.6719052992848196, 0.2980212612821401, 0.37334689016182615, 39.680533886319395, 8.240258459506926, 12.10896305593213, 11.591147486342237, 1.8607106453581608, 2.818707693247351, 5.669070932427709, 4.848793772230014]","[1.3452583000834248, 0.22200869553698951, 0.3408015270860684, 35.81070937643045, 8.369077696246714, 10.45708522095834, 10.992600851712968, 1.1101439552707202, 2.166532007105719, 5.09386570611688, 4.846117648998424]"
noise_200hz,15,11.299999999999176,11.299999999999176,True,accepted,11,11,464.74680647111705,0.03220823146697843,False,[],0.4417514020339496,0.3945809726005057,0.3587540140122629,toward_truth,2.006346314837814,0.943651517520678,2.573140862531778,2.232525714614825,False,"[1.7407171871130562, 0.2930954032241498, 0.33391364258018175, 38.453093720155884, 7.78520673715526, 11.5642844365393, 11.60052395720198, 0.10517171473370046, 3.2555458269746174, 5.7330708382711535, 4.858630120867024]","[1.7407171871130562, 0.2930954032241498, 0.33391364258018175, 38.453093720155884, 7.78520673715526, 11.5642844365393, 11.60052395720198, 0.10517171473370046, 3.2555458269746174, 5.7330708382711535, 4.858630120867024]","[1.384804188786388, 0.22796912076459191, 0.34011273863547975, 36.074947810802996, 8.31069060033757, 10.567805142516436, 11.05339316226187, 1.0096467312170183, 2.275433389092609, 5.157786219332307, 4.8473688961852845]"
noise_200hz,16,11.7999999999989,11.7999999999989,False,bound_hit,11,11,436.10227637737216,0.05943777845972044,True,"[{""index"": 1, ""name"": ""b_distal_inertia_combination"", ""direction"": ""upper"", ""constrained_hit"": true, ""bound"": 0.29802126138012003, ""constrained_candidate"": 0.29802126138012003, ""unconstrained_candidate"": 0.2611717207045151, ""unconstrained_violation"": 0.0, ""unconstrained_violation_fraction_of_span"": 0.0, ""constrained_distance_to_bound"": 0.0}, {""index"": 7, ""name"": ""rho1_stiffness_rest_combination"", ""direction"": ""lower"", ""constrained_hit"": true, ""bound"": -0.4363323129985824, ""constrained_candidate"": -0.4363323129982565, ""unconstrained_candidate"": -9.110699123102243, ""unconstrained_violation"": 8.674366810103662, ""unconstrained_violation_fraction_of_span"": 1.9880184326691948, ""constrained_distance_to_bound"": 3.259059688787147e-13}, {""index"": 8, ""name"": ""rho2_stiffness_rest_combination"", ""direction"": ""upper"", ""constrained_hit"": false, ""bound"": 5.235987755982989, ""constrained_candidate"": 0.9050377236162166, ""unconstrained_candidate"": 6.522013743532524, ""unconstrained_violation"": 1.286025987549535, ""unconstrained_violation_fraction_of_span"": 0.24561287143577368, ""constrained_distance_to_bound"": 4.330950032366772}]",0.6423099867453901,0.3587540140122629,0.3587540140122629,not_accepted,1.9852819776716202,0.9812320958031083,2.5778126259166068,2.230450599623615,False,"[1.6657621626933645, 0.2611717207045151, 0.23298903516534641, 32.998732306546074, 4.49494630264445, 8.856908525906615, 11.684317351859416, -9.110699123102243, 6.522013743532524, 5.988469189183648, 4.835991252925265]","[1.7378816262030679, 0.29802126138012003, 0.3664591843962642, 35.74601228675939, 10.13250182080292, 10.45175530459768, 11.54027210603597, -0.4363323129982565, 0.9050377236162166, 6.086567681779837, 4.924414807434328]","[1.384804188786388, 0.22796912076459191, 0.34011273863547975, 36.074947810802996, 8.31069060033757, 10.567805142516436, 11.05339316226187, 1.0096467312170183, 2.275433389092609, 5.157786219332307, 4.8473688961852845]"
noise_200hz,17,12.299999999998622,12.299999999998622,False,bound_hit,11,11,403.2475471981031,0.07870048946738656,True,"[{""index"": 1, ""name"": ""b_distal_inertia_combination"", ""direction"": ""upper"", ""constrained_hit"": true, ""bound"": 0.29802126138012003, ""constrained_candidate"": 0.2980212613801158, ""unconstrained_candidate"": 0.2124010027267441, ""unconstrained_violation"": 0.0, ""unconstrained_violation_fraction_of_span"": 0.0, ""constrained_distance_to_bound"": 4.218847493575595e-15}, {""index"": 4, ""name"": ""g2_distal_gravity_combination"", ""direction"": ""lower"", ""constrained_hit"": false, ""bound"": 3.803683293, ""constrained_candidate"": 11.02448062822408, ""unconstrained_candidate"": 2.308918865101398, ""unconstrained_violation"": 1.4947644278986023, ""unconstrained_violation_fraction_of_span"": 0.1964890755559814, ""constrained_distance_to_bound"": 7.220797335224079}, {""index"": 7, ""name"": ""rho1_stiffness_rest_combination"", ""direction"": ""lower"", ""constrained_hit"": true, ""bound"": -0.4363323129985824, ""constrained_candidate"": -0.4363323129985822, ""unconstrained_candidate"": -14.630247799340347, ""unconstrained_violation"": 14.193915486341766, ""unconstrained_violation_fraction_of_span"": 3.25300580853105, ""constrained_distance_to_bound"": 1.6653345369377348e-16}, {""index"": 8, ""name"": ""rho2_stiffness_rest_combination"", ""direction"": ""lower"", ""constrained_hit"": true, ""bound"": 0.0, ""constrained_candidate"": 2.220446049250313e-16, ""unconstrained_candidate"": 8.673141621333189, ""unconstrained_violation"": 0.0, ""unconstrained_violation_fraction_of_span"": 0.0, ""constrained_distance_to_bound"": 2.220446049250313e-16}]",0.851159672591446,0.3587540140122629,0.3587540140122629,not_accepted,1.8810834949176174,0.9428458136002636,2.5828219112064876,2.222497363752305,False,"[1.4883804682777593, 0.2124010027267441, 0.2186053418712239, 29.94062600433961, 2.308918865101398, 7.301814421599991, 11.72030745182744, -14.630247799340347, 8.673141621333189, 6.004044666341539, 4.805533961686818]","[1.4903393640997546, 0.2980212613801158, 0.4673681617072799, 34.83001258795766, 11.02448062822408, 10.26678519654462, 11.510784751479367, -0.4363323129985822, 2.220446049250313e-16, 6.246943815850589, 4.952654843305262]","[1.384804188786388, 0.22796912076459191, 0.34011273863547975, 36.074947810802996, 8.31069060033757, 10.567805142516436, 11.05339316226187, 1.0096467312170183, 2.275433389092609, 5.157786219332307, 4.8473688961852845]"
noise_200hz,18,12.799999999998345,12.799999999998345,False,bound_hit,11,11,393.00512748127386,0.0812191408950795,True,"[{""index"": 7, ""name"": ""rho1_stiffness_rest_combination"", ""direction"": ""lower"", ""constrained_hit"": true, ""bound"": -0.4363323129985824, ""constrained_candidate"": -0.43633231299857955, ""unconstrained_candidate"": -9.649463108954217, ""unconstrained_violation"": 9.213130795955635, ""unconstrained_violation_fraction_of_span"": 2.111494042841051, ""constrained_distance_to_bound"": 2.831068712794149e-15}, {""index"": 8, ""name"": ""rho2_stiffness_rest_combination"", ""direction"": ""lower"", ""constrained_hit"": true, ""bound"": 0.0, ""constrained_candidate"": 4.618527782440651e-13, ""unconstrained_candidate"": 6.580502107605537, ""unconstrained_violation"": 0.0, ""unconstrained_violation_fraction_of_span"": 0.0, ""constrained_distance_to_bound"": 4.618527782440651e-13}]",0.8134134912501321,0.3587540140122629,0.3587540140122629,not_accepted,1.8753783934458368,0.999409276516995,2.5643983252488907,2.214596817725478,False,"[1.5607019028425606, 0.20631506782520323, 0.23317289556965326, 32.55032417508815, 4.380161848120639, 8.654848337148067, 11.639238077478486, -9.649463108954217, 6.580502107605537, 6.396870000076842, 4.868614347260722]","[1.5439496131512187, 0.28834409561879565, 0.42899697362978373, 34.86233851181487, 10.995520533606369, 10.19295916480943, 11.49029502980229, -0.43633231299857955, 4.618527782440651e-13, 6.423273125298435, 4.961581618909379]","[1.384804188786388, 0.22796912076459191, 0.34011273863547975, 36.074947810802996, 8.31069060033757, 10.567805142516436, 11.05339316226187, 1.0096467312170183, 2.275433389092609, 5.157786219332307, 4.8473688961852845]"
noise_200hz,19,13.299999999998068,13.299999999998068,False,bound_hit,11,11,390.7769643895885,0.09373070563901185,True,"[{""index"": 7, ""name"": ""rho1_stiffness_rest_combination"", ""direction"": ""lower"", ""constrained_hit"": true, ""bound"": -0.4363323129985824, ""constrained_candidate"": -0.4363323129952156, ""unconstrained_candidate"": -5.168464773711381, ""unconstrained_violation"": 4.732132460712799, ""unconstrained_violation_fraction_of_span"": 1.084524872382801, ""constrained_distance_to_bound"": 3.3668068333270185e-12}]",0.7017776212223851,0.3587540140122629,0.3587540140122629,not_accepted,1.838287664789928,0.9979467702097667,2.543285610564238,2.2214474069132684,False,"[1.3952166619056103, 0.18152422101253582, 0.33510308418039, 34.86676174110247, 6.273955097091699, 9.820298786897313, 11.57043099181658, -5.168464773711381, 4.67471282827733, 7.051342099780237, 4.9347576284071675]","[1.40847770793025, 0.22802162348077815, 0.43672894055447187, 35.629365680552574, 10.156754286939881, 10.383580566676304, 11.488024846516648, -0.4363323129952156, 0.8119113929532431, 7.020939973566626, 4.969271393832585]","[1.384804188786388, 0.22796912076459191, 0.34011273863547975, 36.074947810802996, 8.31069060033757, 10.567805142516436, 11.05339316226187, 1.0096467312170183, 2.275433389092609, 5.157786219332307, 4.8473688961852845]"
noise_200hz,20,13.799999999997791,13.799999999997791,False,"bound_hit,non_positive_definite_mass_matrix",11,11,392.31063946617456,0.0996872739372796,True,"[{""index"": 2, ""name"": ""d_mass_length_com_combination"", ""direction"": ""upper"", ""constrained_hit"": true, ""bound"": 0.508181393592, ""constrained_candidate"": 0.508181393592, ""unconstrained_candidate"": 0.48142545179622365, ""unconstrained_violation"": 0.0, ""unconstrained_violation_fraction_of_span"": 0.0, ""constrained_distance_to_bound"": 0.0}, {""index"": 7, ""name"": ""rho1_stiffness_rest_combination"", ""direction"": ""lower"", ""constrained_hit"": true, ""bound"": -0.4363323129985824, ""constrained_candidate"": -0.4363323129985811, ""unconstrained_candidate"": -3.0348656620784054, ""unconstrained_violation"": 2.598533349079823, ""unconstrained_violation_fraction_of_span"": 0.5955399753050757, ""constrained_distance_to_bound"": 1.27675647831893e-15}]",0.877221809845394,0.3587540140122629,0.3587540140122629,not_accepted,1.771857780920094,0.9726125308861159,2.5177621022495313,2.2199392772533515,False,"[1.0881898805917076, 0.12425881788940889, 0.48142545179622365, 36.012289778360504, 7.125850083154602, 10.392593333612645, 11.532798669859295, -3.0348656620784054, 3.8103540425094238, 7.403910160084424, 4.965561567396954]","[1.124842525894861, 0.16042554336593845, 0.508181393592, 36.401395769602885, 9.29069681408211, 10.690612171149422, 11.489865423507954, -0.4363323129985811, 1.65771362080904, 7.370723592446387, 4.979249338810713]","[1.384804188786388, 0.22796912076459191, 0.34011273863547975, 36.074947810802996, 8.31069060033757, 10.567805142516436, 11.05339316226187, 1.0096467312170183, 2.275433389092609, 5.157786219332307, 4.8473688961852845]"
noise_200hz,21,14.299999999997514,14.299999999997514,False,"bound_hit,non_positive_definite_mass_matrix",11,11,396.35060610438217,0.10002061189299137,True,"[{""index"": 2, ""name"": ""d_mass_length_com_combination"", ""direction"": ""upper"", ""constrained_hit"": true, ""bound"": 0.508181393592, ""constrained_candidate"": 0.508181393592, ""unconstrained_candidate"": 0.5187803237264775, ""unconstrained_violation"": 0.010598930134477547, ""unconstrained_violation_fraction_of_span"": 0.031284882528541676, ""constrained_distance_to_bound"": 0.0}, {""index"": 7, ""name"": ""rho1_stiffness_rest_combination"", ""direction"": ""lower"", ""constrained_hit"": true, ""bound"": -0.4363323129985824, ""constrained_candidate"": -0.4363323129985822, ""unconstrained_candidate"": -2.2520020336454554, ""unconstrained_violation"": 1.815669720646873, ""unconstrained_violation_fraction_of_span"": 0.4161208479310521, ""constrained_distance_to_bound"": 1.6653345369377348e-16}, {""index"": 9, ""name"": ""bv1_viscous_damping"", ""direction"": ""upper"", ""constrained_hit"": false, ""bound"": 7.5, ""constrained_candidate"": 7.491909877740234, ""unconstrained_candidate"": 7.523616625014319, ""unconstrained_violation"": 0.023616625014319048, ""unconstrained_violation_fraction_of_span"": 0.0047233250028638095, ""constrained_distance_to_bound"": 0.00809012225976602}]",0.9214685925489989,0.3587540140122629,0.3587540140122629,not_accepted,1.7372687122851005,0.9745327117424863,2.501560545832589,2.229955741004607,False,"[1.0166079860335115, 0.11376917907430287, 0.5187803237264775, 36.387477898712554, 7.481491038948028, 10.585991313402484, 11.509969356758477, -2.2520020336454554, 3.44353575440005, 7.523616625014319, 4.995395692126271]","[1.065210526593664, 0.14871973767777125, 0.508181393592, 36.64814443175379, 9.00647590596003, 10.790042969437325, 11.481017863664038, -0.4363323129985822, 1.9278800383852053, 7.491909877740234, 5.0047709165303935]","[1.384804188786388, 0.22796912076459191, 0.34011273863547975, 36.074947810802996, 8.31069060033757, 10.567805142516436, 11.05339316226187, 1.0096467312170183, 2.275433389092609, 5.157786219332307, 4.8473688961852845]"
noise_200hz,22,14.799999999997237,14.799999999997237,False,"bound_hit,non_positive_definite_mass_matrix",11,11,401.26785331388925,0.10195385127637907,True,"[{""index"": 1, ""name"": ""b_distal_inertia_combination"", ""direction"": ""lower"", ""constrained_hit"": false, ""bound"": 0.09934042046004, ""constrained_candidate"": 0.1340425178977614, ""unconstrained_candidate"": 0.09498213977121388, ""unconstrained_violation"": 0.004358280688826127, ""unconstrained_violation_fraction_of_span"": 0.021936089401691523, ""constrained_distance_to_bound"": 0.03470209743772139}, {""index"": 2, ""name"": ""d_mass_length_com_combination"", ""direction"": ""upper"", ""constrained_hit"": true, ""bound"": 0.508181393592, ""constrained_candidate"": 0.508181393592, ""unconstrained_candidate"": 0.562371963077675, ""unconstrained_violation"": 0.05419056948567502, ""unconstrained_violation_fraction_of_span"": 0.15995440851141027, ""constrained_distance_to_bound"": 0.0}, {""index"": 7, ""name"": ""rho1_stiffness_rest_combination"", ""direction"": ""lower"", ""constrained_hit"": true, ""bound"": -0.4363323129985824, ""constrained_candidate"": -0.43633231299825515, ""unconstrained_candidate"": -1.5105803749019282, ""unconstrained_violation"": 1.0742480619033459, ""unconstrained_violation_fraction_of_span"": 0.24619952038868048, ""constrained_distance_to_bound"": 3.272382365082649e-13}, {""index"": 9, ""name"": ""bv1_viscous_damping"", ""direction"": ""upper"", ""constrained_hit"": true, ""bound"": 7.5, ""constrained_candidate"": 7.5, ""unconstrained_candidate"": 7.652006235631865, ""unconstrained_violation"": 0.15200623563186522, ""unconstrained_violation_fraction_of_span"": 0.030401247126373043, ""constrained_distance_to_bound"": 0.0}]",0.9702463201119833,0.3587540140122629,0.3587540140122629,not_accepted,1.7014058181819913,0.9848035113530265,2.476164086278918,2.2265616630846288,False,"[0.9268725953293186, 0.09498213977121388, 0.562371963077675, 36.77209997154389, 7.78756179530461, 10.77939630620667, 11.493718784827614, -1.5105803749019282, 3.1292707928679055, 7.652006235631865, 5.010370053586371]","[0.9945456935986399, 0.1340425178977614, 0.508181393592, 37.02676565719907, 8.58185381391065, 10.967747648173528, 11.480344552850323, -0.43633231299825515, 2.341156151513249, 7.5, 5.016949217963501]","[1.384804188786388, 0.22796912076459191, 0.34011273863547975, 36.074947810802996, 8.31069060033757, 10.567805142516436, 11.05339316226187, 1.0096467312170183, 2.275433389092609, 5.157786219332307, 4.8473688961852845]"
noise_200hz,23,15.29999999999696,15.29999999999696,False,"bound_hit,non_positive_definite_mass_matrix",11,11,404.60213294401655,0.1151006791708586,True,"[{""index"": 1, ""name"": ""b_distal_inertia_combination"", ""direction"": ""lower"", ""constrained_hit"": true, ""bound"": 0.09934042046004, ""constrained_candidate"": 0.09934042046004002, ""unconstrained_candidate"": -0.005771546504389519, ""unconstrained_violation"": 0.10511196696442952, ""unconstrained_violation_fraction_of_span"": 0.5290493359986891, ""constrained_distance_to_bound"": 1.3877787807814457e-17}, {""index"": 7, ""name"": ""rho1_stiffness_rest_combination"", ""direction"": ""lower"", ""constrained_hit"": true, ""bound"": -0.4363323129985824, ""constrained_candidate"": -0.43633231293534724, ""unconstrained_candidate"": -2.103131655802523, ""unconstrained_violation"": 1.6667993428039405, ""unconstrained_violation_fraction_of_span"": 0.3820022705513804, ""constrained_distance_to_bound"": 6.323513934702873e-11}, {""index"": 9, ""name"": ""bv1_viscous_damping"", ""direction"": ""upper"", ""constrained_hit"": true, ""bound"": 7.5, ""constrained_candidate"": 7.5, ""unconstrained_candidate"": 8.130100087224175, ""unconstrained_violation"": 0.6301000872241751, ""unconstrained_violation_fraction_of_span"": 0.12602001744483501, ""constrained_distance_to_bound"": 0.0}]",0.9584487218853817,0.3587540140122629,0.3587540140122629,not_accepted,1.7514172919444702,1.061159863615554,2.4485615453610525,2.2197027307595167,False,"[1.061037617547334, -0.005771546504389519, 0.49725711889634094, 36.678598698117014, 7.2853895149070595, 10.630663227502282, 11.495677331588828, -2.103131655802523, 3.6268772965657385, 8.130100087224175, 5.039597225533834]","[1.2051926458435778, 0.09934042046004002, 0.4548802384148214, 37.45390292868078, 8.109849484533559, 11.16031378369992, 11.485716277383831, -0.43633231293534724, 2.811238865580082, 7.5, 5.037878267139791]","[1.384804188786388, 0.22796912076459191, 0.34011273863547975, 36.074947810802996, 8.31069060033757, 10.567805142516436, 11.05339316226187, 1.0096467312170183, 2.275433389092609, 5.157786219332307, 4.8473688961852845]"
noise_200hz,24,15.799999999996682,15.799999999996682,False,"bound_hit,non_positive_definite_mass_matrix",11,11,398.2676186825538,0.13735760580243786,True,"[{""index"": 1, ""name"": ""b_distal_inertia_combination"", ""direction"": ""lower"", ""constrained_hit"": true, ""bound"": 0.09934042046004, ""constrained_candidate"": 0.09934042046004002, ""unconstrained_candidate"": -0.11452377679845324, ""unconstrained_violation"": 0.21386419725849326, ""unconstrained_violation_fraction_of_span"": 1.0764208379031412, ""constrained_distance_to_bound"": 1.3877787807814457e-17}, {""index"": 7, ""name"": ""rho1_stiffness_rest_combination"", ""direction"": ""lower"", ""constrained_hit"": true, ""bound"": -0.4363323129985824, ""constrained_candidate"": -0.43633231299857933, ""unconstrained_candidate"": -4.925792200597096, ""unconstrained_violation"": 4.489459887598513, ""unconstrained_violation_fraction_of_span"": 1.0289084154106871, ""constrained_distance_to_bound"": 3.0531133177191805e-15}, {""index"": 8, ""name"": ""rho2_stiffness_rest_combination"", ""direction"": ""upper"", ""constrained_hit"": false, ""bound"": 5.235987755982989, ""constrained_candidate"": 3.0447201728025854, ""unconstrained_candidate"": 5.398330260523235, ""unconstrained_violation"": 0.1623425045402458, ""unconstrained_violation_fraction_of_span"": 0.031005134485798294, ""constrained_distance_to_bound"": 2.1912675831804034}, {""index"": 9, ""name"": ""bv1_viscous_damping"", ""direction"": ""upper"", ""constrained_hit"": true, ""bound"": 7.5, ""constrained_candidate"": 7.5, ""unconstrained_candidate"": 8.94343297977692, ""unconstrained_violation"": 1.4434329797769205, ""unconstrained_violation_fraction_of_span"": 0.2886865959553841, ""constrained_distance_to_bound"": 0.0}]",0.8806506349375699,0.3587540140122629,0.3587540140122629,not_accepted,1.814477349146982,1.1701945272765235,2.4147299950930967,2.212486361211752,False,"[1.1090456297760398, -0.11452377679845324, 0.46319744465648105, 35.72804044177688, 5.50794297860844, 9.910350336103285, 11.526985757691872, -4.925792200597096, 5.398330260523235, 8.94343297977692, 5.061654816593096]","[1.513140154478315, 0.09934042046004002, 0.3782501148289628, 37.6746976191214, 7.8805075654508645, 11.21402342207896, 11.49553904369129, -0.43633231299857933, 3.0447201728025854, 7.5, 5.024965555890633]","[1.384804188786388, 0.22796912076459191, 0.34011273863547975, 36.074947810802996, 8.31069060033757, 10.567805142516436, 11.05339316226187, 1.0096467312170183, 2.275433389092609, 5.157786219332307, 4.8473688961852845]"
noise_200hz,25,16.29999999999694,16.29999999999694,False,"bound_hit,non_positive_definite_mass_matrix",11,11,381.090767303402,0.14370317718540007,True,"[{""index"": 1, ""name"": ""b_distal_inertia_combination"", ""direction"": ""lower"", ""constrained_hit"": true, ""bound"": 0.09934042046004, ""constrained_candidate"": 0.09934042046004017, ""unconstrained_candidate"": -0.11730014676651182, ""unconstrained_violation"": 0.21664056722655184, ""unconstrained_violation_fraction_of_span"": 1.0903948575177218, ""constrained_distance_to_bound"": 1.6653345369377348e-16}, {""index"": 7, ""name"": ""rho1_stiffness_rest_combination"", ""direction"": ""lower"", ""constrained_hit"": true, ""bound"": -0.4363323129985824, ""constrained_candidate"": -0.4363323129985822, ""unconstrained_candidate"": -5.564540075421958, ""unconstrained_violation"": 5.128207762423375, ""unconstrained_violation_fraction_of_span"": 1.175298645012348, ""constrained_distance_to_bound"": 1.6653345369377348e-16}, {""index"": 8, ""name"": ""rho2_stiffness_rest_combination"", ""direction"": ""upper"", ""constrained_hit"": false, ""bound"": 5.235987755982989, ""constrained_candidate"": 3.0007154390433977, ""unconstrained_candidate"": 5.833448031302089, ""unconstrained_violation"": 0.5974602753190998, ""unconstrained_violation_fraction_of_span"": 0.11410650734169535, ""constrained_distance_to_bound"": 2.235272316939591}, {""index"": 9, ""name"": ""bv1_viscous_damping"", ""direction"": ""upper"", ""constrained_hit"": true, ""bound"": 7.5, ""constrained_candidate"": 7.5, ""unconstrained_candidate"": 9.045900114631516, ""unconstrained_violation"": 1.5459001146315163, ""unconstrained_violation_fraction_of_span"": 0.30918002292630326, ""constrained_distance_to_bound"": 0.0}]",0.9236435024568385,0.3587540140122629,0.3587540140122629,not_accepted,1.7534025209572939,1.1148649950186758,2.384481478064143,2.2096838733179935,False,"[1.0830344230601452, -0.11730014676651182, 0.4616471324191612, 35.547624024127536, 5.065060070383577, 9.778939819332596, 11.532539997047998, -5.564540075421958, 5.833448031302089, 9.045900114631516, 5.055173933448222]","[1.3679761702542448, 0.09934042046004017, 0.4583450747036775, 37.65614510731277, 7.918021386290915, 11.136917433555634, 11.490819288995265, -0.4363323129985822, 3.0007154390433977, 7.5, 5.01102834300223]","[1.384804188786388, 0.22796912076459191, 0.34011273863547975, 36.074947810802996, 8.31069060033757, 10.567805142516436, 11.05339316226187, 1.0096467312170183, 2.275433389092609, 5.157786219332307, 4.8473688961852845]"
noise_200hz,26,16.79999999999755,16.79999999999755,False,"bound_hit,non_positive_definite_mass_matrix",11,11,355.70363740847284,0.14185392150900628,True,"[{""index"": 1, ""name"": ""b_distal_inertia_combination"", ""direction"": ""lower"", ""constrained_hit"": true, ""bound"": 0.09934042046004, ""constrained_candidate"": 0.09934042046004002, ""unconstrained_candidate"": -0.1387226516445739, ""unconstrained_violation"": 0.23806307210461392, ""unconstrained_violation_fraction_of_span"": 1.1982185650219566, ""constrained_distance_to_bound"": 1.3877787807814457e-17}, {""index"": 7, ""name"": ""rho1_stiffness_rest_combination"", ""direction"": ""lower"", ""constrained_hit"": true, ""bound"": -0.4363323129985824, ""constrained_candidate"": -0.4363323129985822, ""unconstrained_candidate"": -3.3385423114541357, ""unconstrained_violation"": 2.9022099984555534, ""unconstrained_violation_fraction_of_span"": 0.6651375366886896, ""constrained_distance_to_bound"": 1.6653345369377348e-16}, {""index"": 9, ""name"": ""bv1_viscous_damping"", ""direction"": ""upper"", ""constrained_hit"": true, ""bound"": 7.5, ""constrained_candidate"": 7.5, ""unconstrained_candidate"": 8.860722635782512, ""unconstrained_violation"": 1.360722635782512, ""unconstrained_violation_fraction_of_span"": 0.2721445271565024, ""constrained_distance_to_bound"": 0.0}]",0.9121823200240016,0.3587540140122629,0.3587540140122629,not_accepted,1.7363492114976409,1.1187407216148864,2.371424139900463,2.2105406263216327,False,"[1.217033892359121, -0.1387226516445739, 0.4845531875770597, 36.135620121269795, 6.6448877924386, 10.212326585706384, 11.509894301397528, -3.3385423114541357, 4.267779656249846, 8.860722635782512, 5.000101415507734]","[1.3920134420112773, 0.09934042046004002, 0.44424344767304264, 37.70366655439299, 7.879637494490835, 11.15919009444096, 11.500528514107877, -0.4363323129985822, 3.049531719299714, 7.5, 4.981105208212901]","[1.384804188786388, 0.22796912076459191, 0.34011273863547975, 36.074947810802996, 8.31069060033757, 10.567805142516436, 11.05339316226187, 1.0096467312170183, 2.275433389092609, 5.157786219332307, 4.8473688961852845]"
noise_200hz,27,17.29999999999816,17.29999999999816,False,"bound_hit,non_positive_definite_mass_matrix",11,11,330.64361750888224,0.13981839802495266,True,"[{""index"": 1, ""name"": ""b_distal_inertia_combination"", ""direction"": ""lower"", ""constrained_hit"": true, ""bound"": 0.09934042046004, ""constrained_candidate"": 0.09934042046004002, ""unconstrained_candidate"": -0.12578583616641412, ""unconstrained_violation"": 0.22512625662645414, ""unconstrained_violation_fraction_of_span"": 1.1331050119574029, ""constrained_distance_to_bound"": 1.3877787807814457e-17}, {""index"": 7, ""name"": ""rho1_stiffness_rest_combination"", ""direction"": ""lower"", ""constrained_hit"": true, ""bound"": -0.4363323129985824, ""constrained_candidate"": -0.4363323129985638, ""unconstrained_candidate"": -2.085755766144832, ""unconstrained_violation"": 1.6494234531462495, ""unconstrained_violation_fraction_of_span"": 0.37802000998069757, ""constrained_distance_to_bound"": 1.8596235662471372e-14}, {""index"": 9, ""name"": ""bv1_viscous_damping"", ""direction"": ""upper"", ""constrained_hit"": true, ""bound"": 7.5, ""constrained_candidate"": 7.5, ""unconstrained_candidate"": 8.835839707123402, ""unconstrained_violation"": 1.3358397071234016, ""unconstrained_violation_fraction_of_span"": 0.2671679414246803, ""constrained_distance_to_bound"": 0.0}]",0.9084940986995085,0.3587540140122629,0.3587540140122629,not_accepted,1.719673354874077,1.125426815758636,2.3604460788793893,2.2126718496908544,False,"[1.247863026520167, -0.12578583616641412, 0.5026110214929707, 36.46133418811097, 7.545684236027291, 10.440062234628753, 11.501738329729655, -2.085755766144832, 3.3819449771959977, 8.835839707123402, 4.976136779755016]","[1.4076467170354119, 0.09934042046004002, 0.4385430040436989, 37.773117322915304, 7.815205991868836, 11.197222434254083, 11.51030943799498, -0.4363323129985638, 3.1260417609720124, 7.5, 4.97477257628163]","[1.384804188786388, 0.22796912076459191, 0.34011273863547975, 36.074947810802996, 8.31069060033757, 10.567805142516436, 11.05339316226187, 1.0096467312170183, 2.275433389092609, 5.157786219332307, 4.8473688961852845]"
noise_200hz,28,17.79999999999877,17.79999999999877,False,"bound_hit,non_positive_definite_mass_matrix",11,11,320.62672708572615,0.13858785991527195,True,"[{""index"": 1, ""name"": ""b_distal_inertia_combination"", ""direction"": ""lower"", ""constrained_hit"": true, ""bound"": 0.09934042046004, ""constrained_candidate"": 0.09934042046004006, ""unconstrained_candidate"": -0.00763586878045347, ""unconstrained_violation"": 0.10697628924049347, ""unconstrained_violation_fraction_of_span"": 0.5384328390452354, ""constrained_distance_to_bound"": 5.551115123125783e-17}, {""index"": 7, ""name"": ""rho1_stiffness_rest_combination"", ""direction"": ""lower"", ""constrained_hit"": true, ""bound"": -0.4363323129985824, ""constrained_candidate"": -0.4363323129942308, ""unconstrained_candidate"": 0.6822240104409885, ""unconstrained_violation"": 0.0, ""unconstrained_violation_fraction_of_span"": 0.0, ""constrained_distance_to_bound"": 4.351574656169532e-12}, {""index"": 9, ""name"": ""bv1_viscous_damping"", ""direction"": ""upper"", ""constrained_hit"": true, ""bound"": 7.5, ""constrained_candidate"": 7.5, ""unconstrained_candidate"": 8.69853890547404, ""unconstrained_violation"": 1.1985389054740399, ""unconstrained_violation_fraction_of_span"": 0.23970778109480798, ""constrained_distance_to_bound"": 0.0}]",0.9319420061497272,0.3587540140122629,0.3587540140122629,not_accepted,1.6668139228030385,1.0847546626414373,2.3431119362606365,2.2089114857244985,False,"[1.1705956025230293, -0.00763586878045347, 0.5035911120876384, 37.336900278686336, 9.361671978016737, 11.009117793302908, 11.48290034237265, 0.6822240104409885, 1.5921688870855095, 8.69853890547404, 4.951078596560577]","[1.3244580464331026, 0.09934042046004006, 0.4315547249026175, 37.99268150802738, 7.584815661216467, 11.320246165267204, 11.523367149940304, -0.4363323129942308, 3.370519947887368, 7.5, 4.981329267467481]","[1.384804188786388, 0.22796912076459191, 0.34011273863547975, 36.074947810802996, 8.31069060033757, 10.567805142516436, 11.05339316226187, 1.0096467312170183, 2.275433389092609, 5.157786219332307, 4.8473688961852845]"
noise_200hz,29,18.299999999999383,18.299999999999383,False,"bound_hit,non_positive_definite_mass_matrix",11,11,322.0895551146358,0.14094952927422583,True,"[{""index"": 1, ""name"": ""b_distal_inertia_combination"", ""direction"": ""lower"", ""constrained_hit"": true, ""bound"": 0.09934042046004, ""constrained_candidate"": 0.09934042046004002, ""unconstrained_candidate"": 0.06657344017117006, ""unconstrained_violation"": 0.03276698028886994, ""unconstrained_violation_fraction_of_span"": 0.1649226978158934, ""constrained_distance_to_bound"": 1.3877787807814457e-17}, {""index"": 9, ""name"": ""bv1_viscous_damping"", ""direction"": ""upper"", ""constrained_hit"": true, ""bound"": 7.5, ""constrained_candidate"": 7.5, ""unconstrained_candidate"": 8.269705292438262, ""unconstrained_violation"": 0.7697052924382621, ""unconstrained_violation_fraction_of_span"": 0.15394105848765244, ""constrained_distance_to_bound"": 0.0}]",0.952748144933935,0.3587540140122629,0.3587540140122629,not_accepted,1.6228478814846874,1.0621823553095742,2.330338565933785,2.217227747682373,False,"[1.1586347079684327, 0.06657344017117006, 0.5062769939296207, 38.42194706335922, 10.521393179008273, 11.686462138418657, 11.470134582983974, 3.011895259467751, 0.44686262085399364, 8.269705292438262, 4.91742675601438]","[1.2621525292861147, 0.09934042046004002, 0.41501983423211347, 38.40762840429214, 7.2635842318820725, 11.56794310788763, 11.535166979295033, -0.30741519589480515, 3.7001717827726246, 7.5, 4.979805201534401]","[1.384804188786388, 0.22796912076459191, 0.34011273863547975, 36.074947810802996, 8.31069060033757, 10.567805142516436, 11.05339316226187, 1.0096467312170183, 2.275433389092609, 5.157786219332307, 4.8473688961852845]"
noise_200hz,30,18.799999999999994,18.799999999999994,False,"bound_hit,non_positive_definite_mass_matrix",11,11,320.2311325737787,0.1422582270969429,True,"[{""index"": 1, ""name"": ""b_distal_inertia_combination"", ""direction"": ""lower"", ""constrained_hit"": true, ""bound"": 0.09934042046004, ""constrained_candidate"": 0.09934042046004002, ""unconstrained_candidate"": 0.03264754643529877, ""unconstrained_violation"": 0.06669287402474124, ""unconstrained_violation_fraction_of_span"": 0.33567843641032624, ""constrained_distance_to_bound"": 1.3877787807814457e-17}, {""index"": 2, ""name"": ""d_mass_length_com_combination"", ""direction"": ""upper"", ""constrained_hit"": false, ""bound"": 0.508181393592, ""constrained_candidate"": 0.45704552746866584, ""unconstrained_candidate"": 0.5296943969061991, ""unconstrained_violation"": 0.02151300331419914, ""unconstrained_violation_fraction_of_span"": 0.06349997339179778, ""constrained_distance_to_bound"": 0.05113586612333415}, {""index"": 7, ""name"": ""rho1_stiffness_rest_combination"", ""direction"": ""upper"", ""constrained_hit"": false, ""bound"": 3.926990816987241, ""constrained_candidate"": 1.4422649689605485, ""unconstrained_candidate"": 3.981090906011036, ""unconstrained_violation"": 0.05410008902379504, ""unconstrained_violation_fraction_of_span"": 0.012398827089381944, ""constrained_distance_to_bound"": 2.4847258480266925}, {""index"": 8, ""name"": ""rho2_stiffness_rest_combination"", ""direction"": ""lower"", ""constrained_hit"": false, ""bound"": 0.0, ""constrained_candidate"": 2.308752931625558, ""unconstrained_candidate"": -0.11133448733055129, ""unconstrained_violation"": 0.11133448733055129, ""unconstrained_violation_fraction_of_span"": 0.021263320794311077, ""constrained_distance_to_bound"": 2.308752931625558}, {""index"": 9, ""name"": ""bv1_viscous_damping"", ""direction"": ""upper"", ""constrained_hit"": true, ""bound"": 7.5, ""constrained_candidate"": 7.5, ""unconstrained_candidate"": 8.034455235552628, ""unconstrained_violation"": 0.5344552355526275, ""unconstrained_violation_fraction_of_span"": 0.10689104711052551, ""constrained_distance_to_bound"": 0.0}]",0.9098575324652354,0.3587540140122629,0.3587540140122629,not_accepted,1.6406101497164223,1.1023445594401198,2.3254767121968185,2.2235232955093345,False,"[1.2693554474729156, 0.03264754643529877, 0.5296943969061991, 38.82003413340466, 11.079245422755303, 11.936856781965421, 11.456752368555478, 3.981090906011036, -0.11133448733055129, 8.034455235552628, 4.881043742590833]","[1.3663309714094427, 0.09934042046004002, 0.45704552746866584, 38.74000638168066, 8.660919205360965, 11.804640540495487, 11.509563200781363, 1.4422649689605485, 2.308752931625558, 7.5, 4.9353169208734595]","[1.384804188786388, 0.22796912076459191, 0.34011273863547975, 36.074947810802996, 8.31069060033757, 10.567805142516436, 11.05339316226187, 1.0096467312170183, 2.275433389092609, 5.157786219332307, 4.8473688961852845]"
noise_200hz,31,19.300000000000605,19.300000000000605,False,"bound_hit,non_positive_definite_mass_matrix",11,11,318.3256789322173,0.14078013266741787,True,"[{""index"": 1, ""name"": ""b_distal_inertia_combination"", ""direction"": ""lower"", ""constrained_hit"": true, ""bound"": 0.09934042046004, ""constrained_candidate"": 0.09934042046004002, ""unconstrained_candidate"": 0.035006907001894655, ""unconstrained_violation"": 0.06433351345814535, ""unconstrained_violation_fraction_of_span"": 0.32380330765775095, ""constrained_distance_to_bound"": 1.3877787807814457e-17}, {""index"": 7, ""name"": ""rho1_stiffness_rest_combination"", ""direction"": ""upper"", ""constrained_hit"": false, ""bound"": 3.926990816987241, ""constrained_candidate"": 1.6554935738309116, ""unconstrained_candidate"": 4.050076716292529, ""unconstrained_violation"": 0.12308589930528813, ""unconstrained_violation_fraction_of_span"": 0.028209210191060968, ""constrained_distance_to_bound"": 2.2714972431563294}, {""index"": 8, ""name"": ""rho2_stiffness_rest_combination"", ""direction"": ""lower"", ""constrained_hit"": false, ""bound"": 0.0, ""constrained_candidate"": 2.15086196825988, ""unconstrained_candidate"": -0.1340651953247296, ""unconstrained_violation"": 0.1340651953247296, ""unconstrained_violation_fraction_of_span"": 0.025604566239013405, ""constrained_distance_to_bound"": 2.15086196825988}, {""index"": 9, ""name"": ""bv1_viscous_damping"", ""direction"": ""upper"", ""constrained_hit"": true, ""bound"": 7.5, ""constrained_candidate"": 7.5, ""unconstrained_candidate"": 8.014491531195823, ""unconstrained_violation"": 0.5144915311958229, ""unconstrained_violation_fraction_of_span"": 0.10289830623916459, ""constrained_distance_to_bound"": 0.0}]",0.9135736882829217,0.3587540140122629,0.3587540140122629,not_accepted,1.6294110652594638,1.1038251202066323,2.318627161143637,2.222467056175244,False,"[1.310266617014224, 0.035006907001894655, 0.5075211479089614, 38.87455215658138, 11.099788461957512, 11.96512021732529, 11.45435912417027, 4.050076716292529, -0.1340651953247296, 8.014491531195823, 4.870256743833453]","[1.3972646061933571, 0.09934042046004002, 0.4474125210621728, 38.79951453340614, 8.81911218303293, 11.839781968048724, 11.505916724832808, 1.6554935738309116, 2.15086196825988, 7.5, 4.924455526787876]","[1.384804188786388, 0.22796912076459191, 0.34011273863547975, 36.074947810802996, 8.31069060033757, 10.567805142516436, 11.05339316226187, 1.0096467312170183, 2.275433389092609, 5.157786219332307, 4.8473688961852845]"
noise_200hz,32,19.800000000001216,19.800000000001216,False,"bound_hit,non_positive_definite_mass_matrix",11,11,321.8105322249139,0.1390377831478425,True,"[{""index"": 1, ""name"": ""b_distal_inertia_combination"", ""direction"": ""lower"", ""constrained_hit"": true, ""bound"": 0.09934042046004, ""constrained_candidate"": 0.09934042046004002, ""unconstrained_candidate"": 0.030082059285515245, ""unconstrained_violation"": 0.06925836117452476, ""unconstrained_violation_fraction_of_span"": 0.34859104105757305, ""constrained_distance_to_bound"": 1.3877787807814457e-17}, {""index"": 7, ""name"": ""rho1_stiffness_rest_combination"", ""direction"": ""upper"", ""constrained_hit"": false, ""bound"": 3.926990816987241, ""constrained_candidate"": 1.7612145299520447, ""unconstrained_candidate"": 4.1044327892677845, ""unconstrained_violation"": 0.1774419722805436, ""unconstrained_violation_fraction_of_span"": 0.040666704480609966, ""constrained_distance_to_bound"": 2.165776287035196}, {""index"": 8, ""name"": ""rho2_stiffness_rest_combination"", ""direction"": ""lower"", ""constrained_hit"": false, ""bound"": 0.0, ""constrained_candidate"": 2.096777146104619, ""unconstrained_candidate"": -0.13038872740738494, ""unconstrained_violation"": 0.13038872740738494, ""unconstrained_violation_fraction_of_span"": 0.024902412588416405, ""constrained_distance_to_bound"": 2.096777146104619}, {""index"": 9, ""name"": ""bv1_viscous_damping"", ""direction"": ""upper"", ""constrained_hit"": true, ""bound"": 7.5, ""constrained_candidate"": 7.5, ""unconstrained_candidate"": 8.001674856204726, ""unconstrained_violation"": 0.5016748562047262, ""unconstrained_violation_fraction_of_span"": 0.10033497124094523, ""constrained_distance_to_bound"": 0.0}]",0.9226793158196215,0.3587540140122629,0.3587540140122629,not_accepted,1.6038298426161641,1.0862612139083254,2.310837456124841,2.2196565083215263,False,"[1.2891115301515448, 0.030082059285515245, 0.5011477410285042, 38.93629258803002, 11.096756792250318, 11.99398875732761, 11.454224902676389, 4.1044327892677845, -0.13038872740738494, 8.001674856204726, 4.867386418959991]","[1.384052242957063, 0.09934042046004002, 0.443485721314012, 38.853550593901666, 8.874421673546, 11.86675444690535, 11.50508425941588, 1.7612145299520447, 2.096777146104619, 7.5, 4.92030496555541]","[1.384804188786388, 0.22796912076459191, 0.34011273863547975, 36.074947810802996, 8.31069060033757, 10.567805142516436, 11.05339316226187, 1.0096467312170183, 2.275433389092609, 5.157786219332307, 4.8473688961852845]"
noise_200hz,33,20.300000000001827,20.300000000001827,False,"bound_hit,non_positive_definite_mass_matrix",11,11,326.41540811742254,0.1382429281029644,True,"[{""index"": 1, ""name"": ""b_distal_inertia_combination"", ""direction"": ""lower"", ""constrained_hit"": true, ""bound"": 0.09934042046004, ""constrained_candidate"": 0.09934042046004002, ""unconstrained_candidate"": 0.01730077965270821, ""unconstrained_violation"": 0.0820396408073318, ""unconstrained_violation_fraction_of_span"": 0.41292175142510334, ""constrained_distance_to_bound"": 1.3877787807814457e-17}, {""index"": 7, ""name"": ""rho1_stiffness_rest_combination"", ""direction"": ""upper"", ""constrained_hit"": false, ""bound"": 3.926990816987241, ""constrained_candidate"": 2.1100948793478724, ""unconstrained_candidate"": 4.0690228792285685, ""unconstrained_violation"": 0.14203206224132758, ""unconstrained_violation_fraction_of_span"": 0.032551350887869965, ""constrained_distance_to_bound"": 1.8168959376393685}, {""index"": 8, ""name"": ""rho2_stiffness_rest_combination"", ""direction"": ""lower"", ""constrained_hit"": false, ""bound"": 0.0, ""constrained_candidate"": 1.795932109731805, ""unconstrained_candidate"": -0.061936621804625336, ""unconstrained_violation"": 0.061936621804625336, ""unconstrained_violation_fraction_of_span"": 0.011829023422343267, ""constrained_distance_to_bound"": 1.795932109731805}, {""index"": 9, ""name"": ""bv1_viscous_damping"", ""direction"": ""upper"", ""constrained_hit"": true, ""bound"": 7.5, ""constrained_candidate"": 7.5, ""unconstrained_candidate"": 7.921122902476516, ""unconstrained_violation"": 0.4211229024765162, ""unconstrained_violation_fraction_of_span"": 0.08422458049530324, ""constrained_distance_to_bound"": 0.0}]",0.9586402028412917,0.3587540140122629,0.3587540140122629,not_accepted,1.5750617225576018,1.0647993213843545,2.3026165014347955,2.220100706193189,False,"[1.2461297568198186, 0.01730077965270821, 0.4706400816876883, 38.99469324051874, 11.02783015471508, 12.000078516360471, 11.454901424024936, 4.0690228792285685, -0.061936621804625336, 7.921122902476516, 4.8629579079112935]","[1.3581783425625282, 0.09934042046004002, 0.4246662953365997, 38.917428902932585, 9.175649173175938, 11.891965829321528, 11.498963282278062, 2.1100948793478724, 1.795932109731805, 7.5, 4.907185820456406]","[1.384804188786388, 0.22796912076459191, 0.34011273863547975, 36.074947810802996, 8.31069060033757, 10.567805142516436, 11.05339316226187, 1.0096467312170183, 2.275433389092609, 5.157786219332307, 4.8473688961852845]"
noise_200hz,34,20.800000000002438,20.800000000002438,False,"bound_hit,non_positive_definite_mass_matrix",11,11,330.3643010372164,0.13948511954232826,True,"[{""index"": 1, ""name"": ""b_distal_inertia_combination"", ""direction"": ""lower"", ""constrained_hit"": true, ""bound"": 0.09934042046004, ""constrained_candidate"": 0.09934042046004002, ""unconstrained_candidate"": 0.01888202412811671, ""unconstrained_violation"": 0.0804583963319233, ""unconstrained_violation_fraction_of_span"": 0.40496303498276376, ""constrained_distance_to_bound"": 1.3877787807814457e-17}, {""index"": 8, ""name"": ""rho2_stiffness_rest_combination"", ""direction"": ""lower"", ""constrained_hit"": false, ""bound"": 0.0, ""constrained_candidate"": 1.0755567436440776, ""unconstrained_candidate"": -0.024603846254410477, ""unconstrained_violation"": 0.024603846254410477, ""unconstrained_violation_fraction_of_span"": 0.00469898850055493, ""constrained_distance_to_bound"": 1.0755567436440776}, {""index"": 9, ""name"": ""bv1_viscous_damping"", ""direction"": ""upper"", ""constrained_hit"": true, ""bound"": 7.5, ""constrained_candidate"": 7.5, ""unconstrained_candidate"": 7.753998199372849, ""unconstrained_violation"": 0.25399819937284907, ""unconstrained_violation_fraction_of_span"": 0.05079963987456981, ""constrained_distance_to_bound"": 0.0}]",1.0452131716720874,0.3587540140122629,0.3587540140122629,not_accepted,1.557308022964531,1.0525233481226894,2.2979817301499685,2.221938022310748,False,"[1.2342138358699797, 0.01888202412811671, 0.4573566874970257, 38.71806046825023, 10.990440698103619, 11.763079914220972, 11.455218677168132, 3.649474619762414, -0.024603846254410477, 7.753998199372849, 4.857565880661133]","[1.3394861872610815, 0.09934042046004002, 0.4261200410593965, 38.69986124684896, 9.895615875465797, 11.720520789257904, 11.483419072978903, 2.527216892429142, 1.0755567436440776, 7.5, 4.88333484257763]","[1.384804188786388, 0.22796912076459191, 0.34011273863547975, 36.074947810802996, 8.31069060033757, 10.567805142516436, 11.05339316226187, 1.0096467312170183, 2.275433389092609, 5.157786219332307, 4.8473688961852845]"
noise_200hz,35,21.30000000000305,21.30000000000305,False,"bound_hit,non_positive_definite_mass_matrix",11,11,332.61895313751705,0.14081877611789057,True,"[{""index"": 1, ""name"": ""b_distal_inertia_combination"", ""direction"": ""lower"", ""constrained_hit"": true, ""bound"": 0.09934042046004, ""constrained_candidate"": 0.09934042046004002, ""unconstrained_candidate"": 0.03858769417293503, ""unconstrained_violation"": 0.06075272628710497, ""unconstrained_violation_fraction_of_span"": 0.30578049703113014, ""constrained_distance_to_bound"": 1.3877787807814457e-17}, {""index"": 8, ""name"": ""rho2_stiffness_rest_combination"", ""direction"": ""lower"", ""constrained_hit"": false, ""bound"": 0.0, ""constrained_candidate"": 0.18459491588316346, ""unconstrained_candidate"": -0.3477704256532983, ""unconstrained_violation"": 0.3477704256532983, ""unconstrained_violation_fraction_of_span"": 0.06641925876467389, ""constrained_distance_to_bound"": 0.18459491588316346}, {""index"": 9, ""name"": ""bv1_viscous_damping"", ""direction"": ""upper"", ""constrained_hit"": true, ""bound"": 7.5, ""constrained_candidate"": 7.5, ""unconstrained_candidate"": 7.626958837639748, ""unconstrained_violation"": 0.1269588376397479, ""unconstrained_violation_fraction_of_span"": 0.025391767527949582, ""constrained_distance_to_bound"": 0.0}]",1.1573121973614748,0.3587540140122629,0.3587540140122629,not_accepted,1.5590191459614866,1.0607110162561568,2.2938040423726322,2.225272065983422,False,"[1.2826339059684841, 0.03858769417293503, 0.49019692054929304, 38.061468925487986, 11.312910784972031, 11.28648173774616, 11.447321039008987, 3.1482035375533126, -0.3477704256532983, 7.626958837639748, 4.845279984500588]","[1.3582513758765045, 0.09934042046004002, 0.46885379907002556, 38.08762342409325, 10.784291978426785, 11.290433744896475, 11.462319850617067, 2.648899841558374, 0.18459491588316346, 7.5, 4.8571626735334785]","[1.384804188786388, 0.22796912076459191, 0.34011273863547975, 36.074947810802996, 8.31069060033757, 10.567805142516436, 11.05339316226187, 1.0096467312170183, 2.275433389092609, 5.157786219332307, 4.8473688961852845]"
noise_200hz,36,21.80000000000366,21.80000000000366,False,"bound_hit,non_positive_definite_mass_matrix",11,11,332.9049084981875,0.1406534031720362,True,"[{""index"": 1, ""name"": ""b_distal_inertia_combination"", ""direction"": ""lower"", ""constrained_hit"": true, ""bound"": 0.09934042046004, ""constrained_candidate"": 0.09934042046004002, ""unconstrained_candidate"": 0.04127442383666116, ""unconstrained_violation"": 0.05806599662337884, ""unconstrained_violation_fraction_of_span"": 0.29225765481200106, ""constrained_distance_to_bound"": 1.3877787807814457e-17}, {""index"": 8, ""name"": ""rho2_stiffness_rest_combination"", ""direction"": ""lower"", ""constrained_hit"": false, ""bound"": 0.0, ""constrained_candidate"": 0.09330195111553197, ""unconstrained_candidate"": -0.40738483449315743, ""unconstrained_violation"": 0.40738483449315743, ""unconstrained_violation_fraction_of_span"": 0.07780477218031161, ""constrained_distance_to_bound"": 0.09330195111553197}, {""index"": 9, ""name"": ""bv1_viscous_damping"", ""direction"": ""upper"", ""constrained_hit"": true, ""bound"": 7.5, ""constrained_candidate"": 7.5, ""unconstrained_candidate"": 7.618815663894475, ""unconstrained_violation"": 0.11881566389447507, ""unconstrained_violation_fraction_of_span"": 0.023763132778895014, ""constrained_distance_to_bound"": 0.0}]",1.168701956741936,0.3587540140122629,0.3587540140122629,not_accepted,1.555226077152147,1.0596686121242604,2.292065423541217,2.225075692275748,False,"[1.2903621243854053, 0.04127442383666116, 0.49518572774154923, 37.96867840907204, 11.37179807614878, 11.221648638217737, 11.445465481509752, 3.0931317652208867, -0.40738483449315743, 7.618815663894475, 4.84322147846528]","[1.3623731072279557, 0.09934042046004002, 0.47447325100304427, 37.99877778647342, 10.874642541464342, 11.229253770666695, 11.45960107227998, 2.630271276968017, 0.09330195111553197, 7.5, 4.854328228672758]","[1.384804188786388, 0.22796912076459191, 0.34011273863547975, 36.074947810802996, 8.31069060033757, 10.567805142516436, 11.05339316226187, 1.0096467312170183, 2.275433389092609, 5.157786219332307, 4.8473688961852845]"
noise_200hz,37,22.30000000000427,22.30000000000427,False,"bound_hit,non_positive_definite_mass_matrix",11,11,332.9049084981875,0.1406534031720362,True,"[{""index"": 1, ""name"": ""b_distal_inertia_combination"", ""direction"": ""lower"", ""constrained_hit"": true, ""bound"": 0.09934042046004, ""constrained_candidate"": 0.09934042046004002, ""unconstrained_candidate"": 0.04127442383666116, ""unconstrained_violation"": 0.05806599662337884, ""unconstrained_violation_fraction_of_span"": 0.29225765481200106, ""constrained_distance_to_bound"": 1.3877787807814457e-17}, {""index"": 8, ""name"": ""rho2_stiffness_rest_combination"", ""direction"": ""lower"", ""constrained_hit"": false, ""bound"": 0.0, ""constrained_candidate"": 0.09330195111553197, ""unconstrained_candidate"": -0.40738483449315743, ""unconstrained_violation"": 0.40738483449315743, ""unconstrained_violation_fraction_of_span"": 0.07780477218031161, ""constrained_distance_to_bound"": 0.09330195111553197}, {""index"": 9, ""name"": ""bv1_viscous_damping"", ""direction"": ""upper"", ""constrained_hit"": true, ""bound"": 7.5, ""constrained_candidate"": 7.5, ""unconstrained_candidate"": 7.618815663894475, ""unconstrained_violation"": 0.11881566389447507, ""unconstrained_violation_fraction_of_span"": 0.023763132778895014, ""constrained_distance_to_bound"": 0.0}]",1.168701956741936,0.3587540140122629,0.3587540140122629,not_accepted,1.555226077152147,1.0596686121242604,2.292065423541217,2.225075692275748,False,"[1.2903621243854053, 0.04127442383666116, 0.49518572774154923, 37.96867840907204, 11.37179807614878, 11.221648638217737, 11.445465481509752, 3.0931317652208867, -0.40738483449315743, 7.618815663894475, 4.84322147846528]","[1.3623731072279557, 0.09934042046004002, 0.47447325100304427, 37.99877778647342, 10.874642541464342, 11.229253770666695, 11.45960107227998, 2.630271276968017, 0.09330195111553197, 7.5, 4.854328228672758]","[1.384804188786388, 0.22796912076459191, 0.34011273863547975, 36.074947810802996, 8.31069060033757, 10.567805142516436, 11.05339316226187, 1.0096467312170183, 2.275433389092609, 5.157786219332307, 4.8473688961852845]"
noise_200hz,38,22.800000000004882,22.800000000004882,False,"bound_hit,non_positive_definite_mass_matrix",11,11,332.9049084981875,0.1406534031720362,True,"[{""index"": 1, ""name"": ""b_distal_inertia_combination"", ""direction"": ""lower"", ""constrained_hit"": true, ""bound"": 0.09934042046004, ""constrained_candidate"": 0.09934042046004002, ""unconstrained_candidate"": 0.04127442383666116, ""unconstrained_violation"": 0.05806599662337884, ""unconstrained_violation_fraction_of_span"": 0.29225765481200106, ""constrained_distance_to_bound"": 1.3877787807814457e-17}, {""index"": 8, ""name"": ""rho2_stiffness_rest_combination"", ""direction"": ""lower"", ""constrained_hit"": false, ""bound"": 0.0, ""constrained_candidate"": 0.09330195111553197, ""unconstrained_candidate"": -0.40738483449315743, ""unconstrained_violation"": 0.40738483449315743, ""unconstrained_violation_fraction_of_span"": 0.07780477218031161, ""constrained_distance_to_bound"": 0.09330195111553197}, {""index"": 9, ""name"": ""bv1_viscous_damping"", ""direction"": ""upper"", ""constrained_hit"": true, ""bound"": 7.5, ""constrained_candidate"": 7.5, ""unconstrained_candidate"": 7.618815663894475, ""unconstrained_violation"": 0.11881566389447507, ""unconstrained_violation_fraction_of_span"": 0.023763132778895014, ""constrained_distance_to_bound"": 0.0}]",1.168701956741936,0.3587540140122629,0.3587540140122629,not_accepted,1.555226077152147,1.0596686121242604,2.292065423541217,2.225075692275748,False,"[1.2903621243854053, 0.04127442383666116, 0.49518572774154923, 37.96867840907204, 11.37179807614878, 11.221648638217737, 11.445465481509752, 3.0931317652208867, -0.40738483449315743, 7.618815663894475, 4.84322147846528]","[1.3623731072279557, 0.09934042046004002, 0.47447325100304427, 37.99877778647342, 10.874642541464342, 11.229253770666695, 11.45960107227998, 2.630271276968017, 0.09330195111553197, 7.5, 4.854328228672758]","[1.384804188786388, 0.22796912076459191, 0.34011273863547975, 36.074947810802996, 8.31069060033757, 10.567805142516436, 11.05339316226187, 1.0096467312170183, 2.275433389092609, 5.157786219332307, 4.8473688961852845]"
noise_bias_drift_200hz,0,3.7999999999996925,3.7999999999996925,False,bound_hit,11,11,13023.211016955618,0.014918205628872914,True,"[{""index"": 1, ""name"": ""b_distal_inertia_combination"", ""direction"": ""upper"", ""constrained_hit"": true, ""bound"": 0.29802126138012003, ""constrained_candidate"": 0.29802126088013947, ""unconstrained_candidate"": 0.30601905401638135, ""unconstrained_violation"": 0.007997792636261325, ""unconstrained_violation_fraction_of_span"": 0.0402544734521154, ""constrained_distance_to_bound"": 4.999805569561033e-10}]",0.7756599354600637,0.46038359121476413,0.46038359121476413,not_accepted,3.3487085095806632,1.353577388643486,5.328293678320696,4.836293300539739,False,"[1.0604936156302849, 0.30601905401638135, 0.3948870983387965, 37.713231710192396, 10.188087757698035, 9.20631269431021, 14.246794891165528, 1.467693502656152, 2.682186647945285, 5.105885052296275, 5.013723727394382]","[1.0499320121269344, 0.29802126088013947, 0.3990366940770967, 37.702328861473376, 10.2044646815026, 9.199671263511574, 14.272874617141621, 1.471977137211777, 2.6701977173214937, 5.105718647298237, 4.979322895942402]","[1.4508174768147026, 0.19868084092008, 0.338787595728, 33.064998596820004, 7.607366586, 10.0, 10.0, 0.8726646259971648, 1.7453292519943295, 5.0, 5.0]"
noise_bias_drift_200hz,1,4.299999999999771,4.299999999999771,True,accepted,11,11,12134.973242241069,0.01505074044814404,False,[],0.7529822637310158,0.46038359121476413,0.44108649375527603,toward_truth,3.0718503417958853,1.0808255799246098,4.841378605176096,4.3614524125549385,False,"[1.0014838420322647, 0.25849387252928907, 0.3994577412379208, 38.529128708421666, 9.78283666107281, 9.308373054938027, 14.289724870367642, 1.6517348883713106, 2.5775279675305396, 5.0415385703207, 3.9826619899103566]","[1.0014838420322647, 0.25849387252928907, 0.3994577412379208, 38.529128708421666, 9.78283666107281, 9.308373054938027, 14.289724870367642, 1.6517348883713106, 2.5775279675305396, 5.0415385703207, 3.9826619899103566]","[1.4072929525102615, 0.2046412661476824, 0.34485461027899206, 33.61141160798017, 7.824913593507281, 9.930837305493803, 10.3, 0.9505716522345793, 1.8285491235479505, 5.00415385703207, 4.898266198991036]"
noise_bias_drift_200hz,2,4.799999999999938,4.799999999999938,False,bound_hit,11,11,10317.156457179692,0.019716670622962788,True,"[{""index"": 6, ""name"": ""k2_passive_stiffness"", ""direction"": ""upper"", ""constrained_hit"": true, ""bound"": 15.0, ""constrained_candidate"": 14.999999995077884, ""unconstrained_candidate"": 15.366643536788871, ""unconstrained_violation"": 0.36664353678887096, ""unconstrained_violation_fraction_of_span"": 0.036664353678887096, ""constrained_distance_to_bound"": 4.922116048078351e-09}]",0.9020496202276932,0.44108649375527603,0.44108649375527603,not_accepted,2.9998087713587744,1.292418001720179,4.76904957930872,4.349862083370046,False,"[1.1968965580779596, 0.20365219378372695, 0.28431264919284904, 38.977797704106855, 10.42014710303614, 9.295573129111158, 15.366643536788871, 2.5145930017450326, 2.486105901262775, 4.759210930479454, 3.7084463846076114]","[1.2051838500925618, 0.2118435489577611, 0.28607970013996253, 38.52211174857831, 10.866387318294235, 9.236031878654542, 14.999999995077884, 2.5048973991514436, 1.9704640395038524, 4.776747546845085, 3.7658076910812177]","[1.4072929525102615, 0.2046412661476824, 0.34485461027899206, 33.61141160798017, 7.824913593507281, 9.930837305493803, 10.3, 0.9505716522345793, 1.8285491235479505, 5.00415385703207, 4.898266198991036]"
noise_bias_drift_200hz,3,5.300000000000105,5.300000000000105,False,bound_hit,11,11,6687.473801688103,0.02174040807469026,True,"[{""index"": 4, ""name"": ""g2_distal_gravity_combination"", ""direction"": ""upper"", ""constrained_hit"": true, ""bound"": 11.411049879, ""constrained_candidate"": 11.411049879, ""unconstrained_candidate"": 13.947259940006688, ""unconstrained_violation"": 2.536210061006688, ""unconstrained_violation_fraction_of_span"": 0.3333887005884704, ""constrained_distance_to_bound"": 0.0}, {""index"": 8, ""name"": ""rho2_stiffness_rest_combination"", ""direction"": ""lower"", ""constrained_hit"": false, ""bound"": 0.0, ""constrained_candidate"": 1.266706265866237, ""unconstrained_candidate"": -1.3133932307750167, ""unconstrained_violation"": 1.3133932307750167, ""unconstrained_violation_fraction_of_span"": 0.250839629881534, ""constrained_distance_to_bound"": 1.266706265866237}]",0.9770800520969813,0.44108649375527603,0.44108649375527603,not_accepted,2.8996814191436857,1.3456501785814852,4.743083209095687,4.343796315771128,False,"[1.4693332500516825, 0.2798274265294307, 0.21266926547709536, 34.930312563496194, 13.947259940006688, 8.889338302866907, 13.747838308277638, 1.8924987809966956, -1.3133932307750167, 5.031922418799282, 3.64647549947922]","[1.53285190180779, 0.29068592364566537, 0.19672860789491423, 37.17378251936849, 11.411049879, 9.389394669946599, 14.02950013940028, 1.659243197552503, 1.266706265866237, 5.071725248371649, 3.485202159912161]","[1.4072929525102615, 0.2046412661476824, 0.34485461027899206, 33.61141160798017, 7.824913593507281, 9.930837305493803, 10.3, 0.9505716522345793, 1.8285491235479505, 5.00415385703207, 4.898266198991036]"
noise_bias_drift_200hz,4,5.800000000000272,5.800000000000272,False,bound_hit,11,11,3879.8087417151946,0.02904381458897711,True,"[{""index"": 1, ""name"": ""b_distal_inertia_combination"", ""direction"": ""upper"", ""constrained_hit"": true, ""bound"": 0.29802126138012003, ""constrained_candidate"": 0.29802126138012003, ""unconstrained_candidate"": 0.317710711183837, ""unconstrained_violation"": 0.019689449803716952, ""unconstrained_violation_fraction_of_span"": 0.09910089826747356, ""constrained_distance_to_bound"": 0.0}, {""index"": 4, ""name"": ""g2_distal_gravity_combination"", ""direction"": ""upper"", ""constrained_hit"": true, ""bound"": 11.411049879, ""constrained_candidate"": 11.411049878997241, ""unconstrained_candidate"": 11.54162690506794, ""unconstrained_violation"": 0.13057702606793953, ""unconstrained_violation_fraction_of_span"": 0.017164550254255295, ""constrained_distance_to_bound"": 2.758682171588589e-12}, {""index"": 7, ""name"": ""rho1_stiffness_rest_combination"", ""direction"": ""lower"", ""constrained_hit"": true, ""bound"": -0.4363323129985824, ""constrained_candidate"": -0.4363323129985818, ""unconstrained_candidate"": -2.680189504015514, ""unconstrained_violation"": 2.243857191016932, ""unconstrained_violation_fraction_of_span"": 0.5142541875014015, ""constrained_distance_to_bound"": 6.106226635438361e-16}]",0.7748165290051574,0.44108649375527603,0.44108649375527603,not_accepted,2.8425795360174804,1.3411797387199496,4.739628994678824,4.338794496270618,False,"[1.6698015675437348, 0.317710711183837, 0.412301167228879, 32.49878295573347, 11.54162690506794, 9.924806354095901, 10.921467249567623, -2.680189504015514, 0.3457230316983073, 6.068275647225123, 4.801690277603343]","[1.6409374886775987, 0.29802126138012003, 0.43431353658265426, 34.832930893040704, 11.411049878997241, 10.416716840382211, 10.861170298910004, -0.4363323129985818, 0.4645028994137492, 6.015598928169508, 4.852183132615875]","[1.4072929525102615, 0.2046412661476824, 0.34485461027899206, 33.61141160798017, 7.824913593507281, 9.930837305493803, 10.3, 0.9505716522345793, 1.8285491235479505, 5.00415385703207, 4.898266198991036]"
noise_bias_drift_200hz,5,6.300000000000439,6.300000000000439,False,bound_hit,11,11,3890.6079398178003,0.03119792229785698,True,"[{""index"": 1, ""name"": ""b_distal_inertia_combination"", ""direction"": ""upper"", ""constrained_hit"": true, ""bound"": 0.29802126138012003, ""constrained_candidate"": 0.2980212613785072, ""unconstrained_candidate"": 0.36159267859241023, ""unconstrained_violation"": 0.0635714172122902, ""unconstrained_violation_fraction_of_span"": 0.3199675264001021, ""constrained_distance_to_bound"": 1.612820987872965e-12}, {""index"": 2, ""name"": ""d_mass_length_com_combination"", ""direction"": ""upper"", ""constrained_hit"": true, ""bound"": 0.508181393592, ""constrained_candidate"": 0.5081813935080682, ""unconstrained_candidate"": 0.4527758790887551, ""unconstrained_violation"": 0.0, ""unconstrained_violation_fraction_of_span"": 0.0, ""constrained_distance_to_bound"": 8.393175043863721e-11}, {""index"": 7, ""name"": ""rho1_stiffness_rest_combination"", ""direction"": ""lower"", ""constrained_hit"": true, ""bound"": -0.4363323129985824, ""constrained_candidate"": -0.43633231299450637, ""unconstrained_candidate"": -4.986282573087778, ""unconstrained_violation"": 4.5499502600891955, ""unconstrained_violation_fraction_of_span"": 1.0427717875902485, ""constrained_distance_to_bound"": 4.0760173014575685e-12}, {""index"": 8, ""name"": ""rho2_stiffness_rest_combination"", ""direction"": ""upper"", ""constrained_hit"": true, ""bound"": 5.235987755982989, ""constrained_candidate"": 5.2359877512422415, ""unconstrained_candidate"": 5.099979392674788, ""unconstrained_violation"": 0.0, ""unconstrained_violation_fraction_of_span"": 0.0, ""constrained_distance_to_bound"": 4.740747350240326e-09}]",0.8217910530252507,0.44108649375527603,0.44108649375527603,not_accepted,2.751969209414783,1.3301523842837228,4.732176700631795,4.329144341660728,False,"[1.7858790727062503, 0.36159267859241023, 0.4527758790887551, 34.9254801528946, 6.722377557188335, 10.893573173144926, 11.309234072043646, -4.986282573087778, 5.099979392674788, 6.374271180516036, 4.571926042233322]","[1.6986558068538384, 0.2980212613785072, 0.5081813935080682, 39.54796396888774, 6.564717593885659, 11.888387834442492, 11.20493203176314, -0.43633231299450637, 5.2359877512422415, 6.2807536737842335, 4.666342082277357]","[1.4072929525102615, 0.2046412661476824, 0.34485461027899206, 33.61141160798017, 7.824913593507281, 9.930837305493803, 10.3, 0.9505716522345793, 1.8285491235479505, 5.00415385703207, 4.898266198991036]"
noise_bias_drift_200hz,6,6.800000000000606,6.800000000000606,False,bound_hit,11,11,3975.370047419864,0.03196259915811032,True,"[{""index"": 1, ""name"": ""b_distal_inertia_combination"", ""direction"": ""upper"", ""constrained_hit"": true, ""bound"": 0.29802126138012003, ""constrained_candidate"": 0.2980212613801171, ""unconstrained_candidate"": 0.34205965037111374, ""unconstrained_violation"": 0.044038388990993715, ""unconstrained_violation_fraction_of_span"": 0.22165392891963998, ""constrained_distance_to_bound"": 2.942091015256665e-15}, {""index"": 2, ""name"": ""d_mass_length_com_combination"", ""direction"": ""upper"", ""constrained_hit"": true, ""bound"": 0.508181393592, ""constrained_candidate"": 0.5081813935919942, ""unconstrained_candidate"": 0.4681455457466658, ""unconstrained_violation"": 0.0, ""unconstrained_violation_fraction_of_span"": 0.0, ""constrained_distance_to_bound"": 5.773159728050814e-15}, {""index"": 7, ""name"": ""rho1_stiffness_rest_combination"", ""direction"": ""lower"", ""constrained_hit"": true, ""bound"": -0.4363323129985824, ""constrained_candidate"": -0.43633231294551467, ""unconstrained_candidate"": -5.991752859748254, ""unconstrained_violation"": 5.555420546749671, ""unconstrained_violation_fraction_of_span"": 1.2732086029960659, ""constrained_distance_to_bound"": 5.306771688751155e-11}, {""index"": 8, ""name"": ""rho2_stiffness_rest_combination"", ""direction"": ""upper"", ""constrained_hit"": true, ""bound"": 5.235987755982989, ""constrained_candidate"": 5.235987755982966, ""unconstrained_candidate"": 6.207861915930412, ""unconstrained_violation"": 0.971874159947423, ""unconstrained_violation_fraction_of_span"": 0.18561429194269882, ""constrained_distance_to_bound"": 2.3092638912203256e-14}]",0.8335034064843432,0.44108649375527603,0.44108649375527603,not_accepted,2.669640450865555,1.316595529915757,4.738056856837997,4.330429800627411,False,"[1.7702403530572481, 0.34205965037111374, 0.4681455457466658, 35.19772661759269, 5.501148097559203, 11.034284096033039, 11.318230781828635, -5.991752859748254, 6.207861915930412, 6.441887298567101, 4.597885804246065]","[1.7545713550156274, 0.2980212613801171, 0.5081813935919942, 39.68249073379625, 6.453966189472691, 12.152788498058232, 11.20905469450733, -0.43633231294551467, 5.235987755982966, 6.3927896968938835, 4.672435377562787]","[1.4072929525102615, 0.2046412661476824, 0.34485461027899206, 33.61141160798017, 7.824913593507281, 9.930837305493803, 10.3, 0.9505716522345793, 1.8285491235479505, 5.00415385703207, 4.898266198991036]"
noise_bias_drift_200hz,7,7.3000000000007725,7.3000000000007725,False,bound_hit,11,11,4100.334439890541,0.03267243787736525,True,"[{""index"": 1, ""name"": ""b_distal_inertia_combination"", ""direction"": ""upper"", ""constrained_hit"": true, ""bound"": 0.29802126138012003, ""constrained_candidate"": 0.29802126138012003, ""unconstrained_candidate"": 0.34867704199990324, ""unconstrained_violation"": 0.05065578061978321, ""unconstrained_violation_fraction_of_span"": 0.25496057085926893, ""constrained_distance_to_bound"": 0.0}, {""index"": 2, ""name"": ""d_mass_length_com_combination"", ""direction"": ""upper"", ""constrained_hit"": true, ""bound"": 0.508181393592, ""constrained_candidate"": 0.508181393592, ""unconstrained_candidate"": 0.4733931710603668, ""unconstrained_violation"": 0.0, ""unconstrained_violation_fraction_of_span"": 0.0, ""constrained_distance_to_bound"": 0.0}, {""index"": 7, ""name"": ""rho1_stiffness_rest_combination"", ""direction"": ""lower"", ""constrained_hit"": true, ""bound"": -0.4363323129985824, ""constrained_candidate"": -0.4363323129961477, ""unconstrained_candidate"": -6.7682012832527025, ""unconstrained_violation"": 6.33186897025412, ""unconstrained_violation_fraction_of_span"": 1.4511574737016308, ""constrained_distance_to_bound"": 2.434663581851737e-12}, {""index"": 8, ""name"": ""rho2_stiffness_rest_combination"", ""direction"": ""upper"", ""constrained_hit"": true, ""bound"": 5.235987755982989, ""constrained_candidate"": 5.23598775596138, ""unconstrained_candidate"": 6.863850329107602, ""unconstrained_violation"": 1.627862573124613, ""unconstrained_violation_fraction_of_span"": 0.31089885022448893, ""constrained_distance_to_bound"": 2.1608492772884347e-11}]",0.8432439521510032,0.44108649375527603,0.44108649375527603,not_accepted,2.587820910112517,1.2977056884322322,4.744710227035557,4.331583276086672,False,"[1.7583873090291535, 0.34867704199990324, 0.4733931710603668, 35.22892233159232, 4.755654208731098, 11.084740781312222, 11.37068600061526, -6.7682012832527025, 6.863850329107602, 6.460288593196189, 4.573743840800566]","[1.7839871004783434, 0.29802126138012003, 0.508181393592, 39.80479361660702, 6.358348620224175, 12.365753334959265, 11.22377737776779, -0.4363323129961477, 5.23598775596138, 6.448250428261963, 4.662094104290186]","[1.4072929525102615, 0.2046412661476824, 0.34485461027899206, 33.61141160798017, 7.824913593507281, 9.930837305493803, 10.3, 0.9505716522345793, 1.8285491235479505, 5.00415385703207, 4.898266198991036]"
noise_bias_drift_200hz,8,7.8000000000009395,7.8000000000009395,False,bound_hit,11,11,3632.589325793778,0.03285312508743248,True,"[{""index"": 1, ""name"": ""b_distal_inertia_combination"", ""direction"": ""upper"", ""constrained_hit"": true, ""bound"": 0.29802126138012003, ""constrained_candidate"": 0.29802126138012003, ""unconstrained_candidate"": 0.37159517616433096, ""unconstrained_violation"": 0.07357391478421094, ""unconstrained_violation_fraction_of_span"": 0.37031207661239096, ""constrained_distance_to_bound"": 0.0}, {""index"": 2, ""name"": ""d_mass_length_com_combination"", ""direction"": ""upper"", ""constrained_hit"": true, ""bound"": 0.508181393592, ""constrained_candidate"": 0.508181393592, ""unconstrained_candidate"": 0.4518834869091715, ""unconstrained_violation"": 0.0, ""unconstrained_violation_fraction_of_span"": 0.0, ""constrained_distance_to_bound"": 0.0}, {""index"": 7, ""name"": ""rho1_stiffness_rest_combination"", ""direction"": ""lower"", ""constrained_hit"": true, ""bound"": -0.4363323129985824, ""constrained_candidate"": -0.4363323129985809, ""unconstrained_candidate"": -6.838376575692084, ""unconstrained_violation"": 6.402044262693501, ""unconstrained_violation_fraction_of_span"": 1.4672404660331222, ""constrained_distance_to_bound"": 1.4988010832439613e-15}, {""index"": 8, ""name"": ""rho2_stiffness_rest_combination"", ""direction"": ""upper"", ""constrained_hit"": true, ""bound"": 5.235987755982989, ""constrained_candidate"": 5.235987755982988, ""unconstrained_candidate"": 7.3003330942323785, ""unconstrained_violation"": 2.0643453382493897, ""unconstrained_violation_fraction_of_span"": 0.39426091779732125, ""constrained_distance_to_bound"": 8.881784197001252e-16}]",0.8337247965298915,0.44108649375527603,0.44108649375527603,not_accepted,2.4811605371935417,1.250342233232563,4.758316080636787,4.332978535584497,False,"[1.7121637469087903, 0.37159517616433096, 0.4518834869091715, 35.76381159822481, 4.255784918670063, 10.985533443716866, 11.429387352448538, -6.838376575692084, 7.3003330942323785, 6.218549927401033, 4.550180549424826]","[1.721022713621133, 0.29802126138012003, 0.508181393592, 39.96206864208513, 6.290002497161327, 12.276494436005594, 11.253757971807733, -0.4363323129985809, 5.235987755982988, 6.254169507530063, 4.6572682796298155]","[1.4072929525102615, 0.2046412661476824, 0.34485461027899206, 33.61141160798017, 7.824913593507281, 9.930837305493803, 10.3, 0.9505716522345793, 1.8285491235479505, 5.00415385703207, 4.898266198991036]"
noise_bias_drift_200hz,9,8.30000000000084,8.30000000000084,False,bound_hit,11,11,1568.6154206084643,0.03402483436691922,True,"[{""index"": 1, ""name"": ""b_distal_inertia_combination"", ""direction"": ""upper"", ""constrained_hit"": true, ""bound"": 0.29802126138012003, ""constrained_candidate"": 0.29802126138012003, ""unconstrained_candidate"": 0.39227325104031685, ""unconstrained_violation"": 0.09425198966019682, ""unconstrained_violation_fraction_of_span"": 0.4743889205608404, ""constrained_distance_to_bound"": 0.0}, {""index"": 2, ""name"": ""d_mass_length_com_combination"", ""direction"": ""upper"", ""constrained_hit"": true, ""bound"": 0.508181393592, ""constrained_candidate"": 0.5081813935919997, ""unconstrained_candidate"": 0.41809219277390364, ""unconstrained_violation"": 0.0, ""unconstrained_violation_fraction_of_span"": 0.0, ""constrained_distance_to_bound"": 3.3306690738754696e-16}, {""index"": 4, ""name"": ""g2_distal_gravity_combination"", ""direction"": ""lower"", ""constrained_hit"": false, ""bound"": 3.803683293, ""constrained_candidate"": 6.2460383684997245, ""unconstrained_candidate"": 2.697028811587101, ""unconstrained_violation"": 1.1066544814128991, ""unconstrained_violation_fraction_of_span"": 0.14547142810884114, ""constrained_distance_to_bound"": 2.4423550754997243}, {""index"": 7, ""name"": ""rho1_stiffness_rest_combination"", ""direction"": ""lower"", ""constrained_hit"": true, ""bound"": -0.4363323129985824, ""constrained_candidate"": -0.4363323129985822, ""unconstrained_candidate"": -1.6522214416816423, ""unconstrained_violation"": 1.21588912868306, ""unconstrained_violation_fraction_of_span"": 0.2786612617175136, ""constrained_distance_to_bound"": 1.6653345369377348e-16}, {""index"": 8, ""name"": ""rho2_stiffness_rest_combination"", ""direction"": ""upper"", ""constrained_hit"": true, ""bound"": 5.235987755982989, ""constrained_candidate"": 5.235987755982509, ""unconstrained_candidate"": 8.82810265128558, ""unconstrained_violation"": 3.5921148953025908, ""unconstrained_violation_fraction_of_span"": 0.68604341008972, ""constrained_distance_to_bound"": 4.796163466380676e-13}]",0.8067838343164287,0.44108649375527603,0.44108649375527603,not_accepted,2.3850159947997036,1.208243543383498,4.767944373928269,4.3280887327205635,False,"[1.7639908600247236, 0.39227325104031685, 0.41809219277390364, 42.48052025274408, 2.697028811587101, 12.070856974551937, 11.56814898419128, -1.6522214416816423, 8.82810265128558, 5.776126822195947, 4.5138293535361464]","[1.685513502453976, 0.29802126138012003, 0.5081813935919997, 40.15039700673488, 6.2460383684997245, 11.859678533225345, 11.290108803025069, -0.4363323129985822, 5.235987755982509, 5.685123754829438, 4.707054918926618]","[1.4072929525102615, 0.2046412661476824, 0.34485461027899206, 33.61141160798017, 7.824913593507281, 9.930837305493803, 10.3, 0.9505716522345793, 1.8285491235479505, 5.00415385703207, 4.898266198991036]"
noise_bias_drift_200hz,10,8.800000000000562,8.800000000000562,False,bound_hit,11,11,755.8213223398258,0.03428538497005808,True,"[{""index"": 1, ""name"": ""b_distal_inertia_combination"", ""direction"": ""upper"", ""constrained_hit"": true, ""bound"": 0.29802126138012003, ""constrained_candidate"": 0.29802126138012003, ""unconstrained_candidate"": 0.37912943636374075, ""unconstrained_violation"": 0.08110817498362072, ""unconstrained_violation_fraction_of_span"": 0.4082334995564405, ""constrained_distance_to_bound"": 0.0}, {""index"": 2, ""name"": ""d_mass_length_com_combination"", ""direction"": ""upper"", ""constrained_hit"": true, ""bound"": 0.508181393592, ""constrained_candidate"": 0.5081813935919999, ""unconstrained_candidate"": 0.43699231413457257, ""unconstrained_violation"": 0.0, ""unconstrained_violation_fraction_of_span"": 0.0, ""constrained_distance_to_bound"": 1.1102230246251565e-16}, {""index"": 4, ""name"": ""g2_distal_gravity_combination"", ""direction"": ""lower"", ""constrained_hit"": false, ""bound"": 3.803683293, ""constrained_candidate"": 6.209897958308769, ""unconstrained_candidate"": 2.6123933237924817, ""unconstrained_violation"": 1.1912899692075185, ""unconstrained_violation_fraction_of_span"": 0.15659689272761945, ""constrained_distance_to_bound"": 2.406214665308769}, {""index"": 7, ""name"": ""rho1_stiffness_rest_combination"", ""direction"": ""lower"", ""constrained_hit"": false, ""bound"": -0.4363323129985824, ""constrained_candidate"": -0.43633192772172713, ""unconstrained_candidate"": -4.119830851952365, ""unconstrained_violation"": 3.6834985389537827, ""unconstrained_violation_fraction_of_span"": 0.8441956804986274, ""constrained_distance_to_bound"": 3.8527685525258093e-07}, {""index"": 8, ""name"": ""rho2_stiffness_rest_combination"", ""direction"": ""upper"", ""constrained_hit"": true, ""bound"": 5.235987755982989, ""constrained_candidate"": 5.235987755982989, ""unconstrained_candidate"": 8.873261100654716, ""unconstrained_violation"": 3.637273344671727, ""unconstrained_violation_fraction_of_span"": 0.6946680386170758, ""constrained_distance_to_bound"": 0.0}]",0.8104187417196581,0.44108649375527603,0.44108649375527603,not_accepted,2.303164972904236,1.170832855654905,4.761988612176898,4.316742158299572,False,"[1.6877862441503064, 0.37912943636374075, 0.43699231413457257, 40.104383102309725, 2.6123933237924817, 11.577659805907324, 11.593442007510406, -4.119830851952365, 8.873261100654716, 5.85080922595313, 4.565763497857505]","[1.6896918181782916, 0.29802126138012003, 0.5081813935919999, 40.132415483678855, 6.209897958308769, 11.934806073554032, 11.321820384361553, -0.43633192772172713, 5.235987755982989, 5.7619834523540305, 4.7696265954786]","[1.4072929525102615, 0.2046412661476824, 0.34485461027899206, 33.61141160798017, 7.824913593507281, 9.930837305493803, 10.3, 0.9505716522345793, 1.8285491235479505, 5.00415385703207, 4.898266198991036]"
noise_bias_drift_200hz,11,9.300000000000285,9.300000000000285,False,bound_hit,11,11,595.7484783298308,0.03477213284682194,True,"[{""index"": 1, ""name"": ""b_distal_inertia_combination"", ""direction"": ""upper"", ""constrained_hit"": true, ""bound"": 0.29802126138012003, ""constrained_candidate"": 0.29802126138012003, ""unconstrained_candidate"": 0.3736620311495136, ""unconstrained_violation"": 0.07564076976939355, ""unconstrained_violation_fraction_of_span"": 0.3807149668740343, ""constrained_distance_to_bound"": 0.0}, {""index"": 2, ""name"": ""d_mass_length_com_combination"", ""direction"": ""upper"", ""constrained_hit"": true, ""bound"": 0.508181393592, ""constrained_candidate"": 0.508181393592, ""unconstrained_candidate"": 0.4466326736662975, ""unconstrained_violation"": 0.0, ""unconstrained_violation_fraction_of_span"": 0.0, ""constrained_distance_to_bound"": 0.0}, {""index"": 4, ""name"": ""g2_distal_gravity_combination"", ""direction"": ""lower"", ""constrained_hit"": false, ""bound"": 3.803683293, ""constrained_candidate"": 6.176917070197507, ""unconstrained_candidate"": 2.406944521758561, ""unconstrained_violation"": 1.3967387712414392, ""unconstrained_violation_fraction_of_span"": 0.18360345271278075, ""constrained_distance_to_bound"": 2.3732337771975067}, {""index"": 7, ""name"": ""rho1_stiffness_rest_combination"", ""direction"": ""lower"", ""constrained_hit"": false, ""bound"": -0.4363323129985824, ""constrained_candidate"": 1.9158272498817714, ""unconstrained_candidate"": -2.551078953156125, ""unconstrained_violation"": 2.1147466401575428, ""unconstrained_violation_fraction_of_span"": 0.4846642288819929, ""constrained_distance_to_bound"": 2.3521595628803538}, {""index"": 8, ""name"": ""rho2_stiffness_rest_combination"", ""direction"": ""upper"", ""constrained_hit"": true, ""bound"": 5.235987755982989, ""constrained_candidate"": 5.235987755982989, ""unconstrained_candidate"": 9.036109190598586, ""unconstrained_violation"": 3.8001214346155967, ""unconstrained_violation_fraction_of_span"": 0.7257697328022443, ""constrained_distance_to_bound"": 0.0}]",0.847324932748294,0.44108649375527603,0.44108649375527603,not_accepted,2.24918023916693,1.1580040825149942,4.735056686928146,4.291076446127951,False,"[1.6997447845295566, 0.3736620311495136, 0.4466326736662975, 41.77962383804086, 2.406944521758561, 12.029398369719043, 11.598948106910745, -2.551078953156125, 9.036109190598586, 5.9235946384790905, 4.575052425563687]","[1.7292362948937894, 0.29802126138012003, 0.508181393592, 42.394950751045386, 6.176917070197507, 12.558262907032033, 11.349652741001652, 1.9158272498817714, 5.235987755982989, 5.866175510661782, 4.7906492379010945]","[1.4072929525102615, 0.2046412661476824, 0.34485461027899206, 33.61141160798017, 7.824913593507281, 9.930837305493803, 10.3, 0.9505716522345793, 1.8285491235479505, 5.00415385703207, 4.898266198991036]"
noise_bias_drift_200hz,12,9.800000000000008,9.800000000000008,False,bound_hit,11,11,530.0309555839809,0.03567218574908596,True,"[{""index"": 1, ""name"": ""b_distal_inertia_combination"", ""direction"": ""upper"", ""constrained_hit"": true, ""bound"": 0.29802126138012003, ""constrained_candidate"": 0.29802126137937435, ""unconstrained_candidate"": 0.3629372400950506, ""unconstrained_violation"": 0.06491597871493054, ""unconstrained_violation_fraction_of_span"": 0.32673497059056233, ""constrained_distance_to_bound"": 7.456812944894864e-13}, {""index"": 2, ""name"": ""d_mass_length_com_combination"", ""direction"": ""upper"", ""constrained_hit"": true, ""bound"": 0.508181393592, ""constrained_candidate"": 0.5081813935157959, ""unconstrained_candidate"": 0.4480188873537299, ""unconstrained_violation"": 0.0, ""unconstrained_violation_fraction_of_span"": 0.0, ""constrained_distance_to_bound"": 7.620404307573381e-11}, {""index"": 4, ""name"": ""g2_distal_gravity_combination"", ""direction"": ""lower"", ""constrained_hit"": false, ""bound"": 3.803683293, ""constrained_candidate"": 6.139351530299995, ""unconstrained_candidate"": 2.5957263676451587, ""unconstrained_violation"": 1.2079569253548414, ""unconstrained_violation_fraction_of_span"": 0.15878778966401733, ""constrained_distance_to_bound"": 2.3356682372999944}, {""index"": 7, ""name"": ""rho1_stiffness_rest_combination"", ""direction"": ""lower"", ""constrained_hit"": false, ""bound"": -0.4363323129985824, ""constrained_candidate"": 1.1703219972939385, ""unconstrained_candidate"": -3.2555510257397566, ""unconstrained_violation"": 2.8192187127411743, ""unconstrained_violation_fraction_of_span"": 0.6461173350574965, ""constrained_distance_to_bound"": 1.6066543102925208}, {""index"": 8, ""name"": ""rho2_stiffness_rest_combination"", ""direction"": ""upper"", ""constrained_hit"": true, ""bound"": 5.235987755982989, ""constrained_candidate"": 5.235987755974416, ""unconstrained_candidate"": 8.794118318227259, ""unconstrained_violation"": 3.55813056224427, ""unconstrained_violation_fraction_of_span"": 0.6795528805770245, ""constrained_distance_to_bound"": 8.572698106945609e-12}]",0.7987861706839727,0.44108649375527603,0.44108649375527603,not_accepted,2.1691153970965136,1.1127062397679106,4.697582281683641,4.27182970932568,False,"[1.6620561739600839, 0.3629372400950506, 0.4480188873537299, 40.88421185425222, 2.5957263676451587, 11.783588547274897, 11.545204020910866, -3.2555510257397566, 8.794118318227259, 5.842487548676565, 4.618718054727234]","[1.686350518280356, 0.29802126137937435, 0.5081813935157959, 41.67794446099158, 6.139351530299995, 12.35054251172385, 11.366661411169535, 1.1703219972939385, 5.235987755974416, 5.811750368704345, 4.759929217924468]","[1.4072929525102615, 0.2046412661476824, 0.34485461027899206, 33.61141160798017, 7.824913593507281, 9.930837305493803, 10.3, 0.9505716522345793, 1.8285491235479505, 5.00415385703207, 4.898266198991036]"
noise_bias_drift_200hz,13,10.29999999999973,10.29999999999973,False,bound_hit,11,11,486.572881620344,0.035882010126663436,True,"[{""index"": 1, ""name"": ""b_distal_inertia_combination"", ""direction"": ""upper"", ""constrained_hit"": true, ""bound"": 0.29802126138012003, ""constrained_candidate"": 0.29802126138012003, ""unconstrained_candidate"": 0.35489684719423564, ""unconstrained_violation"": 0.056875585814115615, ""unconstrained_violation_fraction_of_span"": 0.2862660815744886, ""constrained_distance_to_bound"": 0.0}, {""index"": 2, ""name"": ""d_mass_length_com_combination"", ""direction"": ""upper"", ""constrained_hit"": true, ""bound"": 0.508181393592, ""constrained_candidate"": 0.508181393592, ""unconstrained_candidate"": 0.4672789082623713, ""unconstrained_violation"": 0.0, ""unconstrained_violation_fraction_of_span"": 0.0, ""constrained_distance_to_bound"": 0.0}, {""index"": 4, ""name"": ""g2_distal_gravity_combination"", ""direction"": ""lower"", ""constrained_hit"": false, ""bound"": 3.803683293, ""constrained_candidate"": 6.1039762224736505, ""unconstrained_candidate"": 3.064382290008309, ""unconstrained_violation"": 0.7393010029916911, ""unconstrained_violation_fraction_of_span"": 0.0971822502089281, ""constrained_distance_to_bound"": 2.3002929294736503}, {""index"": 7, ""name"": ""rho1_stiffness_rest_combination"", ""direction"": ""lower"", ""constrained_hit"": false, ""bound"": -0.4363323129985824, ""constrained_candidate"": 1.2184599567140904, ""unconstrained_candidate"": -2.7925463623180775, ""unconstrained_violation"": 2.356214049319495, ""unconstrained_violation_fraction_of_span"": 0.5400044826217467, ""constrained_distance_to_bound"": 1.6547922697126727}, {""index"": 8, ""name"": ""rho2_stiffness_rest_combination"", ""direction"": ""upper"", ""constrained_hit"": true, ""bound"": 5.235987755982989, ""constrained_candidate"": 5.235987755982989, ""unconstrained_candidate"": 8.28120404236813, ""unconstrained_violation"": 3.0452162863851404, ""unconstrained_violation_fraction_of_span"": 0.5815934697145678, ""constrained_distance_to_bound"": 0.0}]",0.8054596856654112,0.44108649375527603,0.44108649375527603,not_accepted,2.0951486011905787,1.0735341191275993,4.659463124252023,4.251497496665799,False,"[1.6428421775534996, 0.35489684719423564, 0.4672789082623713, 40.83705295838986, 3.064382290008309, 11.824312891251656, 11.481553925081682, -2.7925463623180775, 8.28120404236813, 5.810992666150382, 4.695496934221126]","[1.6508778419769172, 0.29802126138012003, 0.508181393592, 41.721449305195456, 6.1039762224736505, 12.373845635098714, 11.365782329467885, 1.2184599567140904, 5.235987755982989, 5.818922449379826, 4.745327871830012]","[1.4072929525102615, 0.2046412661476824, 0.34485461027899206, 33.61141160798017, 7.824913593507281, 9.930837305493803, 10.3, 0.9505716522345793, 1.8285491235479505, 5.00415385703207, 4.898266198991036]"
noise_bias_drift_200hz,14,10.799999999999454,10.799999999999454,False,bound_hit,11,11,468.731616980602,0.035584356954348105,True,"[{""index"": 1, ""name"": ""b_distal_inertia_combination"", ""direction"": ""upper"", ""constrained_hit"": true, ""bound"": 0.29802126138012003, ""constrained_candidate"": 0.29802126138012003, ""unconstrained_candidate"": 0.35978225673182107, ""unconstrained_violation"": 0.06176099535170104, ""unconstrained_violation_fraction_of_span"": 0.31085531481389583, ""constrained_distance_to_bound"": 0.0}, {""index"": 2, ""name"": ""d_mass_length_com_combination"", ""direction"": ""upper"", ""constrained_hit"": true, ""bound"": 0.508181393592, ""constrained_candidate"": 0.508181393592, ""unconstrained_candidate"": 0.46769632291862584, ""unconstrained_violation"": 0.0, ""unconstrained_violation_fraction_of_span"": 0.0, ""constrained_distance_to_bound"": 0.0}, {""index"": 4, ""name"": ""g2_distal_gravity_combination"", ""direction"": ""lower"", ""constrained_hit"": false, ""bound"": 3.803683293, ""constrained_candidate"": 6.077684342217157, ""unconstrained_candidate"": 3.6296892107509433, ""unconstrained_violation"": 0.17399408224905688, ""unconstrained_violation_fraction_of_span"": 0.022871788848622326, ""constrained_distance_to_bound"": 2.274001049217157}, {""index"": 7, ""name"": ""rho1_stiffness_rest_combination"", ""direction"": ""lower"", ""constrained_hit"": false, ""bound"": -0.4363323129985824, ""constrained_candidate"": 0.6148077070812525, ""unconstrained_candidate"": -2.746456256193409, ""unconstrained_violation"": 2.3101239431948266, ""unconstrained_violation_fraction_of_span"": 0.5294414083887324, ""constrained_distance_to_bound"": 1.0511400200798349}, {""index"": 8, ""name"": ""rho2_stiffness_rest_combination"", ""direction"": ""upper"", ""constrained_hit"": true, ""bound"": 5.235987755982989, ""constrained_candidate"": 5.235987755982989, ""unconstrained_candidate"": 7.686284388145614, ""unconstrained_violation"": 2.450296632162625, ""unconstrained_violation_fraction_of_span"": 0.46797218526012646, ""constrained_distance_to_bound"": 0.0}]",0.7845978292342596,0.44108649375527603,0.44108649375527603,not_accepted,2.0675092535541135,1.084118340851775,4.63095011129209,4.236408487541589,False,"[1.7605497376154928, 0.35978225673182107, 0.46769632291862584, 40.31457100678814, 3.6296892107509433, 11.704774942777389, 11.44052953266236, -2.746456256193409, 7.686284388145614, 5.749163473371207, 4.729934458265796]","[1.7269737744671656, 0.29802126138012003, 0.508181393592, 41.150725366612306, 6.077684342217157, 12.188953435907935, 11.360322625877604, 0.6148077070812525, 5.235987755982989, 5.770112651977391, 4.748762012850326]","[1.4072929525102615, 0.2046412661476824, 0.34485461027899206, 33.61141160798017, 7.824913593507281, 9.930837305493803, 10.3, 0.9505716522345793, 1.8285491235479505, 5.00415385703207, 4.898266198991036]"
noise_bias_drift_200hz,15,11.299999999999176,11.299999999999176,False,bound_hit,11,11,464.74680647111705,0.038607338904692826,True,"[{""index"": 1, ""name"": ""b_distal_inertia_combination"", ""direction"": ""upper"", ""constrained_hit"": true, ""bound"": 0.29802126138012003, ""constrained_candidate"": 0.29802126138012003, ""unconstrained_candidate"": 0.350131796993707, ""unconstrained_violation"": 0.05211053561358697, ""unconstrained_violation_fraction_of_span"": 0.26228264070287777, ""constrained_distance_to_bound"": 0.0}, {""index"": 2, ""name"": ""d_mass_length_com_combination"", ""direction"": ""upper"", ""constrained_hit"": true, ""bound"": 0.508181393592, ""constrained_candidate"": 0.508181393592, ""unconstrained_candidate"": 0.4279986003277083, ""unconstrained_violation"": 0.0, ""unconstrained_violation_fraction_of_span"": 0.0, ""constrained_distance_to_bound"": 0.0}, {""index"": 4, ""name"": ""g2_distal_gravity_combination"", ""direction"": ""lower"", ""constrained_hit"": false, ""bound"": 3.803683293, ""constrained_candidate"": 6.067444882279716, ""unconstrained_candidate"": 3.0441848024149136, ""unconstrained_violation"": 0.7594984905850866, ""unconstrained_violation_fraction_of_span"": 0.09983724091629921, ""constrained_distance_to_bound"": 2.263761589279716}, {""index"": 7, ""name"": ""rho1_stiffness_rest_combination"", ""direction"": ""lower"", ""constrained_hit"": false, ""bound"": -0.4363323129985824, ""constrained_candidate"": -0.3674308185687879, ""unconstrained_candidate"": -4.539711237420395, ""unconstrained_violation"": 4.103378924421812, ""unconstrained_violation_fraction_of_span"": 0.9404251764492043, ""constrained_distance_to_bound"": 0.06890149442979449}, {""index"": 8, ""name"": ""rho2_stiffness_rest_combination"", ""direction"": ""upper"", ""constrained_hit"": true, ""bound"": 5.235987755982989, ""constrained_candidate"": 5.235987755982989, ""unconstrained_candidate"": 8.255943830696626, ""unconstrained_violation"": 3.0199560747136376, ""unconstrained_violation_fraction_of_span"": 0.5767691246532871, ""constrained_distance_to_bound"": 0.0}]",0.8126135664648495,0.44108649375527603,0.44108649375527603,not_accepted,2.043042253718409,1.1127095660264157,4.609117381614511,4.222940130006312,False,"[1.808416177901398, 0.350131796993707, 0.4279986003277083, 39.174823975309685, 3.0441848024149136, 11.188374091771966, 11.45962413795625, -4.539711237420395, 8.255943830696626, 5.805557864180383, 4.746896571762659]","[1.7667381508722069, 0.29802126138012003, 0.508181393592, 40.226553453914555, 6.067444882279716, 11.798447198668878, 11.372147675647557, -0.3674308185687879, 5.235987755982989, 5.8303326718622595, 4.782923646946618]","[1.4072929525102615, 0.2046412661476824, 0.34485461027899206, 33.61141160798017, 7.824913593507281, 9.930837305493803, 10.3, 0.9505716522345793, 1.8285491235479505, 5.00415385703207, 4.898266198991036]"
noise_bias_drift_200hz,16,11.7999999999989,11.7999999999989,False,bound_hit,11,11,436.10227637737216,0.06798109333473883,True,"[{""index"": 1, ""name"": ""b_distal_inertia_combination"", ""direction"": ""upper"", ""constrained_hit"": true, ""bound"": 0.29802126138012003, ""constrained_candidate"": 0.29802126138004253, ""unconstrained_candidate"": 0.314109274448923, ""unconstrained_violation"": 0.016088013068802975, ""unconstrained_violation_fraction_of_span"": 0.0809741542984229, ""constrained_distance_to_bound"": 7.749356711883593e-14}, {""index"": 2, ""name"": ""d_mass_length_com_combination"", ""direction"": ""upper"", ""constrained_hit"": true, ""bound"": 0.508181393592, ""constrained_candidate"": 0.508181393591958, ""unconstrained_candidate"": 0.3302942235326377, ""unconstrained_violation"": 0.0, ""unconstrained_violation_fraction_of_span"": 0.0, ""constrained_distance_to_bound"": 4.196643033083092e-14}, {""index"": 4, ""name"": ""g2_distal_gravity_combination"", ""direction"": ""lower"", ""constrained_hit"": false, ""bound"": 3.803683293, ""constrained_candidate"": 8.246876407486747, ""unconstrained_candidate"": -0.32870449796469625, ""unconstrained_violation"": 4.132387790964696, ""unconstrained_violation_fraction_of_span"": 0.5432087101691166, ""constrained_distance_to_bound"": 4.443193114486746}, {""index"": 7, ""name"": ""rho1_stiffness_rest_combination"", ""direction"": ""lower"", ""constrained_hit"": true, ""bound"": -0.4363323129985824, ""constrained_candidate"": -0.4363323129985822, ""unconstrained_candidate"": -13.820380015559563, ""unconstrained_violation"": 13.38404770256098, ""unconstrained_violation_fraction_of_span"": 3.06739778463404, ""constrained_distance_to_bound"": 1.6653345369377348e-16}, {""index"": 8, ""name"": ""rho2_stiffness_rest_combination"", ""direction"": ""upper"", ""constrained_hit"": false, ""bound"": 5.235987755982989, ""constrained_candidate"": 3.0616918478537283, ""unconstrained_candidate"": 11.609655284499818, ""unconstrained_violation"": 6.373667528516829, ""unconstrained_violation_fraction_of_span"": 1.2172808313453085, ""constrained_distance_to_bound"": 2.1742959081292605}]",0.6022108318817111,0.44108649375527603,0.44108649375527603,not_accepted,2.0238765628870516,1.1404144094552613,4.597056396307931,4.202225136834405,False,"[1.7218229212072567, 0.314109274448923, 0.3302942235326377, 33.7370934196239, -0.32870449796469625, 8.485047344277708, 11.55313819239095, -13.820380015559563, 11.609655284499818, 6.057496612745405, 4.746284943517471]","[1.784554764490321, 0.29802126138004253, 0.508181393591958, 38.084837762703444, 8.246876407486747, 10.996403368292272, 11.329551937439302, -0.4363323129985822, 3.0616918478537283, 6.220849771901524, 4.880575752562983]","[1.4072929525102615, 0.2046412661476824, 0.34485461027899206, 33.61141160798017, 7.824913593507281, 9.930837305493803, 10.3, 0.9505716522345793, 1.8285491235479505, 5.00415385703207, 4.898266198991036]"
noise_bias_drift_200hz,17,12.299999999998622,12.299999999998622,False,bound_hit,11,11,403.2475471981031,0.08894845942278329,True,"[{""index"": 1, ""name"": ""b_distal_inertia_combination"", ""direction"": ""upper"", ""constrained_hit"": true, ""bound"": 0.29802126138012003, ""constrained_candidate"": 0.29802126138012003, ""unconstrained_candidate"": 0.26181641803553635, ""unconstrained_violation"": 0.0, ""unconstrained_violation_fraction_of_span"": 0.0, ""constrained_distance_to_bound"": 0.0}, {""index"": 2, ""name"": ""d_mass_length_com_combination"", ""direction"": ""upper"", ""constrained_hit"": true, ""bound"": 0.508181393592, ""constrained_candidate"": 0.508181393592, ""unconstrained_candidate"": 0.3199168965884418, ""unconstrained_violation"": 0.0, ""unconstrained_violation_fraction_of_span"": 0.0, ""constrained_distance_to_bound"": 0.0}, {""index"": 4, ""name"": ""g2_distal_gravity_combination"", ""direction"": ""lower"", ""constrained_hit"": false, ""bound"": 3.803683293, ""constrained_candidate"": 11.306211539790501, ""unconstrained_candidate"": -2.643240938562104, ""unconstrained_violation"": 6.446924231562104, ""unconstrained_violation_fraction_of_span"": 0.84745807352396, ""constrained_distance_to_bound"": 7.502528246790501}, {""index"": 7, ""name"": ""rho1_stiffness_rest_combination"", ""direction"": ""lower"", ""constrained_hit"": true, ""bound"": -0.4363323129985824, ""constrained_candidate"": -0.4363323129985822, ""unconstrained_candidate"": -19.588168702194267, ""unconstrained_violation"": 19.151836389195683, ""unconstrained_violation_fraction_of_span"": 4.389277580103931, ""constrained_distance_to_bound"": 1.6653345369377348e-16}, {""index"": 8, ""name"": ""rho2_stiffness_rest_combination"", ""direction"": ""lower"", ""constrained_hit"": true, ""bound"": 0.0, ""constrained_candidate"": 1.0716982856706636e-11, ""unconstrained_candidate"": 13.893661606648372, ""unconstrained_violation"": 0.0, ""unconstrained_violation_fraction_of_span"": 0.0, ""constrained_distance_to_bound"": 1.0716982856706636e-11}]",0.9011902205316802,0.44108649375527603,0.44108649375527603,not_accepted,1.9377865552049314,1.0991206089509469,4.575902804101122,4.170588751303291,False,"[1.5308763406622223, 0.26181641803553635, 0.3199168965884418, 30.569762013537385, -2.643240938562104, 6.872192523008554, 11.601769552235695, -19.588168702194267, 13.893661606648372, 6.071276689273916, 4.7238394861166055]","[1.6102522076338388, 0.29802126138012003, 0.508181393592, 35.24551601446722, 11.306211539790501, 9.819953458680601, 11.257015359181148, -0.4363323129985822, 1.0716982856706636e-11, 6.3309817042059615, 4.952375267615081]","[1.4072929525102615, 0.2046412661476824, 0.34485461027899206, 33.61141160798017, 7.824913593507281, 9.930837305493803, 10.3, 0.9505716522345793, 1.8285491235479505, 5.00415385703207, 4.898266198991036]"
noise_bias_drift_200hz,18,12.799999999998345,12.799999999998345,False,bound_hit,11,11,393.00512748127386,0.09018681540560937,True,"[{""index"": 1, ""name"": ""b_distal_inertia_combination"", ""direction"": ""upper"", ""constrained_hit"": true, ""bound"": 0.29802126138012003, ""constrained_candidate"": 0.29802126138012003, ""unconstrained_candidate"": 0.25063241010805204, ""unconstrained_violation"": 0.0, ""unconstrained_violation_fraction_of_span"": 0.0, ""constrained_distance_to_bound"": 0.0}, {""index"": 2, ""name"": ""d_mass_length_com_combination"", ""direction"": ""upper"", ""constrained_hit"": true, ""bound"": 0.508181393592, ""constrained_candidate"": 0.508181393592, ""unconstrained_candidate"": 0.3354787049273605, ""unconstrained_violation"": 0.0, ""unconstrained_violation_fraction_of_span"": 0.0, ""constrained_distance_to_bound"": 0.0}, {""index"": 4, ""name"": ""g2_distal_gravity_combination"", ""direction"": ""lower"", ""constrained_hit"": false, ""bound"": 3.803683293, ""constrained_candidate"": 10.719083719740482, ""unconstrained_candidate"": -0.7082666417340979, ""unconstrained_violation"": 4.511949934734098, ""unconstrained_violation_fraction_of_span"": 0.5931027358452182, ""constrained_distance_to_bound"": 6.915400426740481}, {""index"": 7, ""name"": ""rho1_stiffness_rest_combination"", ""direction"": ""lower"", ""constrained_hit"": true, ""bound"": -0.4363323129985824, ""constrained_candidate"": -0.4363323129985822, ""unconstrained_candidate"": -14.822300266273073, ""unconstrained_violation"": 14.385967953274491, ""unconstrained_violation_fraction_of_span"": 3.2970209917323343, ""constrained_distance_to_bound"": 1.6653345369377348e-16}, {""index"": 8, ""name"": ""rho2_stiffness_rest_combination"", ""direction"": ""upper"", ""constrained_hit"": false, ""bound"": 5.235987755982989, ""constrained_candidate"": 0.5654957981000301, ""unconstrained_candidate"": 11.94048879640812, ""unconstrained_violation"": 6.704501040425131, ""unconstrained_violation_fraction_of_span"": 1.2804653778580979, ""constrained_distance_to_bound"": 4.670491957882959}]",0.8188547437936904,0.44108649375527603,0.44108649375527603,not_accepted,1.9127610941074775,1.1255551357541098,4.532581125752694,4.137438209473801,False,"[1.5928728098152647, 0.25063241010805204, 0.3354787049273605, 33.10802902100541, -0.7082666417340979, 8.18553276573424, 11.536443982132388, -14.822300266273073, 11.94048879640812, 6.456181049318921, 4.766450718533084]","[1.6161246656830301, 0.29802126138012003, 0.508181393592, 35.76080675299976, 10.719083719740482, 10.035347517726208, 11.273607315944231, -0.4363323129985822, 0.5654957981000301, 6.495366799557254, 4.923429825633498]","[1.4072929525102615, 0.2046412661476824, 0.34485461027899206, 33.61141160798017, 7.824913593507281, 9.930837305493803, 10.3, 0.9505716522345793, 1.8285491235479505, 5.00415385703207, 4.898266198991036]"
noise_bias_drift_200hz,19,13.299999999998068,13.299999999998068,False,bound_hit,11,11,390.7769643895885,0.09897328935038356,True,"[{""index"": 1, ""name"": ""b_distal_inertia_combination"", ""direction"": ""upper"", ""constrained_hit"": true, ""bound"": 0.29802126138012003, ""constrained_candidate"": 0.29802126138012003, ""unconstrained_candidate"": 0.22195618510567294, ""unconstrained_violation"": 0.0, ""unconstrained_violation_fraction_of_span"": 0.0, ""constrained_distance_to_bound"": 0.0}, {""index"": 2, ""name"": ""d_mass_length_com_combination"", ""direction"": ""upper"", ""constrained_hit"": true, ""bound"": 0.508181393592, ""constrained_candidate"": 0.508181393592, ""unconstrained_candidate"": 0.43708871910469627, ""unconstrained_violation"": 0.0, ""unconstrained_violation_fraction_of_span"": 0.0, ""constrained_distance_to_bound"": 0.0}, {""index"": 4, ""name"": ""g2_distal_gravity_combination"", ""direction"": ""lower"", ""constrained_hit"": false, ""bound"": 3.803683293, ""constrained_candidate"": 9.351022940735442, ""unconstrained_candidate"": 1.1045456482621674, ""unconstrained_violation"": 2.699137644737833, ""unconstrained_violation_fraction_of_span"": 0.35480578124171297, ""constrained_distance_to_bound"": 5.547339647735441}, {""index"": 7, ""name"": ""rho1_stiffness_rest_combination"", ""direction"": ""lower"", ""constrained_hit"": true, ""bound"": -0.4363323129985824, ""constrained_candidate"": -0.4363323129985822, ""unconstrained_candidate"": -10.47175026750871, ""unconstrained_violation"": 10.035417954510129, ""unconstrained_violation_fraction_of_span"": 2.29994837777296, ""constrained_distance_to_bound"": 1.6653345369377348e-16}, {""index"": 8, ""name"": ""rho2_stiffness_rest_combination"", ""direction"": ""upper"", ""constrained_hit"": false, ""bound"": 5.235987755982989, ""constrained_candidate"": 1.9125581807041623, ""unconstrained_candidate"": 10.116224672184057, ""unconstrained_violation"": 4.880236916201068, ""unconstrained_violation_fraction_of_span"": 0.9320565944075373, ""constrained_distance_to_bound"": 3.3234295752788263}]",0.7308647547124781,0.44108649375527603,0.44108649375527603,not_accepted,1.846921292433586,1.1027934021598003,4.486312467726635,4.117604331444188,False,"[1.4227993449725995, 0.22195618510567294, 0.43708871910469627, 35.37970885467974, 1.1045456482621674, 9.32692686415826, 11.475271524940212, -10.47175026750871, 10.116224672184057, 7.099576459478751, 4.8149272403064405]","[1.5118007727367566, 0.29802126138012003, 0.508181393592, 36.98266384401275, 9.351022940735442, 10.520425410225743, 11.302233878193181, -0.4363323129985822, 1.9125581807041623, 7.015694885589905, 4.88998739430567]","[1.4072929525102615, 0.2046412661476824, 0.34485461027899206, 33.61141160798017, 7.824913593507281, 9.930837305493803, 10.3, 0.9505716522345793, 1.8285491235479505, 5.00415385703207, 4.898266198991036]"
noise_bias_drift_200hz,20,13.799999999997791,13.799999999997791,False,bound_hit,11,11,392.31063946617456,0.10371021709672179,True,"[{""index"": 1, ""name"": ""b_distal_inertia_combination"", ""direction"": ""upper"", ""constrained_hit"": true, ""bound"": 0.29802126138012003, ""constrained_candidate"": 0.2980212613765253, ""unconstrained_candidate"": 0.16166366790856773, ""unconstrained_violation"": 0.0, ""unconstrained_violation_fraction_of_span"": 0.0, ""constrained_distance_to_bound"": 3.594735620282563e-12}, {""index"": 2, ""name"": ""d_mass_length_com_combination"", ""direction"": ""upper"", ""constrained_hit"": true, ""bound"": 0.508181393592, ""constrained_candidate"": 0.5081813935919999, ""unconstrained_candidate"": 0.5833084179965784, ""unconstrained_violation"": 0.07512702440457841, ""unconstrained_violation_fraction_of_span"": 0.22175258289236516, ""constrained_distance_to_bound"": 1.1102230246251565e-16}, {""index"": 4, ""name"": ""g2_distal_gravity_combination"", ""direction"": ""lower"", ""constrained_hit"": false, ""bound"": 3.803683293, ""constrained_candidate"": 8.560350591109474, ""unconstrained_candidate"": 1.9234787001105857, ""unconstrained_violation"": 1.8802045928894144, ""unconstrained_violation_fraction_of_span"": 0.247155776132781, ""constrained_distance_to_bound"": 4.756667298109473}, {""index"": 7, ""name"": ""rho1_stiffness_rest_combination"", ""direction"": ""lower"", ""constrained_hit"": true, ""bound"": -0.4363323129985824, ""constrained_candidate"": -0.4363323129985822, ""unconstrained_candidate"": -8.39301690436648, ""unconstrained_violation"": 7.956684591367897, ""unconstrained_violation_fraction_of_span"": 1.8235377840086184, ""constrained_distance_to_bound"": 1.6653345369377348e-16}, {""index"": 8, ""name"": ""rho2_stiffness_rest_combination"", ""direction"": ""upper"", ""constrained_hit"": false, ""bound"": 5.235987755982989, ""constrained_candidate"": 2.6877577543174604, ""unconstrained_candidate"": 9.2847203421651, ""unconstrained_violation"": 4.048732586182111, ""unconstrained_violation_fraction_of_span"": 0.7732509652177393, ""constrained_distance_to_bound"": 2.5482300016655284}]",0.7806882482340365,0.44108649375527603,0.44108649375527603,not_accepted,1.7647642921438251,1.0715227030654295,4.435389685173738,4.088123538524488,False,"[1.1140528156990726, 0.16166366790856773, 0.5833084179965784, 36.50537330285197, 1.9234787001105857, 9.88872616020172, 11.439779211903275, -8.39301690436648, 9.2847203421651, 7.446729842165954, 4.8406762323568575]","[1.330050035948561, 0.2980212613765253, 0.5081813935919999, 37.68789439196435, 8.560350591109474, 10.799318319668119, 11.31213277623903, -0.4363323129985822, 2.6877577543174604, 7.32781979854947, 4.886518264344734]","[1.4072929525102615, 0.2046412661476824, 0.34485461027899206, 33.61141160798017, 7.824913593507281, 9.930837305493803, 10.3, 0.9505716522345793, 1.8285491235479505, 5.00415385703207, 4.898266198991036]"
noise_bias_drift_200hz,21,14.299999999997514,14.299999999997514,False,bound_hit,11,11,396.35060610438217,0.10363491647174303,True,"[{""index"": 1, ""name"": ""b_distal_inertia_combination"", ""direction"": ""upper"", ""constrained_hit"": true, ""bound"": 0.29802126138012003, ""constrained_candidate"": 0.2980212613801188, ""unconstrained_candidate"": 0.14883338966220566, ""unconstrained_violation"": 0.0, ""unconstrained_violation_fraction_of_span"": 0.0, ""constrained_distance_to_bound"": 1.2212453270876722e-15}, {""index"": 2, ""name"": ""d_mass_length_com_combination"", ""direction"": ""upper"", ""constrained_hit"": true, ""bound"": 0.508181393592, ""constrained_candidate"": 0.508181393592, ""unconstrained_candidate"": 0.6218149797182965, ""unconstrained_violation"": 0.11363358612629648, ""unconstrained_violation_fraction_of_span"": 0.3354124754246572, ""constrained_distance_to_bound"": 0.0}, {""index"": 4, ""name"": ""g2_distal_gravity_combination"", ""direction"": ""lower"", ""constrained_hit"": false, ""bound"": 3.803683293, ""constrained_candidate"": 8.31368001827786, ""unconstrained_candidate"": 2.2703639619077007, ""unconstrained_violation"": 1.5333193310922995, ""unconstrained_violation_fraction_of_span"": 0.2015571766863582, ""constrained_distance_to_bound"": 4.50999672527786}, {""index"": 7, ""name"": ""rho1_stiffness_rest_combination"", ""direction"": ""lower"", ""constrained_hit"": true, ""bound"": -0.4363323129985824, ""constrained_candidate"": -0.4363323129985822, ""unconstrained_candidate"": -7.627265797016695, ""unconstrained_violation"": 7.190933484018112, ""unconstrained_violation_fraction_of_span"": 1.6480405575741708, ""constrained_distance_to_bound"": 1.6653345369377348e-16}, {""index"": 8, ""name"": ""rho2_stiffness_rest_combination"", ""direction"": ""upper"", ""constrained_hit"": false, ""bound"": 5.235987755982989, ""constrained_candidate"": 2.9210588062316276, ""unconstrained_candidate"": 8.926363271880604, ""unconstrained_violation"": 3.690375515897615, ""unconstrained_violation_fraction_of_span"": 0.7048098062644905, ""constrained_distance_to_bound"": 2.314928949751361}, {""index"": 9, ""name"": ""bv1_viscous_damping"", ""direction"": ""upper"", ""constrained_hit"": false, ""bound"": 7.5, ""constrained_candidate"": 7.4301737400847045, ""unconstrained_candidate"": 7.564139573012524, ""unconstrained_violation"": 0.0641395730125236, ""unconstrained_violation_fraction_of_span"": 0.012827914602504719, ""constrained_distance_to_bound"": 0.06982625991529545}]",0.8085067690708161,0.44108649375527603,0.44108649375527603,not_accepted,1.726299289080415,1.0715878447299085,4.399233725454415,4.076785176511304,False,"[1.039481047061015, 0.14883338966220566, 0.6218149797182965, 36.87295153539087, 2.2703639619077007, 10.078264806092461, 11.416706774560513, -7.627265797016695, 8.926363271880604, 7.564139573012524, 4.871585535460428]","[1.2771908452325174, 0.2980212613801188, 0.508181393592, 37.90132245928265, 8.31368001827786, 10.885670799179042, 11.303441764226871, -0.4363323129985822, 2.9210588062316276, 7.4301737400847045, 4.911463158227123]","[1.4072929525102615, 0.2046412661476824, 0.34485461027899206, 33.61141160798017, 7.824913593507281, 9.930837305493803, 10.3, 0.9505716522345793, 1.8285491235479505, 5.00415385703207, 4.898266198991036]"
noise_bias_drift_200hz,22,14.799999999997237,14.799999999997237,False,bound_hit,11,11,401.26785331388925,0.10510848060164613,True,"[{""index"": 2, ""name"": ""d_mass_length_com_combination"", ""direction"": ""upper"", ""constrained_hit"": true, ""bound"": 0.508181393592, ""constrained_candidate"": 0.508181393592, ""unconstrained_candidate"": 0.6656243646901707, ""unconstrained_violation"": 0.15744297109817074, ""unconstrained_violation_fraction_of_span"": 0.4647247215762169, ""constrained_distance_to_bound"": 0.0}, {""index"": 4, ""name"": ""g2_distal_gravity_combination"", ""direction"": ""lower"", ""constrained_hit"": false, ""bound"": 3.803683293, ""constrained_candidate"": 7.965138228813574, ""unconstrained_candidate"": 2.580553121203237, ""unconstrained_violation"": 1.2231301717967633, ""unconstrained_violation_fraction_of_span"": 0.16078233616974844, ""constrained_distance_to_bound"": 4.161454935813573}, {""index"": 7, ""name"": ""rho1_stiffness_rest_combination"", ""direction"": ""lower"", ""constrained_hit"": true, ""bound"": -0.4363323129985824, ""constrained_candidate"": -0.4363323129985822, ""unconstrained_candidate"": -6.8828653015922105, ""unconstrained_violation"": 6.446532988593628, ""unconstrained_violation_fraction_of_span"": 1.4774365309530888, ""constrained_distance_to_bound"": 1.6653345369377348e-16}, {""index"": 8, ""name"": ""rho2_stiffness_rest_combination"", ""direction"": ""upper"", ""constrained_hit"": false, ""bound"": 5.235987755982989, ""constrained_candidate"": 3.2592885752029703, ""unconstrained_candidate"": 8.607824834538828, ""unconstrained_violation"": 3.3718370785558394, ""unconstrained_violation_fraction_of_span"": 0.6439734460232367, ""constrained_distance_to_bound"": 1.9766991807800185}, {""index"": 9, ""name"": ""bv1_viscous_damping"", ""direction"": ""upper"", ""constrained_hit"": true, ""bound"": 7.5, ""constrained_candidate"": 7.5, ""unconstrained_candidate"": 7.692075373161485, ""unconstrained_violation"": 0.19207537316148482, ""unconstrained_violation_fraction_of_span"": 0.038415074632296965, ""constrained_distance_to_bound"": 0.0}]",0.8399546343740489,0.44108649375527603,0.44108649375527603,not_accepted,1.6883291851174587,1.0829056551613458,4.352479889429113,4.048835995573227,False,"[0.9495330564245996, 0.12975313792533422, 0.6656243646901707, 37.25651278256244, 2.580553121203237, 10.271317249367423, 11.399720889208991, -6.8828653015922105, 8.607824834538828, 7.692075373161485, 4.888852099770646]","[1.2189231296699057, 0.2969340496909264, 0.508181393592, 38.21012480732757, 7.965138228813574, 11.020032527098895, 11.302534426288503, -0.4363323129985822, 3.2592885752029703, 7.5, 4.922219161414129]","[1.4072929525102615, 0.2046412661476824, 0.34485461027899206, 33.61141160798017, 7.824913593507281, 9.930837305493803, 10.3, 0.9505716522345793, 1.8285491235479505, 5.00415385703207, 4.898266198991036]"
noise_bias_drift_200hz,23,15.29999999999696,15.29999999999696,False,"bound_hit,non_positive_definite_mass_matrix",11,11,404.60213294401655,0.11745937960180974,True,"[{""index"": 1, ""name"": ""b_distal_inertia_combination"", ""direction"": ""lower"", ""constrained_hit"": false, ""bound"": 0.09934042046004, ""constrained_candidate"": 0.1728295440189381, ""unconstrained_candidate"": 0.032600204696617785, ""unconstrained_violation"": 0.06674021576342222, ""unconstrained_violation_fraction_of_span"": 0.3359167167521134, ""constrained_distance_to_bound"": 0.0734891235588981}, {""index"": 2, ""name"": ""d_mass_length_com_combination"", ""direction"": ""upper"", ""constrained_hit"": true, ""bound"": 0.508181393592, ""constrained_candidate"": 0.508181393592, ""unconstrained_candidate"": 0.5987322996373101, ""unconstrained_violation"": 0.09055090604531013, ""unconstrained_violation_fraction_of_span"": 0.2672792840916469, ""constrained_distance_to_bound"": 0.0}, {""index"": 4, ""name"": ""g2_distal_gravity_combination"", ""direction"": ""lower"", ""constrained_hit"": false, ""bound"": 3.803683293, ""constrained_candidate"": 7.4800219500609035, ""unconstrained_candidate"": 2.1154265723245667, ""unconstrained_violation"": 1.6882567206754335, ""unconstrained_violation_fraction_of_span"": 0.2219239340696909, ""constrained_distance_to_bound"": 3.6763386570609033}, {""index"": 7, ""name"": ""rho1_stiffness_rest_combination"", ""direction"": ""lower"", ""constrained_hit"": true, ""bound"": -0.4363323129985824, ""constrained_candidate"": -0.43633231299858066, ""unconstrained_candidate"": -7.434578765827456, ""unconstrained_violation"": 6.998246452828873, ""unconstrained_violation_fraction_of_span"": 1.6038799429579744, ""constrained_distance_to_bound"": 1.7208456881689926e-15}, {""index"": 8, ""name"": ""rho2_stiffness_rest_combination"", ""direction"": ""upper"", ""constrained_hit"": false, ""bound"": 5.235987755982989, ""constrained_candidate"": 3.738368742305096, ""unconstrained_candidate"": 9.069237322934091, ""unconstrained_violation"": 3.8332495669511024, ""unconstrained_violation_fraction_of_span"": 0.7320967400221622, ""constrained_distance_to_bound"": 1.4976190136778929}, {""index"": 9, ""name"": ""bv1_viscous_damping"", ""direction"": ""upper"", ""constrained_hit"": true, ""bound"": 7.5, ""constrained_candidate"": 7.5, ""unconstrained_candidate"": 8.171239201808017, ""unconstrained_violation"": 0.6712392018080173, ""unconstrained_violation_fraction_of_span"": 0.13424784036160348, ""constrained_distance_to_bound"": 0.0}]",0.8089802634657544,0.44108649375527603,0.44108649375527603,not_accepted,1.759415334535884,1.1609508043223078,4.306872080029123,4.028031850733132,False,"[1.0886246785700648, 0.032600204696617785, 0.5987322996373101, 37.166571803874426, 2.1154265723245667, 10.125278130911083, 11.398477596626224, -7.434578765827456, 9.069237322934091, 8.171239201808017, 4.935927613711804]","[1.3242745897324835, 0.1728295440189381, 0.508181393592, 38.646762859196166, 7.4800219500609035, 11.222392048641309, 11.303447115116366, -0.43633231299858066, 3.738368742305096, 7.5, 4.9426695296414955]","[1.4072929525102615, 0.2046412661476824, 0.34485461027899206, 33.61141160798017, 7.824913593507281, 9.930837305493803, 10.3, 0.9505716522345793, 1.8285491235479505, 5.00415385703207, 4.898266198991036]"
noise_bias_drift_200hz,24,15.799999999996682,15.799999999996682,False,"bound_hit,non_positive_definite_mass_matrix",11,11,398.2676186825538,0.13969662260279644,True,"[{""index"": 1, ""name"": ""b_distal_inertia_combination"", ""direction"": ""lower"", ""constrained_hit"": true, ""bound"": 0.09934042046004, ""constrained_candidate"": 0.09934042046004002, ""unconstrained_candidate"": -0.06580752951161009, ""unconstrained_violation"": 0.1651479499716501, ""unconstrained_violation_fraction_of_span"": 0.8312223222272417, ""constrained_distance_to_bound"": 1.3877787807814457e-17}, {""index"": 2, ""name"": ""d_mass_length_com_combination"", ""direction"": ""upper"", ""constrained_hit"": true, ""bound"": 0.508181393592, ""constrained_candidate"": 0.508181393592, ""unconstrained_candidate"": 0.5568396616801645, ""unconstrained_violation"": 0.048658268088164536, ""unconstrained_violation_fraction_of_span"": 0.1436247038018194, ""constrained_distance_to_bound"": 0.0}, {""index"": 4, ""name"": ""g2_distal_gravity_combination"", ""direction"": ""lower"", ""constrained_hit"": false, ""bound"": 3.803683293, ""constrained_candidate"": 7.237215620280265, ""unconstrained_candidate"": 0.5094256895505973, ""unconstrained_violation"": 3.294257603449403, ""unconstrained_violation_fraction_of_span"": 0.43303521214711754, ""constrained_distance_to_bound"": 3.433532327280265}, {""index"": 7, ""name"": ""rho1_stiffness_rest_combination"", ""direction"": ""lower"", ""constrained_hit"": true, ""bound"": -0.4363323129985824, ""constrained_candidate"": -0.43633231299858066, ""unconstrained_candidate"": -10.062765403189493, ""unconstrained_violation"": 9.626433090190911, ""unconstrained_violation_fraction_of_span"": 2.206215951332073, ""constrained_distance_to_bound"": 1.7208456881689926e-15}, {""index"": 8, ""name"": ""rho2_stiffness_rest_combination"", ""direction"": ""upper"", ""constrained_hit"": false, ""bound"": 5.235987755982989, ""constrained_candidate"": 3.9849231150717976, ""unconstrained_candidate"": 10.675594018484334, ""unconstrained_violation"": 5.4396062625013455, ""unconstrained_violation_fraction_of_span"": 1.0388882701808628, ""constrained_distance_to_bound"": 1.2510646409111912}, {""index"": 9, ""name"": ""bv1_viscous_damping"", ""direction"": ""upper"", ""constrained_hit"": true, ""bound"": 7.5, ""constrained_candidate"": 7.5, ""unconstrained_candidate"": 8.972196238240844, ""unconstrained_violation"": 1.4721962382408442, ""unconstrained_violation_fraction_of_span"": 0.29443924764816887, ""constrained_distance_to_bound"": 0.0}]",0.9797424715632511,0.44108649375527603,0.44108649375527603,not_accepted,1.842163857903633,1.272947131747838,4.256651981246443,4.010646464268813,False,"[1.1499217634169945, -0.06580752951161009, 0.5568396616801645, 36.23763994479663, 0.5094256895505973, 9.423407301955562, 11.422931605051241, -10.062765403189493, 10.675594018484334, 8.972196238240844, 5.024529737741995]","[1.534443893660919, 0.09934042046004002, 0.508181393592, 38.87907800859474, 7.237215620280265, 11.283532750521717, 11.305916192012369, -0.43633231299858066, 3.9849231150717976, 7.5, 4.974225192310748]","[1.4072929525102615, 0.2046412661476824, 0.34485461027899206, 33.61141160798017, 7.824913593507281, 9.930837305493803, 10.3, 0.9505716522345793, 1.8285491235479505, 5.00415385703207, 4.898266198991036]"
noise_bias_drift_200hz,25,16.29999999999694,16.29999999999694,False,"bound_hit,non_positive_definite_mass_matrix",11,11,381.090767303402,0.14756215158827665,True,"[{""index"": 1, ""name"": ""b_distal_inertia_combination"", ""direction"": ""lower"", ""constrained_hit"": true, ""bound"": 0.09934042046004, ""constrained_candidate"": 0.09934042046004002, ""unconstrained_candidate"": -0.07297568813308644, ""unconstrained_violation"": 0.17231610859312646, ""unconstrained_violation_fraction_of_span"": 0.8673010834619989, ""constrained_distance_to_bound"": 1.3877787807814457e-17}, {""index"": 2, ""name"": ""d_mass_length_com_combination"", ""direction"": ""upper"", ""constrained_hit"": true, ""bound"": 0.508181393592, ""constrained_candidate"": 0.508181393592, ""unconstrained_candidate"": 0.5644585571465118, ""unconstrained_violation"": 0.056277163554511844, ""unconstrained_violation_fraction_of_span"": 0.166113412250473, ""constrained_distance_to_bound"": 0.0}, {""index"": 4, ""name"": ""g2_distal_gravity_combination"", ""direction"": ""lower"", ""constrained_hit"": false, ""bound"": 3.803683293, ""constrained_candidate"": 7.304789370198407, ""unconstrained_candidate"": 0.38521902111470485, ""unconstrained_violation"": 3.4184642718852953, ""unconstrained_violation_fraction_of_span"": 0.4493623691247335, ""constrained_distance_to_bound"": 3.5011060771984064}, {""index"": 7, ""name"": ""rho1_stiffness_rest_combination"", ""direction"": ""lower"", ""constrained_hit"": true, ""bound"": -0.4363323129985824, ""constrained_candidate"": -0.4363323129985822, ""unconstrained_candidate"": -10.335127692282622, ""unconstrained_violation"": 9.89879537928404, ""unconstrained_violation_fraction_of_span"": 2.268636789986306, ""constrained_distance_to_bound"": 1.6653345369377348e-16}, {""index"": 8, ""name"": ""rho2_stiffness_rest_combination"", ""direction"": ""upper"", ""constrained_hit"": false, ""bound"": 5.235987755982989, ""constrained_candidate"": 3.9137534357901487, ""unconstrained_candidate"": 10.799372468890917, ""unconstrained_violation"": 5.563384712907928, ""unconstrained_violation_fraction_of_span"": 1.062528212857418, ""constrained_distance_to_bound"": 1.3222343201928402}, {""index"": 9, ""name"": ""bv1_viscous_damping"", ""direction"": ""upper"", ""constrained_hit"": true, ""bound"": 7.5, ""constrained_candidate"": 7.5, ""unconstrained_candidate"": 9.061347821887809, ""unconstrained_violation"": 1.561347821887809, ""unconstrained_violation_fraction_of_span"": 0.3122695643775618, ""constrained_distance_to_bound"": 0.0}]",0.9929596149535641,0.44108649375527603,0.44108649375527603,not_accepted,1.7761547385470273,1.212113184067483,4.216572506189929,4.002524384052782,False,"[1.1224399410747266, -0.07297568813308644, 0.5644585571465118, 36.100794250809706, 0.38521902111470485, 9.328372627485223, 11.421135094491579, -10.335127692282622, 10.799372468890917, 9.061347821887809, 5.0739598557463355]","[1.4117900825513574, 0.09934042046004002, 0.508181393592, 38.834346248453414, 7.304789370198407, 11.18572989324755, 11.301761551531001, -0.4363323129985822, 3.9137534357901487, 7.5, 4.981037487328878]","[1.4072929525102615, 0.2046412661476824, 0.34485461027899206, 33.61141160798017, 7.824913593507281, 9.930837305493803, 10.3, 0.9505716522345793, 1.8285491235479505, 5.00415385703207, 4.898266198991036]"
noise_bias_drift_200hz,26,16.79999999999755,16.79999999999755,False,"bound_hit,non_positive_definite_mass_matrix",11,11,355.70363740847284,0.14568812552856958,True,"[{""index"": 1, ""name"": ""b_distal_inertia_combination"", ""direction"": ""lower"", ""constrained_hit"": true, ""bound"": 0.09934042046004, ""constrained_candidate"": 0.09934042046004023, ""unconstrained_candidate"": -0.10531067571583644, ""unconstrained_violation"": 0.20465109617587646, ""unconstrained_violation_fraction_of_span"": 1.030049476477694, ""constrained_distance_to_bound"": 2.220446049250313e-16}, {""index"": 2, ""name"": ""d_mass_length_com_combination"", ""direction"": ""upper"", ""constrained_hit"": true, ""bound"": 0.508181393592, ""constrained_candidate"": 0.508181393592, ""unconstrained_candidate"": 0.6133098765653479, ""unconstrained_violation"": 0.10512848297334787, ""unconstrained_violation_fraction_of_span"": 0.3103079460375274, ""constrained_distance_to_bound"": 0.0}, {""index"": 4, ""name"": ""g2_distal_gravity_combination"", ""direction"": ""lower"", ""constrained_hit"": false, ""bound"": 3.803683293, ""constrained_candidate"": 7.293658911763561, ""unconstrained_candidate"": 2.2474659575005163, ""unconstrained_violation"": 1.556217335499484, ""unconstrained_violation_fraction_of_span"": 0.2045671544688571, ""constrained_distance_to_bound"": 3.489975618763561}, {""index"": 7, ""name"": ""rho1_stiffness_rest_combination"", ""direction"": ""lower"", ""constrained_hit"": true, ""bound"": -0.4363323129985824, ""constrained_candidate"": -0.43633231299848074, ""unconstrained_candidate"": -7.800159939929986, ""unconstrained_violation"": 7.363827626931403, ""unconstrained_violation_fraction_of_span"": 1.6876649763400238, ""constrained_distance_to_bound"": 1.0164091790443308e-13}, {""index"": 8, ""name"": ""rho2_stiffness_rest_combination"", ""direction"": ""upper"", ""constrained_hit"": false, ""bound"": 5.235987755982989, ""constrained_candidate"": 3.936386453528679, ""unconstrained_candidate"": 8.955282383605912, ""unconstrained_violation"": 3.719294627622923, ""unconstrained_violation_fraction_of_span"": 0.710332949761582, ""constrained_distance_to_bound"": 1.2996013024543096}, {""index"": 9, ""name"": ""bv1_viscous_damping"", ""direction"": ""upper"", ""constrained_hit"": true, ""bound"": 7.5, ""constrained_candidate"": 7.5, ""unconstrained_candidate"": 8.879627299471199, ""unconstrained_violation"": 1.379627299471199, ""unconstrained_violation_fraction_of_span"": 0.27592545989423983, ""constrained_distance_to_bound"": 0.0}]",0.9981724712015667,0.44108649375527603,0.44108649375527603,not_accepted,1.746599583922569,1.2014037848860262,4.202058649745143,4.000790144831202,False,"[1.2366728952126755, -0.10531067571583644, 0.6133098765653479, 36.713357187372026, 2.2474659575005163, 9.783616417999468, 11.392216003064762, -7.800159939929986, 8.955282383605912, 8.879627299471199, 5.038421466066054]","[1.3899320460378257, 0.09934042046004023, 0.508181393592, 38.860992442529444, 7.293658911763561, 11.185082646082016, 11.310655902794663, -0.43633231299848074, 3.936386453528679, 7.5, 4.957281595864261]","[1.4072929525102615, 0.2046412661476824, 0.34485461027899206, 33.61141160798017, 7.824913593507281, 9.930837305493803, 10.3, 0.9505716522345793, 1.8285491235479505, 5.00415385703207, 4.898266198991036]"
noise_bias_drift_200hz,27,17.29999999999816,17.29999999999816,False,"bound_hit,non_positive_definite_mass_matrix",11,11,330.64361750888224,0.1434953302011529,True,"[{""index"": 1, ""name"": ""b_distal_inertia_combination"", ""direction"": ""lower"", ""constrained_hit"": true, ""bound"": 0.09934042046004, ""constrained_candidate"": 0.09934042046004002, ""unconstrained_candidate"": -0.09174860705782853, ""unconstrained_violation"": 0.19108902751786855, ""unconstrained_violation_fraction_of_span"": 0.9617889003939473, ""constrained_distance_to_bound"": 1.3877787807814457e-17}, {""index"": 2, ""name"": ""d_mass_length_com_combination"", ""direction"": ""upper"", ""constrained_hit"": true, ""bound"": 0.508181393592, ""constrained_candidate"": 0.508181393592, ""unconstrained_candidate"": 0.6434289219925333, ""unconstrained_violation"": 0.13524752840053333, ""unconstrained_violation_fraction_of_span"": 0.39921039053955965, ""constrained_distance_to_bound"": 0.0}, {""index"": 4, ""name"": ""g2_distal_gravity_combination"", ""direction"": ""lower"", ""constrained_hit"": false, ""bound"": 3.803683293, ""constrained_candidate"": 7.283568884343409, ""unconstrained_candidate"": 3.4222471426545766, ""unconstrained_violation"": 0.38143615034542355, ""unconstrained_violation_fraction_of_span"": 0.050140366713415485, ""constrained_distance_to_bound"": 3.479885591343409}, {""index"": 7, ""name"": ""rho1_stiffness_rest_combination"", ""direction"": ""lower"", ""constrained_hit"": true, ""bound"": -0.4363323129985824, ""constrained_candidate"": -0.4363323129985822, ""unconstrained_candidate"": -6.27029673702379, ""unconstrained_violation"": 5.833964424025207, ""unconstrained_violation_fraction_of_span"": 1.3370461573044583, ""constrained_distance_to_bound"": 1.6653345369377348e-16}, {""index"": 8, ""name"": ""rho2_stiffness_rest_combination"", ""direction"": ""upper"", ""constrained_hit"": false, ""bound"": 5.235987755982989, ""constrained_candidate"": 3.9592886852722646, ""unconstrained_candidate"": 7.798698052150355, ""unconstrained_violation"": 2.5627102961673662, ""unconstrained_violation_fraction_of_span"": 0.4894416136170377, ""constrained_distance_to_bound"": 1.2766990707107242}, {""index"": 9, ""name"": ""bv1_viscous_damping"", ""direction"": ""upper"", ""constrained_hit"": true, ""bound"": 7.5, ""constrained_candidate"": 7.5, ""unconstrained_candidate"": 8.86207173054446, ""unconstrained_violation"": 1.3620717305444607, ""unconstrained_violation_fraction_of_span"": 0.27241434610889215, ""constrained_distance_to_bound"": 0.0}]",0.9996012776550736,0.44108649375527603,0.44108649375527603,not_accepted,1.725722944045254,1.2032234736624465,4.191519976495777,4.001022639192215,False,"[1.2619177859031723, -0.09174860705782853, 0.6434289219925333, 37.04320492920656, 3.4222471426545766, 10.018881054975992, 11.37851961866896, -6.27029673702379, 7.798698052150355, 8.86207173054446, 5.016627314839003]","[1.3892108819443216, 0.09934042046004002, 0.508181393592, 38.88410269639977, 7.283568884343409, 11.18915911370236, 11.31919894364497, -0.4363323129985822, 3.9592886852722646, 7.5, 4.951420650222488]","[1.4072929525102615, 0.2046412661476824, 0.34485461027899206, 33.61141160798017, 7.824913593507281, 9.930837305493803, 10.3, 0.9505716522345793, 1.8285491235479505, 5.00415385703207, 4.898266198991036]"
noise_bias_drift_200hz,28,17.79999999999877,17.79999999999877,False,"bound_hit,non_positive_definite_mass_matrix",11,11,320.62672708572615,0.1418628458721202,True,"[{""index"": 1, ""name"": ""b_distal_inertia_combination"", ""direction"": ""lower"", ""constrained_hit"": false, ""bound"": 0.09934042046004, ""constrained_candidate"": 0.11114828900493816, ""unconstrained_candidate"": 0.05337696098497455, ""unconstrained_violation"": 0.04596345947506546, ""unconstrained_violation_fraction_of_span"": 0.23134318972182324, ""constrained_distance_to_bound"": 0.011807868544898154}, {""index"": 2, ""name"": ""d_mass_length_com_combination"", ""direction"": ""upper"", ""constrained_hit"": true, ""bound"": 0.508181393592, ""constrained_candidate"": 0.508181393592, ""unconstrained_candidate"": 0.6092730974093968, ""unconstrained_violation"": 0.10109170381739685, ""unconstrained_violation_fraction_of_span"": 0.29839257721395335, ""constrained_distance_to_bound"": 0.0}, {""index"": 7, ""name"": ""rho1_stiffness_rest_combination"", ""direction"": ""lower"", ""constrained_hit"": true, ""bound"": -0.4363323129985824, ""constrained_candidate"": -0.4363323129985822, ""unconstrained_candidate"": -3.2500439821246907, ""unconstrained_violation"": 2.8137116691261084, ""unconstrained_violation_fraction_of_span"": 0.6448552136305454, ""constrained_distance_to_bound"": 1.6653345369377348e-16}, {""index"": 8, ""name"": ""rho2_stiffness_rest_combination"", ""direction"": ""upper"", ""constrained_hit"": false, ""bound"": 5.235987755982989, ""constrained_candidate"": 4.1100618349815985, ""unconstrained_candidate"": 5.7580767756259, ""unconstrained_violation"": 0.5220890196429115, ""unconstrained_violation_fraction_of_span"": 0.09971165785220522, ""constrained_distance_to_bound"": 1.1259259210013903}, {""index"": 9, ""name"": ""bv1_viscous_damping"", ""direction"": ""upper"", ""constrained_hit"": true, ""bound"": 7.5, ""constrained_candidate"": 7.5, ""unconstrained_candidate"": 8.728011134168687, ""unconstrained_violation"": 1.2280111341686872, ""unconstrained_violation_fraction_of_span"": 0.24560222683373745, ""constrained_distance_to_bound"": 0.0}]",0.9815623520388397,0.44108649375527603,0.44108649375527603,not_accepted,1.6802093176219104,1.175013124310437,4.176828648879984,3.9982198744558612,False,"[1.2237102796168644, 0.05337696098497455, 0.6092730974093968, 37.91522137304288, 5.496511930207157, 10.59005901722637, 11.358026136875049, -3.2500439821246907, 5.7580767756259, 8.728011134168687, 5.008236360946874]","[1.3443903771104089, 0.11114828900493816, 0.508181393592, 39.01852532366213, 7.150209420515117, 11.259288155962137, 11.33146362781267, -0.4363323129985822, 4.1100618349815985, 7.5, 4.967178068111246]","[1.4072929525102615, 0.2046412661476824, 0.34485461027899206, 33.61141160798017, 7.824913593507281, 9.930837305493803, 10.3, 0.9505716522345793, 1.8285491235479505, 5.00415385703207, 4.898266198991036]"
noise_bias_drift_200hz,29,18.299999999999383,18.299999999999383,False,"bound_hit,non_positive_definite_mass_matrix",11,11,322.0895551146358,0.1430871002687903,True,"[{""index"": 2, ""name"": ""d_mass_length_com_combination"", ""direction"": ""upper"", ""constrained_hit"": true, ""bound"": 0.508181393592, ""constrained_candidate"": 0.5081813935919971, ""unconstrained_candidate"": 0.6007761052267798, ""unconstrained_violation"": 0.09259471163477984, ""unconstrained_violation_fraction_of_span"": 0.2733119889936015, ""constrained_distance_to_bound"": 2.886579864025407e-15}, {""index"": 7, ""name"": ""rho1_stiffness_rest_combination"", ""direction"": ""lower"", ""constrained_hit"": true, ""bound"": -0.4363323129985824, ""constrained_candidate"": -0.43633231298341146, ""unconstrained_candidate"": -0.8565530517746841, ""unconstrained_violation"": 0.4202207387761017, ""unconstrained_violation_fraction_of_span"": 0.09630749918296036, ""constrained_distance_to_bound"": 1.5170920075746608e-11}, {""index"": 9, ""name"": ""bv1_viscous_damping"", ""direction"": ""upper"", ""constrained_hit"": true, ""bound"": 7.5, ""constrained_candidate"": 7.499999999999794, ""unconstrained_candidate"": 8.2939393171091, ""unconstrained_violation"": 0.7939393171090998, ""unconstrained_violation_fraction_of_span"": 0.15878786342181997, ""constrained_distance_to_bound"": 2.0605739337042905e-13}]",0.9474087443041892,0.44108649375527603,0.44108649375527603,not_accepted,1.634607846970893,1.1537407751992763,4.173163325715841,4.0108382236470055,False,"[1.2237458616832468, 0.1355823705703625, 0.6007761052267798, 39.00906406091593, 6.711140620197946, 11.273545156426412, 11.347061954957635, -0.8565530517746841, 4.56291125523775, 8.2939393171091, 4.995872831921266]","[1.3137271112008282, 0.13860232500005976, 0.5081813935919971, 39.36403033870294, 6.779088709849665, 11.460542959875687, 11.346971020483865, -0.43633231298341146, 4.494092527761759, 7.499999999999794, 4.98364711153813]","[1.4072929525102615, 0.2046412661476824, 0.34485461027899206, 33.61141160798017, 7.824913593507281, 9.930837305493803, 10.3, 0.9505716522345793, 1.8285491235479505, 5.00415385703207, 4.898266198991036]"
noise_bias_drift_200hz,30,18.799999999999994,18.799999999999994,False,"bound_hit,non_positive_definite_mass_matrix",11,11,320.2311325737787,0.14372225692245386,True,"[{""index"": 2, ""name"": ""d_mass_length_com_combination"", ""direction"": ""upper"", ""constrained_hit"": true, ""bound"": 0.508181393592, ""constrained_candidate"": 0.508181393592, ""unconstrained_candidate"": 0.6260835632508108, ""unconstrained_violation"": 0.11790216965881084, ""unconstrained_violation_fraction_of_span"": 0.34801206167379906, ""constrained_distance_to_bound"": 0.0}, {""index"": 7, ""name"": ""rho1_stiffness_rest_combination"", ""direction"": ""lower"", ""constrained_hit"": true, ""bound"": -0.4363323129985824, ""constrained_candidate"": -0.4363323129985822, ""unconstrained_candidate"": 0.1339041837038477, ""unconstrained_violation"": 0.0, ""unconstrained_violation_fraction_of_span"": 0.0, ""constrained_distance_to_bound"": 1.6653345369377348e-16}, {""index"": 9, ""name"": ""bv1_viscous_damping"", ""direction"": ""upper"", ""constrained_hit"": true, ""bound"": 7.5, ""constrained_candidate"": 7.5, ""unconstrained_candidate"": 8.055139500811446, ""unconstrained_violation"": 0.5551395008114461, ""unconstrained_violation_fraction_of_span"": 0.11102790016228922, ""constrained_distance_to_bound"": 0.0}]",1.0273023946992892,0.44108649375527603,0.44108649375527603,not_accepted,1.651348527808605,1.188330736228588,4.183312460081704,4.0236440030685126,False,"[1.3349540102042021, 0.1004106274966716, 0.6260835632508108, 39.413967863890846, 7.283073419513071, 11.52840333165431, 11.33355946130778, 0.1339041837038477, 3.9911411805605717, 8.055139500811446, 4.961564541298424]","[1.3883317534452784, 0.10917227672164448, 0.508181393592, 39.51886257478246, 6.6232973061591505, 11.553120681243316, 11.350535013165786, -0.4363323129985822, 4.65268176354031, 7.5, 4.974452478454831]","[1.4072929525102615, 0.2046412661476824, 0.34485461027899206, 33.61141160798017, 7.824913593507281, 9.930837305493803, 10.3, 0.9505716522345793, 1.8285491235479505, 5.00415385703207, 4.898266198991036]"
noise_bias_drift_200hz,31,19.300000000000605,19.300000000000605,False,"bound_hit,non_positive_definite_mass_matrix",11,11,318.3256789322173,0.14215370024996776,True,"[{""index"": 2, ""name"": ""d_mass_length_com_combination"", ""direction"": ""upper"", ""constrained_hit"": true, ""bound"": 0.508181393592, ""constrained_candidate"": 0.5081813935919884, ""unconstrained_candidate"": 0.6065385361654695, ""unconstrained_violation"": 0.0983571425734695, ""unconstrained_violation_fraction_of_span"": 0.29032096751392517, ""constrained_distance_to_bound"": 1.1546319456101628e-14}, {""index"": 7, ""name"": ""rho1_stiffness_rest_combination"", ""direction"": ""lower"", ""constrained_hit"": true, ""bound"": -0.4363323129985824, ""constrained_candidate"": -0.43633231299838127, ""unconstrained_candidate"": 0.26518186335471594, ""unconstrained_violation"": 0.0, ""unconstrained_violation_fraction_of_span"": 0.0, ""constrained_distance_to_bound"": 2.011169009108471e-13}, {""index"": 9, ""name"": ""bv1_viscous_damping"", ""direction"": ""upper"", ""constrained_hit"": true, ""bound"": 7.5, ""constrained_candidate"": 7.499999999999988, ""unconstrained_candidate"": 8.03595314971084, ""unconstrained_violation"": 0.5359531497108403, ""unconstrained_violation_fraction_of_span"": 0.10719062994216806, ""constrained_distance_to_bound"": 1.2434497875801753e-14}]",1.0397002568092728,0.44108649375527603,0.44108649375527603,not_accepted,1.6400049735500561,1.1904460136065962,4.191433782169466,4.029730324690082,False,"[1.3754600643873776, 0.1024139977835661, 0.6065385361654695, 39.475311259092784, 7.359061587814866, 11.561573066812945, 11.331036623571087, 0.26518186335471594, 3.9144915220719376, 8.03595314971084, 4.9502567103536075]","[1.4076046463760719, 0.10507045474666558, 0.5081813935919884, 39.55908744217186, 6.589754807191012, 11.571821454415161, 11.350819349363698, -0.43633231299838127, 4.687062231792028, 7.499999999999988, 4.968917328669179]","[1.4072929525102615, 0.2046412661476824, 0.34485461027899206, 33.61141160798017, 7.824913593507281, 9.930837305493803, 10.3, 0.9505716522345793, 1.8285491235479505, 5.00415385703207, 4.898266198991036]"
noise_bias_drift_200hz,32,19.800000000001216,19.800000000001216,False,"bound_hit,non_positive_definite_mass_matrix",11,11,321.8105322249139,0.14045505297965385,True,"[{""index"": 1, ""name"": ""b_distal_inertia_combination"", ""direction"": ""lower"", ""constrained_hit"": true, ""bound"": 0.09934042046004, ""constrained_candidate"": 0.09934042178855372, ""unconstrained_candidate"": 0.09679841733978159, ""unconstrained_violation"": 0.0025420031202584153, ""unconstrained_violation_fraction_of_span"": 0.01279440487812785, ""constrained_distance_to_bound"": 1.3285137157037497e-09}, {""index"": 2, ""name"": ""d_mass_length_com_combination"", ""direction"": ""upper"", ""constrained_hit"": true, ""bound"": 0.508181393592, ""constrained_candidate"": 0.508181393592, ""unconstrained_candidate"": 0.5860449590486997, ""unconstrained_violation"": 0.0778635654566997, ""unconstrained_violation_fraction_of_span"": 0.22983003639605942, ""constrained_distance_to_bound"": 0.0}, {""index"": 7, ""name"": ""rho1_stiffness_rest_combination"", ""direction"": ""lower"", ""constrained_hit"": true, ""bound"": -0.4363323129985824, ""constrained_candidate"": -0.4363323129985822, ""unconstrained_candidate"": 0.40157117265483233, ""unconstrained_violation"": 0.0, ""unconstrained_violation_fraction_of_span"": 0.0, ""constrained_distance_to_bound"": 1.6653345369377348e-16}, {""index"": 9, ""name"": ""bv1_viscous_damping"", ""direction"": ""upper"", ""constrained_hit"": true, ""bound"": 7.5, ""constrained_candidate"": 7.5, ""unconstrained_candidate"": 8.019668442089705, ""unconstrained_violation"": 0.5196684420897046, ""unconstrained_violation_fraction_of_span"": 0.10393368841794093, ""constrained_distance_to_bound"": 0.0}]",1.0662338325501848,0.44108649375527603,0.44108649375527603,not_accepted,1.6141763695877236,1.1720889703918826,4.200191816113205,4.035102281444689,False,"[1.3522039301004645, 0.09679841733978159, 0.5860449590486997, 39.55363553553044, 7.422827264197172, 11.599075984574185, 11.333555766258751, 0.40157117265483233, 3.856552063773157, 8.019668442089705, 4.948612552364394]","[1.3827465096917655, 0.09934042178855372, 0.508181393592, 39.60920915979478, 6.5455484002926365, 11.592457247053956, 11.353985826753311, -0.4363323129985822, 4.735524956881514, 7.5, 4.969324841314791]","[1.4072929525102615, 0.2046412661476824, 0.34485461027899206, 33.61141160798017, 7.824913593507281, 9.930837305493803, 10.3, 0.9505716522345793, 1.8285491235479505, 5.00415385703207, 4.898266198991036]"
noise_bias_drift_200hz,33,20.300000000001827,20.300000000001827,False,"bound_hit,non_positive_definite_mass_matrix",11,11,326.41540811742254,0.1402339236033391,True,"[{""index"": 1, ""name"": ""b_distal_inertia_combination"", ""direction"": ""lower"", ""constrained_hit"": true, ""bound"": 0.09934042046004, ""constrained_candidate"": 0.09934042046004002, ""unconstrained_candidate"": 0.0784071580728007, ""unconstrained_violation"": 0.020933262387239304, ""unconstrained_violation_fraction_of_span"": 0.10536125320538467, ""constrained_distance_to_bound"": 1.3877787807814457e-17}, {""index"": 2, ""name"": ""d_mass_length_com_combination"", ""direction"": ""upper"", ""constrained_hit"": true, ""bound"": 0.508181393592, ""constrained_candidate"": 0.508181393591994, ""unconstrained_candidate"": 0.5343600149856271, ""unconstrained_violation"": 0.026178621393627144, ""unconstrained_violation_fraction_of_span"": 0.07727148727914168, ""constrained_distance_to_bound"": 5.995204332975845e-15}, {""index"": 7, ""name"": ""rho1_stiffness_rest_combination"", ""direction"": ""lower"", ""constrained_hit"": true, ""bound"": -0.4363323129985824, ""constrained_candidate"": -0.4363323129985822, ""unconstrained_candidate"": 0.3386073443145543, ""unconstrained_violation"": 0.0, ""unconstrained_violation_fraction_of_span"": 0.0, ""constrained_distance_to_bound"": 1.6653345369377348e-16}, {""index"": 9, ""name"": ""bv1_viscous_damping"", ""direction"": ""upper"", ""constrained_hit"": true, ""bound"": 7.5, ""constrained_candidate"": 7.5, ""unconstrained_candidate"": 7.916568510388409, ""unconstrained_violation"": 0.4165685103884087, ""unconstrained_violation_fraction_of_span"": 0.08331370207768174, ""constrained_distance_to_bound"": 0.0}]",1.0760300331684924,0.44108649375527603,0.44108649375527603,not_accepted,1.58352127819361,1.1481046257120429,4.209933223087215,4.043470974350175,False,"[1.30155188844922, 0.0784071580728007, 0.5343600149856271, 39.61432700151069, 7.331412485810845, 11.598902402675057, 11.339364673198684, 0.3386073443145543, 3.953360909095708, 7.916568510388409, 4.951657197786786]","[1.338970992053703, 0.09934042046004002, 0.508181393591994, 39.64907277442258, 6.532234985543687, 11.588744097437878, 11.357544532546163, -0.4363323129985822, 4.7541009500449976, 7.5, 4.970605331171643]","[1.4072929525102615, 0.2046412661476824, 0.34485461027899206, 33.61141160798017, 7.824913593507281, 9.930837305493803, 10.3, 0.9505716522345793, 1.8285491235479505, 5.00415385703207, 4.898266198991036]"
noise_bias_drift_200hz,34,20.800000000002438,20.800000000002438,False,"bound_hit,non_positive_definite_mass_matrix",11,11,330.3643010372164,0.14359849163190191,True,"[{""index"": 1, ""name"": ""b_distal_inertia_combination"", ""direction"": ""lower"", ""constrained_hit"": true, ""bound"": 0.09934042046004, ""constrained_candidate"": 0.09934042046004002, ""unconstrained_candidate"": 0.08323874196745129, ""unconstrained_violation"": 0.016101678492588714, ""unconstrained_violation_fraction_of_span"": 0.08104293508132303, ""constrained_distance_to_bound"": 1.3877787807814457e-17}, {""index"": 2, ""name"": ""d_mass_length_com_combination"", ""direction"": ""upper"", ""constrained_hit"": true, ""bound"": 0.508181393592, ""constrained_candidate"": 0.5081813927875903, ""unconstrained_candidate"": 0.5112012091765562, ""unconstrained_violation"": 0.003019815584556218, ""unconstrained_violation_fraction_of_span"": 0.008913595487659813, ""constrained_distance_to_bound"": 8.04409650001503e-10}, {""index"": 7, ""name"": ""rho1_stiffness_rest_combination"", ""direction"": ""lower"", ""constrained_hit"": true, ""bound"": -0.4363323129985824, ""constrained_candidate"": -0.4363323129985822, ""unconstrained_candidate"": -0.18014158330259955, ""unconstrained_violation"": 0.0, ""unconstrained_violation_fraction_of_span"": 0.0, ""constrained_distance_to_bound"": 1.6653345369377348e-16}, {""index"": 9, ""name"": ""bv1_viscous_damping"", ""direction"": ""upper"", ""constrained_hit"": true, ""bound"": 7.5, ""constrained_candidate"": 7.5, ""unconstrained_candidate"": 7.7042272604594135, ""unconstrained_violation"": 0.20422726045941353, ""unconstrained_violation_fraction_of_span"": 0.04084545209188271, ""constrained_distance_to_bound"": 0.0}]",1.0387271428999822,0.44108649375527603,0.44108649375527603,not_accepted,1.566804433649495,1.1355982971208154,4.2274841074081255,4.0531021355805485,False,"[1.2926484267704645, 0.08323874196745129, 0.5112012091765562, 39.25510918274821, 7.306251223228887, 11.29371947590062, 11.345860855732273, -0.18014158330259955, 3.9863250463249464, 7.7042272604594135, 4.956958041712781]","[1.314753740200552, 0.09934042046004002, 0.5081813927875903, 39.30820365377824, 6.992674413377106, 11.317417456946401, 11.353355542019614, -0.4363323129985822, 4.300968446383771, 7.5, 4.964556531036488]","[1.4072929525102615, 0.2046412661476824, 0.34485461027899206, 33.61141160798017, 7.824913593507281, 9.930837305493803, 10.3, 0.9505716522345793, 1.8285491235479505, 5.00415385703207, 4.898266198991036]"
noise_bias_drift_200hz,35,21.30000000000305,21.30000000000305,False,"bound_hit,non_positive_definite_mass_matrix",11,11,332.61895313751705,0.14797427147198028,True,"[{""index"": 2, ""name"": ""d_mass_length_com_combination"", ""direction"": ""upper"", ""constrained_hit"": true, ""bound"": 0.508181393592, ""constrained_candidate"": 0.508181393592, ""unconstrained_candidate"": 0.5693797428569671, ""unconstrained_violation"": 0.061198349264967145, ""unconstrained_violation_fraction_of_span"": 0.18063928560743714, ""constrained_distance_to_bound"": 0.0}, {""index"": 7, ""name"": ""rho1_stiffness_rest_combination"", ""direction"": ""lower"", ""constrained_hit"": true, ""bound"": -0.4363323129985824, ""constrained_candidate"": -0.4363323129010054, ""unconstrained_candidate"": -0.7568165466725366, ""unconstrained_violation"": 0.32048423367395423, ""unconstrained_violation_fraction_of_span"": 0.07344957596000815, ""constrained_distance_to_bound"": 9.757700203394393e-11}, {""index"": 9, ""name"": ""bv1_viscous_damping"", ""direction"": ""upper"", ""constrained_hit"": true, ""bound"": 7.5, ""constrained_candidate"": 7.499999999720924, ""unconstrained_candidate"": 7.533992025923059, ""unconstrained_violation"": 0.03399202592305883, ""unconstrained_violation_fraction_of_span"": 0.006798405184611766, ""constrained_distance_to_bound"": 2.7907631761081575e-10}]",0.8384654216756469,0.44108649375527603,0.44108649375527603,not_accepted,1.572158876935397,1.1522848426265868,4.248389457405759,4.0640831883747115,False,"[1.363466765603131, 0.11957388910949672, 0.5693797428569671, 38.356666945331725, 7.857169183786311, 10.64335127902171, 11.341380288654289, -0.7568165466725366, 3.4446684847555327, 7.533992025923059, 4.950643884664199]","[1.4147331379015877, 0.1386980024375974, 0.508181393592, 38.38037296512194, 8.148751616916906, 10.666739957365557, 11.338351567995272, -0.4363323129010054, 3.154933300394191, 7.499999999720924, 4.941931442112681]","[1.4072929525102615, 0.2046412661476824, 0.34485461027899206, 33.61141160798017, 7.824913593507281, 9.930837305493803, 10.3, 0.9505716522345793, 1.8285491235479505, 5.00415385703207, 4.898266198991036]"
noise_bias_drift_200hz,36,21.80000000000366,21.80000000000366,False,"bound_hit,non_positive_definite_mass_matrix",11,11,332.9049084981875,0.14821998097510342,True,"[{""index"": 2, ""name"": ""d_mass_length_com_combination"", ""direction"": ""upper"", ""constrained_hit"": true, ""bound"": 0.508181393592, ""constrained_candidate"": 0.508181393592, ""unconstrained_candidate"": 0.5825065587682874, ""unconstrained_violation"": 0.0743251651762874, ""unconstrained_violation_fraction_of_span"": 0.21938573346103357, ""constrained_distance_to_bound"": 0.0}, {""index"": 7, ""name"": ""rho1_stiffness_rest_combination"", ""direction"": ""lower"", ""constrained_hit"": true, ""bound"": -0.4363323129985824, ""constrained_candidate"": -0.4363323129985822, ""unconstrained_candidate"": -0.8166453534858958, ""unconstrained_violation"": 0.38031304048731346, ""unconstrained_violation_fraction_of_span"": 0.08716132845484426, ""constrained_distance_to_bound"": 1.6653345369377348e-16}, {""index"": 9, ""name"": ""bv1_viscous_damping"", ""direction"": ""upper"", ""constrained_hit"": true, ""bound"": 7.5, ""constrained_candidate"": 7.499999999999995, ""unconstrained_candidate"": 7.521117400842719, ""unconstrained_violation"": 0.02111740084271929, ""unconstrained_violation_fraction_of_span"": 0.0042234801685438585, ""constrained_distance_to_bound"": 5.329070518200751e-15}]",0.8009272366162719,0.44108649375527603,0.44108649375527603,not_accepted,1.569521680221068,1.154422980260139,4.255874661521563,4.066418992348883,False,"[1.3769708948802832, 0.12653264821797447, 0.5825065587682874, 38.202710852751224, 7.986966342408589, 10.535979171884666, 11.339733580310456, -0.8166453534858958, 3.3161818001566696, 7.521117400842719, 4.948528867206894]","[1.439663102170599, 0.15000102995080253, 0.508181393592, 38.21531425800384, 8.351174606866131, 10.553859235174725, 11.336034539871918, -0.4363323129985822, 2.954429402551918, 7.499999999999995, 4.937860773736586]","[1.4072929525102615, 0.2046412661476824, 0.34485461027899206, 33.61141160798017, 7.824913593507281, 9.930837305493803, 10.3, 0.9505716522345793, 1.8285491235479505, 5.00415385703207, 4.898266198991036]"
noise_bias_drift_200hz,37,22.30000000000427,22.30000000000427,False,"bound_hit,non_positive_definite_mass_matrix",11,11,332.9049084981875,0.14821998097510342,True,"[{""index"": 2, ""name"": ""d_mass_length_com_combination"", ""direction"": ""upper"", ""constrained_hit"": true, ""bound"": 0.508181393592, ""constrained_candidate"": 0.508181393592, ""unconstrained_candidate"": 0.5825065587682874, ""unconstrained_violation"": 0.0743251651762874, ""unconstrained_violation_fraction_of_span"": 0.21938573346103357, ""constrained_distance_to_bound"": 0.0}, {""index"": 7, ""name"": ""rho1_stiffness_rest_combination"", ""direction"": ""lower"", ""constrained_hit"": true, ""bound"": -0.4363323129985824, ""constrained_candidate"": -0.4363323129985822, ""unconstrained_candidate"": -0.8166453534858958, ""unconstrained_violation"": 0.38031304048731346, ""unconstrained_violation_fraction_of_span"": 0.08716132845484426, ""constrained_distance_to_bound"": 1.6653345369377348e-16}, {""index"": 9, ""name"": ""bv1_viscous_damping"", ""direction"": ""upper"", ""constrained_hit"": true, ""bound"": 7.5, ""constrained_candidate"": 7.499999999999995, ""unconstrained_candidate"": 7.521117400842719, ""unconstrained_violation"": 0.02111740084271929, ""unconstrained_violation_fraction_of_span"": 0.0042234801685438585, ""constrained_distance_to_bound"": 5.329070518200751e-15}]",0.8009272366162719,0.44108649375527603,0.44108649375527603,not_accepted,1.569521680221068,1.154422980260139,4.255874661521563,4.066418992348883,False,"[1.3769708948802832, 0.12653264821797447, 0.5825065587682874, 38.202710852751224, 7.986966342408589, 10.535979171884666, 11.339733580310456, -0.8166453534858958, 3.3161818001566696, 7.521117400842719, 4.948528867206894]","[1.439663102170599, 0.15000102995080253, 0.508181393592, 38.21531425800384, 8.351174606866131, 10.553859235174725, 11.336034539871918, -0.4363323129985822, 2.954429402551918, 7.499999999999995, 4.937860773736586]","[1.4072929525102615, 0.2046412661476824, 0.34485461027899206, 33.61141160798017, 7.824913593507281, 9.930837305493803, 10.3, 0.9505716522345793, 1.8285491235479505, 5.00415385703207, 4.898266198991036]"
noise_bias_drift_200hz,38,22.800000000004882,22.800000000004882,False,"bound_hit,non_positive_definite_mass_matrix",11,11,332.9049084981875,0.14821998097510342,True,"[{""index"": 2, ""name"": ""d_mass_length_com_combination"", ""direction"": ""upper"", ""constrained_hit"": true, ""bound"": 0.508181393592, ""constrained_candidate"": 0.508181393592, ""unconstrained_candidate"": 0.5825065587682874, ""unconstrained_violation"": 0.0743251651762874, ""unconstrained_violation_fraction_of_span"": 0.21938573346103357, ""constrained_distance_to_bound"": 0.0}, {""index"": 7, ""name"": ""rho1_stiffness_rest_combination"", ""direction"": ""lower"", ""constrained_hit"": true, ""bound"": -0.4363323129985824, ""constrained_candidate"": -0.4363323129985822, ""unconstrained_candidate"": -0.8166453534858958, ""unconstrained_violation"": 0.38031304048731346, ""unconstrained_violation_fraction_of_span"": 0.08716132845484426, ""constrained_distance_to_bound"": 1.6653345369377348e-16}, {""index"": 9, ""name"": ""bv1_viscous_damping"", ""direction"": ""upper"", ""constrained_hit"": true, ""bound"": 7.5, ""constrained_candidate"": 7.499999999999995, ""unconstrained_candidate"": 7.521117400842719, ""unconstrained_violation"": 0.02111740084271929, ""unconstrained_violation_fraction_of_span"": 0.0042234801685438585, ""constrained_distance_to_bound"": 5.329070518200751e-15}]",0.8009272366162719,0.44108649375527603,0.44108649375527603,not_accepted,1.569521680221068,1.154422980260139,4.255874661521563,4.066418992348883,False,"[1.3769708948802832, 0.12653264821797447, 0.5825065587682874, 38.202710852751224, 7.986966342408589, 10.535979171884666, 11.339733580310456, -0.8166453534858958, 3.3161818001566696, 7.521117400842719, 4.948528867206894]","[1.439663102170599, 0.15000102995080253, 0.508181393592, 38.21531425800384, 8.351174606866131, 10.553859235174725, 11.336034539871918, -0.4363323129985822, 2.954429402551918, 7.499999999999995, 4.937860773736586]","[1.4072929525102615, 0.2046412661476824, 0.34485461027899206, 33.61141160798017, 7.824913593507281, 9.930837305493803, 10.3, 0.9505716522345793, 1.8285491235479505, 5.00415385703207, 4.898266198991036]"
noise_bias_delay_200hz,0,3.7999999999996925,3.7899999999996936,False,"bound_hit,non_positive_definite_mass_matrix",11,11,13602.975009324671,0.01796391422385336,True,"[{""index"": 1, ""name"": ""b_distal_inertia_combination"", ""direction"": ""upper"", ""constrained_hit"": true, ""bound"": 0.29802126138012003, ""constrained_candidate"": 0.29802126138012, ""unconstrained_candidate"": 0.34488637554668994, ""unconstrained_violation"": 0.04686511416656991, ""unconstrained_violation_fraction_of_span"": 0.2358813962611601, ""constrained_distance_to_bound"": 5.551115123125783e-17}, {""index"": 6, ""name"": ""k2_passive_stiffness"", ""direction"": ""lower"", ""constrained_hit"": false, ""bound"": 5.0, ""constrained_candidate"": 6.3243419570182375, ""unconstrained_candidate"": 4.25682694979699, ""unconstrained_violation"": 0.7431730502030103, ""unconstrained_violation_fraction_of_span"": 0.07431730502030102, ""constrained_distance_to_bound"": 1.3243419570182375}, {""index"": 8, ""name"": ""rho2_stiffness_rest_combination"", ""direction"": ""lower"", ""constrained_hit"": true, ""bound"": 0.0, ""constrained_candidate"": 2.2359891715950653e-13, ""unconstrained_candidate"": 0.4667240032304323, ""unconstrained_violation"": 0.0, ""unconstrained_violation_fraction_of_span"": 0.0, ""constrained_distance_to_bound"": 2.2359891715950653e-13}, {""index"": 10, ""name"": ""bv2_viscous_damping"", ""direction"": ""lower"", ""constrained_hit"": true, ""bound"": 2.5, ""constrained_candidate"": 2.5000000000223537, ""unconstrained_candidate"": 0.823659228709209, ""unconstrained_violation"": 1.676340771290791, ""unconstrained_violation_fraction_of_span"": 0.3352681542581582, ""constrained_distance_to_bound"": 2.2353674467012752e-11}]",1.2605418890449982,0.46038359121476413,0.46038359121476413,not_accepted,3.0870818808988307,1.0795819348697409,5.207216726560212,4.856192016358064,False,"[0.9220802723351813, 0.34488637554668994, 0.3946959887960179, 37.484497141443434, 9.77675073782154, 8.07217348046041, 4.25682694979699, 1.1502611544739414, 0.4667240032304323, 4.015314592537127, 0.823659228709209]","[0.8481790041321766, 0.29802126138012, 0.4214091345448078, 36.681953565900336, 10.670897367817547, 7.8752876260454325, 6.3243419570182375, 1.2165701309258992, 2.2359891715950653e-13, 4.001130957719572, 2.5000000000223537]","[1.4508174768147026, 0.19868084092008, 0.338787595728, 33.064998596820004, 7.607366586, 10.0, 10.0, 0.8726646259971648, 1.7453292519943295, 5.0, 5.0]"
noise_bias_delay_200hz,1,4.299999999999771,4.289999999999767,False,bound_hit,11,11,13554.754757650539,0.018482628207648462,True,"[{""index"": 1, ""name"": ""b_distal_inertia_combination"", ""direction"": ""upper"", ""constrained_hit"": true, ""bound"": 0.29802126138012003, ""constrained_candidate"": 0.298021261370337, ""unconstrained_candidate"": 0.31481354738614764, ""unconstrained_violation"": 0.016792286006027612, ""unconstrained_violation_fraction_of_span"": 0.0845188993979664, ""constrained_distance_to_bound"": 9.783007737240723e-12}, {""index"": 8, ""name"": ""rho2_stiffness_rest_combination"", ""direction"": ""lower"", ""constrained_hit"": true, ""bound"": 0.0, ""constrained_candidate"": 2.220446049250313e-16, ""unconstrained_candidate"": -0.5176657240035263, ""unconstrained_violation"": 0.5176657240035263, ""unconstrained_violation_fraction_of_span"": 0.09886687061328722, ""constrained_distance_to_bound"": 2.220446049250313e-16}, {""index"": 10, ""name"": ""bv2_viscous_damping"", ""direction"": ""lower"", ""constrained_hit"": true, ""bound"": 2.5, ""constrained_candidate"": 2.5000000000000004, ""unconstrained_candidate"": 0.555164862791413, ""unconstrained_violation"": 1.944835137208587, ""unconstrained_violation_fraction_of_span"": 0.3889670274417174, ""constrained_distance_to_bound"": 4.440892098500626e-16}]",1.1904929494373109,0.46038359121476413,0.46038359121476413,not_accepted,2.87934128882609,1.094146593583836,5.048585924076403,4.857560370505708,False,"[0.9705168806529078, 0.31481354738614764, 0.38329186463411874, 36.62722044781367, 10.904688580691289, 7.949545181189611, 5.053073358809439, 1.4017720297098784, -0.5176657240035263, 3.934819832673962, 0.555164862791413]","[0.9585201127243947, 0.298021261370337, 0.3807379891621633, 36.681690732724235, 10.917001809931428, 7.920926645448524, 7.650408953600328, 1.4577835790583278, 2.220446049250313e-16, 3.907998646483473, 2.5000000000000004]","[1.4508174768147026, 0.19868084092008, 0.338787595728, 33.064998596820004, 7.607366586, 10.0, 10.0, 0.8726646259971648, 1.7453292519943295, 5.0, 5.0]"
noise_bias_delay_200hz,2,4.799999999999938,4.789999999999934,False,bound_hit,11,11,13310.987142418388,0.023844552092139343,True,"[{""index"": 4, ""name"": ""g2_distal_gravity_combination"", ""direction"": ""upper"", ""constrained_hit"": false, ""bound"": 11.411049879, ""constrained_candidate"": 10.776408141386556, ""unconstrained_candidate"": 12.568050306598714, ""unconstrained_violation"": 1.1570004275987138, ""unconstrained_violation_fraction_of_span"": 0.1520894799164755, ""constrained_distance_to_bound"": 0.6346417376134443}, {""index"": 8, ""name"": ""rho2_stiffness_rest_combination"", ""direction"": ""lower"", ""constrained_hit"": true, ""bound"": 0.0, ""constrained_candidate"": 3.786964519747471e-09, ""unconstrained_candidate"": -1.8439564781681403, ""unconstrained_violation"": 1.8439564781681403, ""unconstrained_violation_fraction_of_span"": 0.35216974601613854, ""constrained_distance_to_bound"": 3.786964519747471e-09}]",1.0893834771769277,0.46038359121476413,0.46038359121476413,not_accepted,2.9922050329036294,1.2501996974176546,4.935199113417346,4.850453646896971,False,"[1.3404114908804885, 0.26144331945758176, 0.18691610206671222, 35.52396501431677, 12.568050306598714, 7.836495204062895, 11.407416470775395, 1.9300474316387985, -1.8439564781681403, 3.686470100687534, 4.20212142334921]","[1.3516340289836968, 0.26301259454428827, 0.1763569521996253, 37.26860917035948, 10.776408141386556, 8.141344308203108, 11.713193439584499, 1.905190026247984, 3.786964519747471e-09, 3.662501786591522, 4.10859238559271]","[1.4508174768147026, 0.19868084092008, 0.338787595728, 33.064998596820004, 7.607366586, 10.0, 10.0, 0.8726646259971648, 1.7453292519943295, 5.0, 5.0]"
noise_bias_delay_200hz,3,5.300000000000105,5.290000000000101,False,bound_hit,11,11,10276.647481897608,0.024459071917935428,True,"[{""index"": 4, ""name"": ""g2_distal_gravity_combination"", ""direction"": ""upper"", ""constrained_hit"": false, ""bound"": 11.411049879, ""constrained_candidate"": 11.363611630928647, ""unconstrained_candidate"": 13.954582046412707, ""unconstrained_violation"": 2.5435321674127067, ""unconstrained_violation_fraction_of_span"": 0.33435120270050134, ""constrained_distance_to_bound"": 0.04743824807135333}, {""index"": 8, ""name"": ""rho2_stiffness_rest_combination"", ""direction"": ""lower"", ""constrained_hit"": true, ""bound"": 0.0, ""constrained_candidate"": 1.1504084351798838e-09, ""unconstrained_candidate"": -2.628074404420299, ""unconstrained_violation"": 2.628074404420299, ""unconstrained_violation_fraction_of_span"": 0.5019252387321352, ""constrained_distance_to_bound"": 1.1504084351798838e-09}]",1.1568503777193577,0.46038359121476413,0.46038359121476413,not_accepted,2.878271136458339,1.178398386232766,4.826347934420051,4.847112572304735,False,"[1.2818385621655461, 0.1740080517276803, 0.1891766880890962, 34.517176482923325, 13.954582046412707, 7.519998434284943, 13.091462537790903, 2.0213163175613214, -2.628074404420299, 3.6003020724942036, 4.308384155187335]","[1.332794431892313, 0.18469542690242952, 0.16939418073872664, 36.91406180759323, 11.363611630928647, 7.997822765461075, 13.339267189554317, 1.8732032679488144, 1.1504084351798838e-09, 3.5951942325514854, 4.155146955415603]","[1.4508174768147026, 0.19868084092008, 0.338787595728, 33.064998596820004, 7.607366586, 10.0, 10.0, 0.8726646259971648, 1.7453292519943295, 5.0, 5.0]"
noise_bias_delay_200hz,4,5.800000000000272,5.790000000000268,False,bound_hit,11,11,4935.013774592047,0.02931435220041233,True,"[{""index"": 7, ""name"": ""rho1_stiffness_rest_combination"", ""direction"": ""lower"", ""constrained_hit"": true, ""bound"": -0.4363323129985824, ""constrained_candidate"": -0.4363322365614276, ""unconstrained_candidate"": -1.9967353219926745, ""unconstrained_violation"": 1.5604030089940921, ""unconstrained_violation_fraction_of_span"": 0.3576180270195029, ""constrained_distance_to_bound"": 7.643715477234636e-08}]",0.6457021290899411,0.46038359121476413,0.46038359121476413,not_accepted,2.7940009400354926,1.1454931199665528,4.767250677416533,4.842381072917179,False,"[1.4551259566565762, 0.21776347986318947, 0.3575482825181159, 33.88723999737977, 10.405073729953621, 8.667468193707245, 11.774369342534706, -1.9967353219926745, 0.7094986823153435, 4.381194978402121, 4.884585487283343]","[1.4559577237878778, 0.21762991710633187, 0.3593553965046531, 35.41122018144688, 10.41973953075258, 8.975030732314353, 11.771119209354518, -0.4363322365614276, 0.6943543010034574, 4.334069058141725, 4.8873196422515575]","[1.4508174768147026, 0.19868084092008, 0.338787595728, 33.064998596820004, 7.607366586, 10.0, 10.0, 0.8726646259971648, 1.7453292519943295, 5.0, 5.0]"
noise_bias_delay_200hz,5,6.300000000000439,6.290000000000435,False,bound_hit,11,11,4885.260380479532,0.03059439896266118,True,"[{""index"": 7, ""name"": ""rho1_stiffness_rest_combination"", ""direction"": ""lower"", ""constrained_hit"": true, ""bound"": -0.4363323129985824, ""constrained_candidate"": -0.43633231270198636, ""unconstrained_candidate"": -3.4113328009930726, ""unconstrained_violation"": 2.9750004879944902, ""unconstrained_violation_fraction_of_span"": 0.6818198880457785, ""constrained_distance_to_bound"": 2.9659602551745934e-10}]",0.5165850432755702,0.46038359121476413,0.46038359121476413,not_accepted,2.6437544351798836,1.0452102333670104,4.721048057002058,4.826607802937626,False,"[1.413450019276456, 0.2278753444936392, 0.42213952390529713, 35.62596030859808, 7.306834736878104, 9.240941965232944, 11.661667301393704, -3.4113328009930726, 3.8590706645233404, 4.471252205879724, 4.971356633051951]","[1.42018456968752, 0.22940573702587339, 0.42524524916889683, 38.72958310856381, 7.130551561648571, 9.876085348400714, 11.677388842954304, -0.43633231270198636, 4.037875811897407, 4.384848674664924, 4.961959704353187]","[1.4508174768147026, 0.19868084092008, 0.338787595728, 33.064998596820004, 7.607366586, 10.0, 10.0, 0.8726646259971648, 1.7453292519943295, 5.0, 5.0]"
noise_bias_delay_200hz,6,6.800000000000606,6.790000000000602,False,bound_hit,11,11,5034.27422404046,0.030390999914427567,True,"[{""index"": 7, ""name"": ""rho1_stiffness_rest_combination"", ""direction"": ""lower"", ""constrained_hit"": true, ""bound"": -0.4363323129985824, ""constrained_candidate"": -0.4363323081070877, ""unconstrained_candidate"": -3.908333325772528, ""unconstrained_violation"": 3.4720010127739456, ""unconstrained_violation_fraction_of_span"": 0.7957240179883781, ""constrained_distance_to_bound"": 4.8914947092804084e-09}, {""index"": 8, ""name"": ""rho2_stiffness_rest_combination"", ""direction"": ""upper"", ""constrained_hit"": true, ""bound"": 5.235987755982989, ""constrained_candidate"": 5.235987755982363, ""unconstrained_candidate"": 5.6935938876028, ""unconstrained_violation"": 0.45760613161981123, ""unconstrained_violation_fraction_of_span"": 0.0873963334037441, ""constrained_distance_to_bound"": 6.261657858885883e-13}]",0.7500954802957974,0.46038359121476413,0.46038359121476413,not_accepted,2.553575892780543,1.0080537211564482,4.702709871023897,4.821366668572562,False,"[1.3670696088694252, 0.19475305421796482, 0.4253055753896526, 37.02288593270246, 5.530528989210608, 9.437282884698128, 11.693818458537981, -3.908333325772528, 5.6935938876028, 4.413929034444373, 4.980528999290934]","[1.374906402275231, 0.1984544322270411, 0.4432066511786703, 39.97583369355565, 5.984583033595797, 10.127778542990013, 11.661427883337609, -0.4363323081070877, 5.235987755982363, 4.353611872850923, 5.005330734378824]","[1.4508174768147026, 0.19868084092008, 0.338787595728, 33.064998596820004, 7.607366586, 10.0, 10.0, 0.8726646259971648, 1.7453292519943295, 5.0, 5.0]"
noise_bias_delay_200hz,7,7.3000000000007725,7.290000000000769,False,bound_hit,11,11,5213.293951304573,0.02969810807385024,True,"[{""index"": 7, ""name"": ""rho1_stiffness_rest_combination"", ""direction"": ""lower"", ""constrained_hit"": true, ""bound"": -0.4363323129985824, ""constrained_candidate"": -0.436332308114742, ""unconstrained_candidate"": -4.149745804848675, ""unconstrained_violation"": 3.7134134918500927, ""unconstrained_violation_fraction_of_span"": 0.8510516826797923, ""constrained_distance_to_bound"": 4.883840387659433e-09}, {""index"": 8, ""name"": ""rho2_stiffness_rest_combination"", ""direction"": ""upper"", ""constrained_hit"": true, ""bound"": 5.235987755982989, ""constrained_candidate"": 5.235987755982361, ""unconstrained_candidate"": 6.041954753711554, ""unconstrained_violation"": 0.8059669977285653, ""unconstrained_violation_fraction_of_span"": 0.15392835798892265, ""constrained_distance_to_bound"": 6.279421427279885e-13}]",0.7297729724148239,0.46038359121476413,0.46038359121476413,not_accepted,2.475009818020037,0.9831695077707459,4.692790711191058,4.8184858791450225,False,"[1.3852514994507064, 0.1982567752798503, 0.4180956855308605, 37.17383295916093, 5.229947304033791, 9.49337612028841, 11.738434950988038, -4.149745804848675, 6.041954753711554, 4.430296211570555, 4.9486592165343914]","[1.4108562870276598, 0.20418336761238423, 0.4433469423973875, 40.00188873318304, 6.02943946952633, 10.250435173579945, 11.682144262227423, -0.436332308114742, 5.235987755982361, 4.405932757220424, 4.989551298164761]","[1.4508174768147026, 0.19868084092008, 0.338787595728, 33.064998596820004, 7.607366586, 10.0, 10.0, 0.8726646259971648, 1.7453292519943295, 5.0, 5.0]"
noise_bias_delay_200hz,8,7.8000000000009395,7.790000000000936,False,bound_hit,11,11,3759.9684902194012,0.03101327510132291,True,"[{""index"": 7, ""name"": ""rho1_stiffness_rest_combination"", ""direction"": ""lower"", ""constrained_hit"": true, ""bound"": -0.4363323129985824, ""constrained_candidate"": -0.43633230912126864, ""unconstrained_candidate"": -7.306643901451339, ""unconstrained_violation"": 6.870311588452756, ""unconstrained_violation_fraction_of_span"": 1.5745594318326541, ""constrained_distance_to_bound"": 3.8773137478465e-09}, {""index"": 8, ""name"": ""rho2_stiffness_rest_combination"", ""direction"": ""upper"", ""constrained_hit"": true, ""bound"": 5.235987755982989, ""constrained_candidate"": 5.2359877559218155, ""unconstrained_candidate"": 5.72184865591507, ""unconstrained_violation"": 0.4858608999320815, ""unconstrained_violation_fraction_of_span"": 0.09279259665512098, ""constrained_distance_to_bound"": 6.117328865684613e-11}]",0.6688645934418901,0.46038359121476413,0.46038359121476413,not_accepted,2.573581200403184,1.1499235369424055,4.696689007842287,4.818533847346918,False,"[1.6932486030792189, 0.18891113647457497, 0.41665605554971197, 33.527252322741184, 5.57705488264329, 9.678140851264544, 11.70664290048058, -7.306643901451339, 5.72184865591507, 5.358455129540221, 4.9668667582629284]","[1.762289367176662, 0.1976974999786334, 0.4389266267228727, 39.75183131028477, 6.0606337352594135, 11.201592727722826, 11.677861572835294, -0.43633230912126864, 5.2359877559218155, 5.316132864773248, 4.990883209999005]","[1.4508174768147026, 0.19868084092008, 0.338787595728, 33.064998596820004, 7.607366586, 10.0, 10.0, 0.8726646259971648, 1.7453292519943295, 5.0, 5.0]"
noise_bias_delay_200hz,9,8.30000000000084,8.290000000000845,False,bound_hit,11,11,1517.3037847157157,0.031365416429749784,True,"[{""index"": 7, ""name"": ""rho1_stiffness_rest_combination"", ""direction"": ""lower"", ""constrained_hit"": true, ""bound"": -0.4363323129985824, ""constrained_candidate"": -0.4363323129985822, ""unconstrained_candidate"": -7.944158534807072, ""unconstrained_violation"": 7.5078262218084895, ""unconstrained_violation_fraction_of_span"": 1.7206670233091086, ""constrained_distance_to_bound"": 1.6653345369377348e-16}, {""index"": 8, ""name"": ""rho2_stiffness_rest_combination"", ""direction"": ""upper"", ""constrained_hit"": true, ""bound"": 5.235987755982989, ""constrained_candidate"": 5.235987755982982, ""unconstrained_candidate"": 5.688890695821054, ""unconstrained_violation"": 0.45290293983806507, ""unconstrained_violation_fraction_of_span"": 0.08649808993929521, ""constrained_distance_to_bound"": 7.105427357601002e-15}]",0.7073487955596495,0.46038359121476413,0.46038359121476413,not_accepted,2.512100959893957,1.1398368776024796,4.704043556253581,4.812104831812226,False,"[1.6749589943845875, 0.17687324058377335, 0.4406150942414645, 32.92660613190284, 5.631240956475276, 9.647919533211358, 11.683743128716337, -7.944158534807072, 5.688890695821054, 5.436702908962977, 4.945219393623195]","[1.7562008289526005, 0.18684013642581415, 0.46424718514271407, 39.740938588588904, 6.082967648389782, 11.501342424773021, 11.659539255240492, -0.4363323129985822, 5.235987755982982, 5.60420474075979, 4.968513650176954]","[1.4508174768147026, 0.19868084092008, 0.338787595728, 33.064998596820004, 7.607366586, 10.0, 10.0, 0.8726646259971648, 1.7453292519943295, 5.0, 5.0]"
noise_bias_delay_200hz,10,8.800000000000562,8.790000000000568,False,bound_hit,11,11,770.0598054075989,0.03193984809725008,True,"[{""index"": 7, ""name"": ""rho1_stiffness_rest_combination"", ""direction"": ""lower"", ""constrained_hit"": true, ""bound"": -0.4363323129985824, ""constrained_candidate"": -0.4363323129898887, ""unconstrained_candidate"": -6.038583138651293, ""unconstrained_violation"": 5.60225082565271, ""unconstrained_violation_fraction_of_span"": 1.2839413123343246, ""constrained_distance_to_bound"": 8.69365690547852e-12}, {""index"": 8, ""name"": ""rho2_stiffness_rest_combination"", ""direction"": ""upper"", ""constrained_hit"": false, ""bound"": 5.235987755982989, ""constrained_candidate"": 4.248074890802009, ""unconstrained_candidate"": 5.641555509874179, ""unconstrained_violation"": 0.40556775389118993, ""unconstrained_violation_fraction_of_span"": 0.07745773534855217, ""constrained_distance_to_bound"": 0.9879128651809799}]",0.5306370969463252,0.46038359121476413,0.46038359121476413,not_accepted,2.4338006829115995,1.105133507465145,4.698342954410007,4.793040011253435,False,"[1.7384654809916766, 0.18431452670641174, 0.4275220519730605, 34.78681894455863, 5.686729144776542, 10.178802478572814, 11.647403506030654, -6.038583138651293, 5.641555509874179, 5.514488050370542, 4.8870641462033975]","[1.7496133062063164, 0.1983330811696385, 0.4724101074784027, 38.782731135502885, 7.072165197806939, 11.562170528491865, 11.560731155781024, -0.4363323129898887, 4.248074890802009, 5.7457224716889845, 4.958560336871637]","[1.4508174768147026, 0.19868084092008, 0.338787595728, 33.064998596820004, 7.607366586, 10.0, 10.0, 0.8726646259971648, 1.7453292519943295, 5.0, 5.0]"
noise_bias_delay_200hz,11,9.300000000000285,9.29000000000029,True,accepted,11,11,596.2469814468053,0.03301071260639493,False,[],0.6261993745163195,0.46038359121476413,0.41295224375589384,toward_truth,2.4077501905707277,1.1276871145016552,4.282493158268183,4.3094688647118025,False,"[1.84462416480216, 0.20113492386431717, 0.41512265431538486, 40.10213259977018, 6.182914568416919, 11.739600164747497, 11.570552702269751, -0.05441760375509974, 5.140374402239829, 5.800616628562228, 4.901401448776917]","[1.84462416480216, 0.20113492386431717, 0.41512265431538486, 40.10213259977018, 6.182914568416919, 11.739600164747497, 11.570552702269751, -0.05441760375509974, 5.140374402239829, 5.800616628562228, 4.901401448776917]","[1.4901981456134483, 0.19892624921450372, 0.3464211015867385, 33.76871199711502, 7.464921384241692, 10.17396001647475, 10.157055270226975, 0.7799564030219384, 1.9024088846738192, 5.080061662856223, 4.990140144877691]"
noise_bias_delay_200hz,12,9.800000000000008,9.790000000000013,True,accepted,11,11,531.6162476556203,0.033013086412196885,False,[],0.5168274166519913,0.41295224375589384,0.37142678530964784,toward_truth,2.3556793030491243,1.117019533487241,3.898570335446059,3.86858679625985,False,"[1.8632511227093917, 0.2010143057303223, 0.4185628091088637, 39.560499977208735, 6.72293467286997, 11.634677080885284, 11.505582524671912, -0.10624695220602176, 4.594123240034219, 5.736402158600443, 4.962510464593248]","[1.8632511227093917, 0.2010143057303223, 0.4185628091088637, 39.560499977208735, 6.72293467286997, 11.634677080885284, 11.505582524671912, -0.10624695220602176, 4.594123240034219, 5.736402158600443, 4.962510464593248]","[1.5275034433230426, 0.19913505486608557, 0.35363527233895103, 34.34789079512439, 7.39072271310452, 10.320031722915804, 10.291907995671469, 0.6913360674991423, 2.0594885173533086, 5.145695712430645, 4.987377176849247]"
noise_bias_delay_200hz,13,10.29999999999973,10.289999999999736,True,accepted,11,11,488.90804320604605,0.03267061173015034,False,[],0.4714120775240994,0.37142678530964784,0.33726164031055245,toward_truth,2.2785922063262496,1.0826564382242971,3.556056834451689,3.4739733280996923,False,"[1.793425523743206, 0.19077628046327688, 0.4502517956743932, 40.24573275715025, 7.10467920689233, 11.906059764193497, 11.459772084748119, 0.981234941239278, 4.209778338451329, 5.814347604002153, 5.030893439175621]","[1.793425523743206, 0.19077628046327688, 0.4502517956743932, 40.24573275715025, 7.10467920689233, 11.906059764193497, 11.459772084748119, 0.981234941239278, 4.209778338451329, 5.814347604002153, 5.030893439175621]","[1.554095651365059, 0.1982991774258047, 0.36329692467249525, 34.93767499132698, 7.362118362483301, 10.478634527043573, 10.408694404579133, 0.7203259548731559, 2.2165681500327983, 5.212560901587796, 4.991728803081884]"
noise_bias_delay_200hz,14,10.799999999999454,10.78999999999946,True,accepted,11,11,468.427495960326,0.03255497120263978,False,[],0.4607596097618403,0.33726164031055245,0.30869751592964123,toward_truth,2.2550239672824954,1.0957875832145225,3.2613514928654643,3.1215309686577273,False,"[1.8305889854646042, 0.18779441316872045, 0.466443998236614, 40.196372646075474, 7.476906530697409, 11.927016563078926, 11.434544712516765, 1.283358767642531, 3.8391484365302135, 5.813198654298475, 5.056369595778673]","[1.8305889854646042, 0.18779441316872045, 0.466443998236614, 40.196372646075474, 7.476906530697409, 11.927016563078926, 11.434544712516765, 1.283358767642531, 3.8391484365302135, 5.813198654298475, 5.056369595778673]","[1.5817449847750136, 0.19724870100009625, 0.37346055254433524, 35.46354475680183, 7.373597179304712, 10.623472730647109, 10.511279435372897, 0.7766292361500934, 2.373647782712288, 5.2726246768588645, 4.998192882351563]"
noise_bias_delay_200hz,15,11.299999999999176,11.289999999999182,True,accepted,11,11,464.053533350786,0.03397638032899805,False,[],0.45083430575659494,0.30869751592964123,0.2882565578811122,toward_truth,2.2417084304922974,1.159923737384352,3.0094721742166697,2.8053760647201647,False,"[1.9010045519735275, 0.1884191438715921, 0.43782331681913134, 39.36590653173258, 7.261009721945963, 11.55685279833389, 11.443290096453591, 0.15581899306488456, 4.061450664245364, 5.862702116135283, 5.049941912755254]","[1.9010045519735275, 0.1884191438715921, 0.43782331681913134, 39.36590653173258, 7.261009721945963, 11.55685279833389, 11.443290096453591, 0.15581899306488456, 4.061450664245364, 5.862702116135283, 5.049941912755254]","[1.613670941494865, 0.19636574528724585, 0.37989682897181487, 35.8537809342949, 7.362338433568837, 10.716810737415788, 10.604480501480966, 0.7145482118415725, 2.5307274153917776, 5.331632420786506, 5.003367785391932]"
noise_bias_delay_200hz,16,11.7999999999989,11.789999999998905,False,"bound_hit,non_positive_definite_mass_matrix",11,11,425.11200308673136,0.059493260292797244,True,"[{""index"": 1, ""name"": ""b_distal_inertia_combination"", ""direction"": ""lower"", ""constrained_hit"": false, ""bound"": 0.09934042046004, ""constrained_candidate"": 0.15494638679116834, ""unconstrained_candidate"": 0.07263771089082027, ""unconstrained_violation"": 0.026702709569219732, ""unconstrained_violation_fraction_of_span"": 0.13440002289884095, ""constrained_distance_to_bound"": 0.05560596633112834}, {""index"": 7, ""name"": ""rho1_stiffness_rest_combination"", ""direction"": ""lower"", ""constrained_hit"": true, ""bound"": -0.4363323129985824, ""constrained_candidate"": -0.4363323129985791, ""unconstrained_candidate"": -9.139326626253554, ""unconstrained_violation"": 8.702994313254973, ""unconstrained_violation_fraction_of_span"": 1.9945793731034651, ""constrained_distance_to_bound"": 3.2751579226442118e-15}, {""index"": 8, ""name"": ""rho2_stiffness_rest_combination"", ""direction"": ""upper"", ""constrained_hit"": false, ""bound"": 5.235987755982989, ""constrained_candidate"": 1.8621089648909268, ""unconstrained_candidate"": 7.45836609266016, ""unconstrained_violation"": 2.2223783366771714, ""unconstrained_violation_fraction_of_span"": 0.4244429972430195, ""constrained_distance_to_bound"": 3.373878791092062}]",0.6370396675205429,0.2882565578811122,0.2882565578811122,not_accepted,2.1966618079650986,1.2200222768698594,3.010535641900517,2.8162271931844605,False,"[1.6568626205634978, 0.07263771089082027, 0.377775357041525, 33.97816035561133, 3.8443417650753826, 8.873736570610713, 11.520649926371481, -9.139326626253554, 7.45836609266016, 6.148289118339187, 4.981481450741282]","[1.7652086577751045, 0.15494638679116834, 0.4999520044995084, 36.77031018139432, 9.463556152002978, 10.49403387838698, 11.377720788926624, -0.4363323129985791, 1.8621089648909268, 6.239312663012736, 5.0651419748637645]","[1.613670941494865, 0.19636574528724585, 0.37989682897181487, 35.8537809342949, 7.362338433568837, 10.716810737415788, 10.604480501480966, 0.7145482118415725, 2.5307274153917776, 5.331632420786506, 5.003367785391932]"
noise_bias_delay_200hz,17,12.299999999998622,12.289999999998628,False,bound_hit,11,11,394.6017979579495,0.07643136772815827,True,"[{""index"": 1, ""name"": ""b_distal_inertia_combination"", ""direction"": ""lower"", ""constrained_hit"": false, ""bound"": 0.09934042046004, ""constrained_candidate"": 0.20370452204316086, ""unconstrained_candidate"": 0.017476802825027227, ""unconstrained_violation"": 0.08186361763501278, ""unconstrained_violation_fraction_of_span"": 0.4120357919561185, ""constrained_distance_to_bound"": 0.10436410158312086}, {""index"": 2, ""name"": ""d_mass_length_com_combination"", ""direction"": ""upper"", ""constrained_hit"": true, ""bound"": 0.508181393592, ""constrained_candidate"": 0.508181393592, ""unconstrained_candidate"": 0.3850941520694571, ""unconstrained_violation"": 0.0, ""unconstrained_violation_fraction_of_span"": 0.0, ""constrained_distance_to_bound"": 0.0}, {""index"": 4, ""name"": ""g2_distal_gravity_combination"", ""direction"": ""lower"", ""constrained_hit"": false, ""bound"": 3.803683293, ""constrained_candidate"": 11.319901244333577, ""unconstrained_candidate"": 1.7345562212983001, ""unconstrained_violation"": 2.0691270717017, ""unconstrained_violation_fraction_of_span"": 0.2719899255952197, ""constrained_distance_to_bound"": 7.5162179513335765}, {""index"": 7, ""name"": ""rho1_stiffness_rest_combination"", ""direction"": ""lower"", ""constrained_hit"": true, ""bound"": -0.4363323129985824, ""constrained_candidate"": -0.4363323129985647, ""unconstrained_candidate"": -14.560817096443317, ""unconstrained_violation"": 14.124484783444736, ""unconstrained_violation_fraction_of_span"": 3.237093463552544, ""constrained_distance_to_bound"": 1.7708057242771247e-14}, {""index"": 8, ""name"": ""rho2_stiffness_rest_combination"", ""direction"": ""lower"", ""constrained_hit"": true, ""bound"": 0.0, ""constrained_candidate"": 1.9849588639431204e-10, ""unconstrained_candidate"": 9.536015144227742, ""unconstrained_violation"": 0.0, ""unconstrained_violation_fraction_of_span"": 0.0, ""constrained_distance_to_bound"": 1.9849588639431204e-10}]",0.8359908753872005,0.2882565578811122,0.2882565578811122,not_accepted,2.081335880429597,1.2558537739942828,3.0194924206198492,2.8584568003548974,False,"[1.4347609523680216, 0.017476802825027227, 0.3850941520694571, 30.966901592238862, 1.7345562212983001, 7.3333006031219155, 11.54472341367306, -14.560817096443317, 9.536015144227742, 6.092289647803408, 4.93261489421087]","[1.6237088013643746, 0.20370452204316086, 0.508181393592, 35.03863101264539, 11.319901244333577, 9.84855933034534, 11.316781289417055, -0.4363323129985647, 1.9849588639431204e-10, 6.278403788182977, 5.085772179495752]","[1.613670941494865, 0.19636574528724585, 0.37989682897181487, 35.8537809342949, 7.362338433568837, 10.716810737415788, 10.604480501480966, 0.7145482118415725, 2.5307274153917776, 5.331632420786506, 5.003367785391932]"
noise_bias_delay_200hz,18,12.799999999998345,12.78999999999835,False,"bound_hit,non_positive_definite_mass_matrix",11,11,382.6929129167823,0.085575675552891,True,"[{""index"": 1, ""name"": ""b_distal_inertia_combination"", ""direction"": ""lower"", ""constrained_hit"": true, ""bound"": 0.09934042046004, ""constrained_candidate"": 0.09934042046004002, ""unconstrained_candidate"": -0.14451269708833822, ""unconstrained_violation"": 0.24385311754837824, ""unconstrained_violation_fraction_of_span"": 1.2273610098442702, ""constrained_distance_to_bound"": 1.3877787807814457e-17}, {""index"": 2, ""name"": ""d_mass_length_com_combination"", ""direction"": ""upper"", ""constrained_hit"": true, ""bound"": 0.508181393592, ""constrained_candidate"": 0.508181393592, ""unconstrained_candidate"": 0.6164939233917095, ""unconstrained_violation"": 0.10831252979970951, ""unconstrained_violation_fraction_of_span"": 0.31970630319850796, ""constrained_distance_to_bound"": 0.0}, {""index"": 4, ""name"": ""g2_distal_gravity_combination"", ""direction"": ""lower"", ""constrained_hit"": false, ""bound"": 3.803683293, ""constrained_candidate"": 10.869542232499473, ""unconstrained_candidate"": 3.5432092135609485, ""unconstrained_violation"": 0.26047407943905165, ""unconstrained_violation_fraction_of_span"": 0.03423971705509864, ""constrained_distance_to_bound"": 7.065858939499472}, {""index"": 7, ""name"": ""rho1_stiffness_rest_combination"", ""direction"": ""lower"", ""constrained_hit"": true, ""bound"": -0.4363323129985824, ""constrained_candidate"": -0.4363323129985822, ""unconstrained_candidate"": -9.827312429137411, ""unconstrained_violation"": 9.390980116138829, ""unconstrained_violation_fraction_of_span"": 2.1522541045841224, ""constrained_distance_to_bound"": 1.6653345369377348e-16}, {""index"": 8, ""name"": ""rho2_stiffness_rest_combination"", ""direction"": ""upper"", ""constrained_hit"": false, ""bound"": 5.235987755982989, ""constrained_candidate"": 0.42628072407121764, ""unconstrained_candidate"": 7.704146557874338, ""unconstrained_violation"": 2.4681588018913496, ""unconstrained_violation_fraction_of_span"": 0.471383608388134, ""constrained_distance_to_bound"": 4.809707031911771}]",1.0559493389818413,0.2882565578811122,0.2882565578811122,not_accepted,2.0500832264445705,1.5959862721811566,3.0183392914404026,3.01381305313542,False,"[1.0270145704264027, -0.14451269708833822, 0.6164939233917095, 33.613371592571795, 3.5432092135609485, 8.691702485102269, 11.43964370598997, -9.827312429137411, 7.704146557874338, 6.507703617986811, 5.037150260164536]","[1.281790397507698, 0.09934042046004002, 0.508181393592, 35.47163675509632, 10.869542232499473, 9.95240913732882, 11.295747146545715, -0.4363323129985822, 0.42628072407121764, 6.527710862941163, 5.110792821614018]","[1.613670941494865, 0.19636574528724585, 0.37989682897181487, 35.8537809342949, 7.362338433568837, 10.716810737415788, 10.604480501480966, 0.7145482118415725, 2.5307274153917776, 5.331632420786506, 5.003367785391932]"
noise_bias_delay_200hz,19,13.299999999998068,13.289999999998074,False,"bound_hit,non_positive_definite_mass_matrix",11,11,382.6929129167823,0.085575675552891,True,"[{""index"": 1, ""name"": ""b_distal_inertia_combination"", ""direction"": ""lower"", ""constrained_hit"": true, ""bound"": 0.09934042046004, ""constrained_candidate"": 0.09934042046004002, ""unconstrained_candidate"": -0.14451269708833822, ""unconstrained_violation"": 0.24385311754837824, ""unconstrained_violation_fraction_of_span"": 1.2273610098442702, ""constrained_distance_to_bound"": 1.3877787807814457e-17}, {""index"": 2, ""name"": ""d_mass_length_com_combination"", ""direction"": ""upper"", ""constrained_hit"": true, ""bound"": 0.508181393592, ""constrained_candidate"": 0.508181393592, ""unconstrained_candidate"": 0.6164939233917095, ""unconstrained_violation"": 0.10831252979970951, ""unconstrained_violation_fraction_of_span"": 0.31970630319850796, ""constrained_distance_to_bound"": 0.0}, {""index"": 4, ""name"": ""g2_distal_gravity_combination"", ""direction"": ""lower"", ""constrained_hit"": false, ""bound"": 3.803683293, ""constrained_candidate"": 10.869542232499473, ""unconstrained_candidate"": 3.5432092135609485, ""unconstrained_violation"": 0.26047407943905165, ""unconstrained_violation_fraction_of_span"": 0.03423971705509864, ""constrained_distance_to_bound"": 7.065858939499472}, {""index"": 7, ""name"": ""rho1_stiffness_rest_combination"", ""direction"": ""lower"", ""constrained_hit"": true, ""bound"": -0.4363323129985824, ""constrained_candidate"": -0.4363323129985822, ""unconstrained_candidate"": -9.827312429137411, ""unconstrained_violation"": 9.390980116138829, ""unconstrained_violation_fraction_of_span"": 2.1522541045841224, ""constrained_distance_to_bound"": 1.6653345369377348e-16}, {""index"": 8, ""name"": ""rho2_stiffness_rest_combination"", ""direction"": ""upper"", ""constrained_hit"": false, ""bound"": 5.235987755982989, ""constrained_candidate"": 0.42628072407121764, ""unconstrained_candidate"": 7.704146557874338, ""unconstrained_violation"": 2.4681588018913496, ""unconstrained_violation_fraction_of_span"": 0.471383608388134, ""constrained_distance_to_bound"": 4.809707031911771}]",1.0559493389818413,0.2882565578811122,0.2882565578811122,not_accepted,2.19461224007236,2.660542522251337,3.2220689076166575,3.9263720958152537,False,"[1.0270145704264027, -0.14451269708833822, 0.6164939233917095, 33.613371592571795, 3.5432092135609485, 8.691702485102269, 11.43964370598997, -9.827312429137411, 7.704146557874338, 6.507703617986811, 5.037150260164536]","[1.281790397507698, 0.09934042046004002, 0.508181393592, 35.47163675509632, 10.869542232499473, 9.95240913732882, 11.295747146545715, -0.4363323129985822, 0.42628072407121764, 6.527710862941163, 5.110792821614018]","[1.613670941494865, 0.19636574528724585, 0.37989682897181487, 35.8537809342949, 7.362338433568837, 10.716810737415788, 10.604480501480966, 0.7145482118415725, 2.5307274153917776, 5.331632420786506, 5.003367785391932]"
noise_bias_delay_100hz,0,4.259999999999757,4.249999999999754,False,bound_hit,11,11,9509.26090928904,0.033546300021233315,True,"[{""index"": 1, ""name"": ""b_distal_inertia_combination"", ""direction"": ""upper"", ""constrained_hit"": true, ""bound"": 0.29802126138012003, ""constrained_candidate"": 0.2980212583214303, ""unconstrained_candidate"": 0.34009101558715094, ""unconstrained_violation"": 0.04206975420703091, ""unconstrained_violation_fraction_of_span"": 0.21174540037282, ""constrained_distance_to_bound"": 3.0586897459272677e-09}, {""index"": 4, ""name"": ""g2_distal_gravity_combination"", ""direction"": ""upper"", ""constrained_hit"": false, ""bound"": 11.411049879, ""constrained_candidate"": 11.41104969196117, ""unconstrained_candidate"": 11.5185719524697, ""unconstrained_violation"": 0.10752207346969911, ""unconstrained_violation_fraction_of_span"": 0.014133941391436861, ""constrained_distance_to_bound"": 1.870388306457471e-07}, {""index"": 6, ""name"": ""k2_passive_stiffness"", ""direction"": ""lower"", ""constrained_hit"": false, ""bound"": 5.0, ""constrained_candidate"": 7.753346080452891, ""unconstrained_candidate"": 3.1245656868579275, ""unconstrained_violation"": 1.8754343131420725, ""unconstrained_violation_fraction_of_span"": 0.18754343131420725, ""constrained_distance_to_bound"": 2.753346080452891}, {""index"": 8, ""name"": ""rho2_stiffness_rest_combination"", ""direction"": ""lower"", ""constrained_hit"": false, ""bound"": 0.0, ""constrained_candidate"": 0.3660171382124795, ""unconstrained_candidate"": -0.7159928003414204, ""unconstrained_violation"": 0.7159928003414204, ""unconstrained_violation_fraction_of_span"": 0.13674455207105465, ""constrained_distance_to_bound"": 0.3660171382124795}, {""index"": 10, ""name"": ""bv2_viscous_damping"", ""direction"": ""lower"", ""constrained_hit"": true, ""bound"": 2.5, ""constrained_candidate"": 2.500000019551459, ""unconstrained_candidate"": -1.5086676685232323, ""unconstrained_violation"": 4.008667668523232, ""unconstrained_violation_fraction_of_span"": 0.8017335337046465, ""constrained_distance_to_bound"": 1.955145911836098e-08}]",1.2171630915033584,0.46038359121476413,0.46038359121476413,not_accepted,2.6819857873466355,1.151815671618128,5.1728727412236335,4.841654491848282,False,"[1.0073453053689911, 0.34009101558715094, 0.3854916802103119, 37.858969372737455, 11.5185719524697, 7.840017355701344, 3.1245656868579275, 2.2293494051726053, -0.7159928003414204, 4.14464532075661, -1.5086676685232323]","[1.002876307828505, 0.2980212583214303, 0.36167880398422647, 38.095945624262136, 11.41104969196117, 7.748263187544442, 7.753346080452891, 2.3220511820048997, 0.3660171382124795, 4.057204857677837, 2.500000019551459]","[1.4508174768147026, 0.19868084092008, 0.338787595728, 33.064998596820004, 7.607366586, 10.0, 10.0, 0.8726646259971648, 1.7453292519943295, 5.0, 5.0]"
noise_bias_delay_100hz,1,4.759999999999924,4.749999999999921,False,bound_hit,11,11,10046.447400918,0.03929973999625008,True,"[{""index"": 1, ""name"": ""b_distal_inertia_combination"", ""direction"": ""upper"", ""constrained_hit"": true, ""bound"": 0.29802126138012003, ""constrained_candidate"": 0.29802126138012003, ""unconstrained_candidate"": 0.5303660891186579, ""unconstrained_violation"": 0.23234482773853787, ""unconstrained_violation_fraction_of_span"": 1.1694375092362292, ""constrained_distance_to_bound"": 0.0}, {""index"": 2, ""name"": ""d_mass_length_com_combination"", ""direction"": ""lower"", ""constrained_hit"": false, ""bound"": 0.169393797864, ""constrained_candidate"": 0.24356847666682263, ""unconstrained_candidate"": 0.1389517268959653, ""unconstrained_violation"": 0.030442070968034696, ""unconstrained_violation_fraction_of_span"": 0.08985591961423377, ""constrained_distance_to_bound"": 0.07417467880282264}, {""index"": 4, ""name"": ""g2_distal_gravity_combination"", ""direction"": ""upper"", ""constrained_hit"": true, ""bound"": 11.411049879, ""constrained_candidate"": 11.411049879, ""unconstrained_candidate"": 18.91881220157092, ""unconstrained_violation"": 7.507762322570919, ""unconstrained_violation_fraction_of_span"": 0.9869068668765898, ""constrained_distance_to_bound"": 0.0}, {""index"": 8, ""name"": ""rho2_stiffness_rest_combination"", ""direction"": ""lower"", ""constrained_hit"": false, ""bound"": 0.0, ""constrained_candidate"": 2.2383314642999292, ""unconstrained_candidate"": -5.79451516920592, ""unconstrained_violation"": 5.79451516920592, ""unconstrained_violation_fraction_of_span"": 1.106670878400111, ""constrained_distance_to_bound"": 2.2383314642999292}]",1.1141807738873664,0.46038359121476413,0.46038359121476413,not_accepted,2.6988816593385563,1.82020772165375,5.146695769824084,4.84116506643797,False,"[1.402112108716825, 0.5303660891186579, 0.1389517268959653, 31.18719805711668, 18.91881220157092, 6.654675980136952, 9.071740926929902, 2.7148846004740594, -5.79451516920592, 4.17021076858659, 3.472845235710766]","[1.0607769318218, 0.29802126138012003, 0.24356847666682263, 38.69036867892893, 11.411049879, 7.745239112417051, 11.839096224417363, 2.742049305949089, 2.2383314642999292, 3.952869362822571, 3.5380870217283755]","[1.4508174768147026, 0.19868084092008, 0.338787595728, 33.064998596820004, 7.607366586, 10.0, 10.0, 0.8726646259971648, 1.7453292519943295, 5.0, 5.0]"
noise_bias_delay_100hz,2,5.260000000000091,5.250000000000088,False,bound_hit,11,11,6402.850287698347,0.03942039064364785,True,"[{""index"": 1, ""name"": ""b_distal_inertia_combination"", ""direction"": ""upper"", ""constrained_hit"": true, ""bound"": 0.29802126138012003, ""constrained_candidate"": 0.29802126138012003, ""unconstrained_candidate"": 0.3839993235800664, ""unconstrained_violation"": 0.08597806219994636, ""unconstrained_violation_fraction_of_span"": 0.43274460588039937, ""constrained_distance_to_bound"": 0.0}, {""index"": 4, ""name"": ""g2_distal_gravity_combination"", ""direction"": ""upper"", ""constrained_hit"": true, ""bound"": 11.411049879, ""constrained_candidate"": 11.411049878999997, ""unconstrained_candidate"": 19.29952256284385, ""unconstrained_violation"": 7.888472683843851, ""unconstrained_violation_fraction_of_span"": 1.0369518275037748, ""constrained_distance_to_bound"": 3.552713678800501e-15}, {""index"": 8, ""name"": ""rho2_stiffness_rest_combination"", ""direction"": ""lower"", ""constrained_hit"": false, ""bound"": 0.0, ""constrained_candidate"": 2.2939088823111344, ""unconstrained_candidate"": -5.75117916573049, ""unconstrained_violation"": 5.75117916573049, ""unconstrained_violation_fraction_of_span"": 1.0983943113997563, ""constrained_distance_to_bound"": 2.2939088823111344}]",1.0244291948639321,0.46038359121476413,0.46038359121476413,not_accepted,2.497743800263218,1.696019706133257,5.179823941316226,4.841984665765042,False,"[1.2315708896423514, 0.3839993235800664, 0.1841476700169833, 30.733701685099135, 19.29952256284385, 6.364852457622022, 12.007741606885784, 2.478889005398295, -5.75117916573049, 4.060423851238729, 4.774185234035015]","[1.1485260397371482, 0.29802126138012003, 0.21166768083743082, 37.72413519049625, 11.411049878999997, 7.6338793836692505, 12.96620012907594, 1.6823521898465053, 2.2939088823111344, 4.0031241679072584, 4.454209538855808]","[1.4508174768147026, 0.19868084092008, 0.338787595728, 33.064998596820004, 7.607366586, 10.0, 10.0, 0.8726646259971648, 1.7453292519943295, 5.0, 5.0]"
noise_bias_delay_100hz,3,5.760000000000258,5.750000000000255,False,bound_hit,11,11,3402.951478560064,0.03960282113421363,True,"[{""index"": 1, ""name"": ""b_distal_inertia_combination"", ""direction"": ""upper"", ""constrained_hit"": true, ""bound"": 0.29802126138012003, ""constrained_candidate"": 0.29802126138012003, ""unconstrained_candidate"": 0.4148909152680022, ""unconstrained_violation"": 0.11686965388788217, ""unconstrained_violation_fraction_of_span"": 0.588228101646164, ""constrained_distance_to_bound"": 0.0}, {""index"": 4, ""name"": ""g2_distal_gravity_combination"", ""direction"": ""upper"", ""constrained_hit"": true, ""bound"": 11.411049879, ""constrained_candidate"": 11.411049879, ""unconstrained_candidate"": 19.457353419605244, ""unconstrained_violation"": 8.046303540605244, ""unconstrained_violation_fraction_of_span"": 1.0576989355834423, ""constrained_distance_to_bound"": 0.0}, {""index"": 7, ""name"": ""rho1_stiffness_rest_combination"", ""direction"": ""lower"", ""constrained_hit"": true, ""bound"": -0.4363323129985824, ""constrained_candidate"": -0.4363323129985729, ""unconstrained_candidate"": -0.3673217077401939, ""unconstrained_violation"": 0.0, ""unconstrained_violation_fraction_of_span"": 0.0, ""constrained_distance_to_bound"": 9.492406860545088e-15}, {""index"": 8, ""name"": ""rho2_stiffness_rest_combination"", ""direction"": ""lower"", ""constrained_hit"": false, ""bound"": 0.0, ""constrained_candidate"": 1.4733235284839927, ""unconstrained_candidate"": -6.578306775036404, ""unconstrained_violation"": 6.578306775036404, ""unconstrained_violation_fraction_of_span"": 1.256364048506338, ""constrained_distance_to_bound"": 1.4733235284839927}]",0.8777180311973242,0.46038359121476413,0.46038359121476413,not_accepted,2.305776879490232,1.4475179070670012,5.19169952292161,4.829116825048435,False,"[1.2642742006393881, 0.4148909152680022, 0.2660945406668855, 27.713393851476233, 19.457353419605244, 6.329911375579044, 10.686378344564094, -0.3673217077401939, -6.578306775036404, 4.397014584407363, 5.255751076157146]","[1.1054679216707692, 0.29802126138012003, 0.35608605160563794, 35.54110992704521, 11.411049879, 7.90469408283767, 10.877992858561694, -0.4363323129985729, 1.4733235284839927, 4.377502805372267, 5.164530446708512]","[1.4508174768147026, 0.19868084092008, 0.338787595728, 33.064998596820004, 7.607366586, 10.0, 10.0, 0.8726646259971648, 1.7453292519943295, 5.0, 5.0]"
noise_bias_delay_100hz,4,6.260000000000425,6.250000000000422,False,"bound_hit,non_positive_definite_mass_matrix",11,11,2954.393939606655,0.04315942413615097,True,"[{""index"": 1, ""name"": ""b_distal_inertia_combination"", ""direction"": ""upper"", ""constrained_hit"": true, ""bound"": 0.29802126138012003, ""constrained_candidate"": 0.29802126138012003, ""unconstrained_candidate"": 0.47100029134737076, ""unconstrained_violation"": 0.17297902996725073, ""unconstrained_violation_fraction_of_span"": 0.8706376979591709, ""constrained_distance_to_bound"": 0.0}, {""index"": 7, ""name"": ""rho1_stiffness_rest_combination"", ""direction"": ""lower"", ""constrained_hit"": true, ""bound"": -0.4363323129985824, ""constrained_candidate"": -0.4363323129985782, ""unconstrained_candidate"": -6.531671623480197, ""unconstrained_violation"": 6.095339310481614, ""unconstrained_violation_fraction_of_span"": 1.3969488687631113, ""constrained_distance_to_bound"": 4.163336342344337e-15}, {""index"": 8, ""name"": ""rho2_stiffness_rest_combination"", ""direction"": ""upper"", ""constrained_hit"": true, ""bound"": 5.235987755982989, ""constrained_candidate"": 5.235987755982949, ""unconstrained_candidate"": 6.086826354742867, ""unconstrained_violation"": 0.8508385987598786, ""unconstrained_violation_fraction_of_span"": 0.16249820251921973, ""constrained_distance_to_bound"": 3.9968028886505635e-14}]",0.9768224774731256,0.46038359121476413,0.46038359121476413,not_accepted,2.1873007401750706,1.3130017833572605,5.212666530418018,4.832814819468846,False,"[1.2728221863743796, 0.47100029134737076, 0.3085359682845608, 34.1417465174123, 6.679057366523538, 8.019670477806683, 11.624479060727444, -6.531671623480197, 6.086826354742867, 4.611853081218387, 4.713543147832201]","[0.9253573416370147, 0.29802126138012003, 0.5012429592044687, 39.37050031486137, 7.452207042559865, 9.166742638553805, 11.223306170745435, -0.4363323129985782, 5.235987755982949, 4.461500437110607, 5.011973985967164]","[1.4508174768147026, 0.19868084092008, 0.338787595728, 33.064998596820004, 7.607366586, 10.0, 10.0, 0.8726646259971648, 1.7453292519943295, 5.0, 5.0]"
noise_bias_delay_100hz,5,6.760000000000592,6.750000000000589,False,"bound_hit,non_positive_definite_mass_matrix",11,11,3075.4401325073554,0.0487873406427803,True,"[{""index"": 1, ""name"": ""b_distal_inertia_combination"", ""direction"": ""upper"", ""constrained_hit"": true, ""bound"": 0.29802126138012003, ""constrained_candidate"": 0.29802126138010326, ""unconstrained_candidate"": 0.4840948825401934, ""unconstrained_violation"": 0.18607362116007337, ""unconstrained_violation_fraction_of_span"": 0.9365453674263541, ""constrained_distance_to_bound"": 1.6764367671839864e-14}, {""index"": 2, ""name"": ""d_mass_length_com_combination"", ""direction"": ""upper"", ""constrained_hit"": true, ""bound"": 0.508181393592, ""constrained_candidate"": 0.5081813935916651, ""unconstrained_candidate"": 0.28256159083150245, ""unconstrained_violation"": 0.0, ""unconstrained_violation_fraction_of_span"": 0.0, ""constrained_distance_to_bound"": 3.348432642269472e-13}, {""index"": 4, ""name"": ""g2_distal_gravity_combination"", ""direction"": ""lower"", ""constrained_hit"": false, ""bound"": 3.803683293, ""constrained_candidate"": 7.222493576411834, ""unconstrained_candidate"": 0.5590417073209553, ""unconstrained_violation"": 3.244641585679045, ""unconstrained_violation_fraction_of_span"": 0.4265131105486922, ""constrained_distance_to_bound"": 3.4188102834118337}, {""index"": 7, ""name"": ""rho1_stiffness_rest_combination"", ""direction"": ""lower"", ""constrained_hit"": true, ""bound"": -0.4363323129985824, ""constrained_candidate"": -0.43633231297888175, ""unconstrained_candidate"": -8.733339619328747, ""unconstrained_violation"": 8.297007306330165, ""unconstrained_violation_fraction_of_span"": 1.9015340049677052, ""constrained_distance_to_bound"": 1.9700630016217247e-11}, {""index"": 8, ""name"": ""rho2_stiffness_rest_combination"", ""direction"": ""upper"", ""constrained_hit"": true, ""bound"": 5.235987755982989, ""constrained_candidate"": 5.235987755981402, ""unconstrained_candidate"": 12.019298752471204, ""unconstrained_violation"": 6.783310996488216, ""unconstrained_violation_fraction_of_span"": 1.2955169707448517, ""constrained_distance_to_bound"": 1.5871748360041238e-12}]",0.9232325691510376,0.46038359121476413,0.46038359121476413,not_accepted,2.1004447895642673,1.2007760332576685,5.216240824469504,4.830877515025526,False,"[1.3901836222090802, 0.4840948825401934, 0.28256159083150245, 38.01423264620819, 0.5590417073209553, 8.937407274753886, 12.03838962596017, -8.733339619328747, 12.019298752471204, 4.712114573051561, 4.4834242544929115]","[1.0523754361598607, 0.29802126138010326, 0.5081813935916651, 39.536730626526904, 7.222493576411834, 9.77001954042971, 11.328868886558567, -0.43633231297888175, 5.235987755981402, 4.56415032057201, 4.925694069349076]","[1.4508174768147026, 0.19868084092008, 0.338787595728, 33.064998596820004, 7.607366586, 10.0, 10.0, 0.8726646259971648, 1.7453292519943295, 5.0, 5.0]"
noise_bias_delay_100hz,6,7.260000000000759,7.250000000000756,False,bound_hit,11,11,3186.1004364123364,0.052697634742507125,True,"[{""index"": 1, ""name"": ""b_distal_inertia_combination"", ""direction"": ""upper"", ""constrained_hit"": true, ""bound"": 0.29802126138012003, ""constrained_candidate"": 0.298021261380102, ""unconstrained_candidate"": 0.4663503191061723, ""unconstrained_violation"": 0.16832905772605228, ""unconstrained_violation_fraction_of_span"": 0.8472334672358426, ""constrained_distance_to_bound"": 1.8041124150158794e-14}, {""index"": 2, ""name"": ""d_mass_length_com_combination"", ""direction"": ""upper"", ""constrained_hit"": true, ""bound"": 0.508181393592, ""constrained_candidate"": 0.508181393591997, ""unconstrained_candidate"": 0.314988216466367, ""unconstrained_violation"": 0.0, ""unconstrained_violation_fraction_of_span"": 0.0, ""constrained_distance_to_bound"": 2.9976021664879227e-15}, {""index"": 4, ""name"": ""g2_distal_gravity_combination"", ""direction"": ""lower"", ""constrained_hit"": false, ""bound"": 3.803683293, ""constrained_candidate"": 7.018713759823202, ""unconstrained_candidate"": -0.7222553379195, ""unconstrained_violation"": 4.5259386309195, ""unconstrained_violation_fraction_of_span"": 0.5949415714037867, ""constrained_distance_to_bound"": 3.2150304668232015}, {""index"": 7, ""name"": ""rho1_stiffness_rest_combination"", ""direction"": ""lower"", ""constrained_hit"": true, ""bound"": -0.4363323129985824, ""constrained_candidate"": -0.4363323128627824, ""unconstrained_candidate"": -10.073472020601852, ""unconstrained_violation"": 9.63713970760327, ""unconstrained_violation_fraction_of_span"": 2.2086697272944305, ""constrained_distance_to_bound"": 1.3579998237034374e-10}, {""index"": 8, ""name"": ""rho2_stiffness_rest_combination"", ""direction"": ""upper"", ""constrained_hit"": true, ""bound"": 5.235987755982989, ""constrained_candidate"": 5.235987755890704, ""unconstrained_candidate"": 13.091664359331594, ""unconstrained_violation"": 7.855676603348605, ""unconstrained_violation_fraction_of_span"": 1.500323715305137, ""constrained_distance_to_bound"": 9.228440234210211e-11}]",0.8743459387933165,0.46038359121476413,0.46038359121476413,not_accepted,2.0419066300370483,1.1283667728485043,5.226588014065737,4.829548693162586,False,"[1.34488681419584, 0.4663503191061723, 0.314988216466367, 38.00344297364614, -0.7222553379195, 9.038514474750032, 12.04147872339125, -10.073472020601852, 13.091664359331594, 4.773598044492127, 4.523193271304012]","[1.1835408887254102, 0.298021261380102, 0.508181393591997, 39.720062797257235, 7.018713759823202, 10.226458434294727, 11.355196579939962, -0.4363323128627824, 5.235987755890704, 4.611211080487309, 4.906081568688784]","[1.4508174768147026, 0.19868084092008, 0.338787595728, 33.064998596820004, 7.607366586, 10.0, 10.0, 0.8726646259971648, 1.7453292519943295, 5.0, 5.0]"
noise_bias_delay_100hz,7,7.760000000000926,7.750000000000923,False,bound_hit,11,11,3041.214970871232,0.05662676472904684,True,"[{""index"": 1, ""name"": ""b_distal_inertia_combination"", ""direction"": ""upper"", ""constrained_hit"": true, ""bound"": 0.29802126138012003, ""constrained_candidate"": 0.29802126138012003, ""unconstrained_candidate"": 0.4627875443435404, ""unconstrained_violation"": 0.16476628296342039, ""unconstrained_violation_fraction_of_span"": 0.829301316626187, ""constrained_distance_to_bound"": 0.0}, {""index"": 2, ""name"": ""d_mass_length_com_combination"", ""direction"": ""upper"", ""constrained_hit"": true, ""bound"": 0.508181393592, ""constrained_candidate"": 0.508181393592, ""unconstrained_candidate"": 0.30828229141555136, ""unconstrained_violation"": 0.0, ""unconstrained_violation_fraction_of_span"": 0.0, ""constrained_distance_to_bound"": 0.0}, {""index"": 4, ""name"": ""g2_distal_gravity_combination"", ""direction"": ""lower"", ""constrained_hit"": false, ""bound"": 3.803683293, ""constrained_candidate"": 6.851340139780413, ""unconstrained_candidate"": -2.326195102750817, ""unconstrained_violation"": 6.129878395750817, ""unconstrained_violation_fraction_of_span"": 0.8057819123679097, ""constrained_distance_to_bound"": 3.0476568467804124}, {""index"": 7, ""name"": ""rho1_stiffness_rest_combination"", ""direction"": ""lower"", ""constrained_hit"": true, ""bound"": -0.4363323129985824, ""constrained_candidate"": -0.43633231299857755, ""unconstrained_candidate"": -13.118342508495804, ""unconstrained_violation"": 12.682010195497222, ""unconstrained_violation_fraction_of_span"": 2.906502639775484, ""constrained_distance_to_bound"": 4.829470157119431e-15}, {""index"": 8, ""name"": ""rho2_stiffness_rest_combination"", ""direction"": ""upper"", ""constrained_hit"": true, ""bound"": 5.235987755982989, ""constrained_candidate"": 5.235987755982989, ""unconstrained_candidate"": 14.534859892760306, ""unconstrained_violation"": 9.298872136777316, ""unconstrained_violation_fraction_of_span"": 1.775953758897126, ""constrained_distance_to_bound"": 0.0}]",0.7758753849973994,0.46038359121476413,0.46038359121476413,not_accepted,2.0311095882797723,1.1875106374622375,5.242074968770552,4.828298296561619,False,"[1.60826499764987, 0.4627875443435404, 0.30828229141555136, 36.44474997045004, -2.326195102750817, 9.340041383846028, 12.118211934532418, -13.118342508495804, 14.534859892760306, 5.437238822287748, 4.500185134874674]","[1.6445351707243334, 0.29802126138012003, 0.508181393592, 39.61305364246081, 6.851340139780413, 11.33339693952823, 11.373097840458813, -0.43633231299857755, 5.235987755982989, 5.482372341385273, 4.912489827802878]","[1.4508174768147026, 0.19868084092008, 0.338787595728, 33.064998596820004, 7.607366586, 10.0, 10.0, 0.8726646259971648, 1.7453292519943295, 5.0, 5.0]"
noise_bias_delay_100hz,8,8.260000000000861,8.250000000000867,False,bound_hit,11,11,1570.1434608471068,0.057845628990699165,True,"[{""index"": 1, ""name"": ""b_distal_inertia_combination"", ""direction"": ""upper"", ""constrained_hit"": true, ""bound"": 0.29802126138012003, ""constrained_candidate"": 0.29802126138012003, ""unconstrained_candidate"": 0.48062828891771026, ""unconstrained_violation"": 0.18260702753759023, ""unconstrained_violation_fraction_of_span"": 0.9190973155335317, ""constrained_distance_to_bound"": 0.0}, {""index"": 2, ""name"": ""d_mass_length_com_combination"", ""direction"": ""upper"", ""constrained_hit"": true, ""bound"": 0.508181393592, ""constrained_candidate"": 0.508181393592, ""unconstrained_candidate"": 0.2889780046014886, ""unconstrained_violation"": 0.0, ""unconstrained_violation_fraction_of_span"": 0.0, ""constrained_distance_to_bound"": 0.0}, {""index"": 4, ""name"": ""g2_distal_gravity_combination"", ""direction"": ""lower"", ""constrained_hit"": false, ""bound"": 3.803683293, ""constrained_candidate"": 6.730966126558901, ""unconstrained_candidate"": -1.8038849869023474, ""unconstrained_violation"": 5.607568279902347, ""unconstrained_violation_fraction_of_span"": 0.7371234469260461, ""constrained_distance_to_bound"": 2.9272828335589005}, {""index"": 7, ""name"": ""rho1_stiffness_rest_combination"", ""direction"": ""lower"", ""constrained_hit"": true, ""bound"": -0.4363323129985824, ""constrained_candidate"": -0.4363323129985822, ""unconstrained_candidate"": -20.781232065349506, ""unconstrained_violation"": 20.344899752350923, ""unconstrained_violation_fraction_of_span"": 4.662707561705847, ""constrained_distance_to_bound"": 1.6653345369377348e-16}, {""index"": 8, ""name"": ""rho2_stiffness_rest_combination"", ""direction"": ""upper"", ""constrained_hit"": true, ""bound"": 5.235987755982989, ""constrained_candidate"": 5.235987755982989, ""unconstrained_candidate"": 13.880195000534131, ""unconstrained_violation"": 8.644207244551144, ""unconstrained_violation_fraction_of_span"": 1.650921974497304, ""constrained_distance_to_bound"": 0.0}]",0.8136451396712459,0.46038359121476413,0.46038359121476413,not_accepted,1.9761240683693961,1.1596968949919955,5.251565812139141,4.819448552487184,False,"[1.6759069406856264, 0.48062828891771026, 0.2889780046014886, 28.17723389804207, -1.8038849869023474, 8.117353976317421, 12.090137025248223, -20.781232065349506, 13.880195000534131, 6.160887369032079, 4.577190151720244]","[1.7381150074192133, 0.29802126138012003, 0.508181393592, 39.422417267664855, 6.730966126558901, 12.08736435182056, 11.413049468137137, -0.4363323129985822, 5.235987755982989, 6.3012055761026415, 4.971226825321603]","[1.4508174768147026, 0.19868084092008, 0.338787595728, 33.064998596820004, 7.607366586, 10.0, 10.0, 0.8726646259971648, 1.7453292519943295, 5.0, 5.0]"
noise_bias_delay_100hz,9,8.760000000000584,8.75000000000059,False,bound_hit,11,11,788.5085229597194,0.05830147580937716,True,"[{""index"": 1, ""name"": ""b_distal_inertia_combination"", ""direction"": ""upper"", ""constrained_hit"": true, ""bound"": 0.29802126138012003, ""constrained_candidate"": 0.29802126138012003, ""unconstrained_candidate"": 0.48076873865090686, ""unconstrained_violation"": 0.18274747727078683, ""unconstrained_violation_fraction_of_span"": 0.9198042268418702, ""constrained_distance_to_bound"": 0.0}, {""index"": 2, ""name"": ""d_mass_length_com_combination"", ""direction"": ""upper"", ""constrained_hit"": true, ""bound"": 0.508181393592, ""constrained_candidate"": 0.5081813935919997, ""unconstrained_candidate"": 0.30690056225932505, ""unconstrained_violation"": 0.0, ""unconstrained_violation_fraction_of_span"": 0.0, ""constrained_distance_to_bound"": 3.3306690738754696e-16}, {""index"": 4, ""name"": ""g2_distal_gravity_combination"", ""direction"": ""lower"", ""constrained_hit"": false, ""bound"": 3.803683293, ""constrained_candidate"": 6.629958431455164, ""unconstrained_candidate"": -2.9944777042197286, ""unconstrained_violation"": 6.798160997219728, ""unconstrained_violation_fraction_of_span"": 0.8936286848238036, ""constrained_distance_to_bound"": 2.826275138455164}, {""index"": 7, ""name"": ""rho1_stiffness_rest_combination"", ""direction"": ""lower"", ""constrained_hit"": true, ""bound"": -0.4363323129985824, ""constrained_candidate"": -0.4363323125908919, ""unconstrained_candidate"": -14.830928438526135, ""unconstrained_violation"": 14.394596125527553, ""unconstrained_violation_fraction_of_span"": 3.2989984231523835, ""constrained_distance_to_bound"": 4.0769049247657563e-10}, {""index"": 8, ""name"": ""rho2_stiffness_rest_combination"", ""direction"": ""upper"", ""constrained_hit"": true, ""bound"": 5.235987755982989, ""constrained_candidate"": 5.235987755981439, ""unconstrained_candidate"": 14.969491413859204, ""unconstrained_violation"": 9.733503657876216, ""unconstrained_violation_fraction_of_span"": 1.8589622649048532, ""constrained_distance_to_bound"": 1.5498713423767185e-12}]",0.8159774823275389,0.46038359121476413,0.46038359121476413,not_accepted,1.932524730369537,1.136134361344413,5.251119910593696,4.801971981760823,False,"[1.7156657061096103, 0.48076873865090686, 0.30690056225932505, 35.10844022082432, -2.9944777042197286, 9.831817285779133, 12.133077416301171, -14.830928438526135, 14.969491413859204, 6.2962567730178804, 4.497897870007795]","[1.756566154563649, 0.29802126138012003, 0.5081813935919997, 39.51769068043929, 6.629958431455164, 12.128242978178388, 11.404719388783501, -0.4363323125908919, 5.235987755981439, 6.279455468489219, 4.997078520171697]","[1.4508174768147026, 0.19868084092008, 0.338787595728, 33.064998596820004, 7.607366586, 10.0, 10.0, 0.8726646259971648, 1.7453292519943295, 5.0, 5.0]"
noise_bias_delay_100hz,10,9.260000000000307,9.250000000000313,False,bound_hit,11,11,566.7465037389798,0.0582137940480168,True,"[{""index"": 1, ""name"": ""b_distal_inertia_combination"", ""direction"": ""upper"", ""constrained_hit"": true, ""bound"": 0.29802126138012003, ""constrained_candidate"": 0.2980212613790614, ""unconstrained_candidate"": 0.4953087058873453, ""unconstrained_violation"": 0.1972874445072253, ""unconstrained_violation_fraction_of_span"": 0.992986760039861, ""constrained_distance_to_bound"": 1.058653165131318e-12}, {""index"": 2, ""name"": ""d_mass_length_com_combination"", ""direction"": ""upper"", ""constrained_hit"": true, ""bound"": 0.508181393592, ""constrained_candidate"": 0.508181393591892, ""unconstrained_candidate"": 0.28371797485586636, ""unconstrained_violation"": 0.0, ""unconstrained_violation_fraction_of_span"": 0.0, ""constrained_distance_to_bound"": 1.0802470029602773e-13}, {""index"": 4, ""name"": ""g2_distal_gravity_combination"", ""direction"": ""lower"", ""constrained_hit"": false, ""bound"": 3.803683293, ""constrained_candidate"": 6.550261104895165, ""unconstrained_candidate"": -3.0596033971595338, ""unconstrained_violation"": 6.8632866901595335, ""unconstrained_violation_fraction_of_span"": 0.9021895569999463, ""constrained_distance_to_bound"": 2.746577811895165}, {""index"": 7, ""name"": ""rho1_stiffness_rest_combination"", ""direction"": ""lower"", ""constrained_hit"": false, ""bound"": -0.4363323129985824, ""constrained_candidate"": -0.018080449737362336, ""unconstrained_candidate"": -10.713876726064752, ""unconstrained_violation"": 10.27754441306617, ""unconstrained_violation_fraction_of_span"": 2.3554396745078017, ""constrained_distance_to_bound"": 0.41825186326122005}, {""index"": 8, ""name"": ""rho2_stiffness_rest_combination"", ""direction"": ""upper"", ""constrained_hit"": true, ""bound"": 5.235987755982989, ""constrained_candidate"": 5.235987751464566, ""unconstrained_candidate"": 14.932543564991803, ""unconstrained_violation"": 9.696555809008814, ""unconstrained_violation_fraction_of_span"": 1.8519057455642218, ""constrained_distance_to_bound"": 4.5184229691130895e-09}]",0.797511330814323,0.46038359121476413,0.46038359121476413,not_accepted,1.9029004117859623,1.1287311308859946,5.22154964033312,4.772672556330616,False,"[1.8126467709549385, 0.4953087058873453, 0.28371797485586636, 39.1092162232809, -3.0596033971595338, 11.012400874644806, 12.068380100130227, -10.713876726064752, 14.932543564991803, 6.516957615911842, 4.475934347722027]","[1.8398215976720367, 0.2980212613790614, 0.508181393591892, 40.02012907556236, 6.550261104895165, 12.183113180514805, 11.405467207919408, -0.018080449737362336, 5.235987751464566, 6.259399823579836, 5.0091470195835335]","[1.4508174768147026, 0.19868084092008, 0.338787595728, 33.064998596820004, 7.607366586, 10.0, 10.0, 0.8726646259971648, 1.7453292519943295, 5.0, 5.0]"
noise_bias_delay_100hz,11,9.76000000000003,9.750000000000036,False,bound_hit,11,11,502.6742251005251,0.05746522632880339,True,"[{""index"": 1, ""name"": ""b_distal_inertia_combination"", ""direction"": ""upper"", ""constrained_hit"": true, ""bound"": 0.29802126138012003, ""constrained_candidate"": 0.29802126138012003, ""unconstrained_candidate"": 0.5022448931515261, ""unconstrained_violation"": 0.20422363177140607, ""unconstrained_violation_fraction_of_span"": 1.0278979635160475, ""constrained_distance_to_bound"": 0.0}, {""index"": 2, ""name"": ""d_mass_length_com_combination"", ""direction"": ""upper"", ""constrained_hit"": true, ""bound"": 0.508181393592, ""constrained_candidate"": 0.508181393592, ""unconstrained_candidate"": 0.2830114657721221, ""unconstrained_violation"": 0.0, ""unconstrained_violation_fraction_of_span"": 0.0, ""constrained_distance_to_bound"": 0.0}, {""index"": 4, ""name"": ""g2_distal_gravity_combination"", ""direction"": ""lower"", ""constrained_hit"": false, ""bound"": 3.803683293, ""constrained_candidate"": 6.49756613979975, ""unconstrained_candidate"": -1.6276852039994134, ""unconstrained_violation"": 5.431368496999413, ""unconstrained_violation_fraction_of_span"": 0.7139617153450811, ""constrained_distance_to_bound"": 2.69388284679975}, {""index"": 7, ""name"": ""rho1_stiffness_rest_combination"", ""direction"": ""lower"", ""constrained_hit"": false, ""bound"": -0.4363323129985824, ""constrained_candidate"": -0.17495447521996155, ""unconstrained_candidate"": -10.405460757535947, ""unconstrained_violation"": 9.969128444537365, ""unconstrained_violation_fraction_of_span"": 2.284755941183241, ""constrained_distance_to_bound"": 0.26137783777862084}, {""index"": 8, ""name"": ""rho2_stiffness_rest_combination"", ""direction"": ""upper"", ""constrained_hit"": true, ""bound"": 5.235987755982989, ""constrained_candidate"": 5.235987755982989, ""unconstrained_candidate"": 13.407479660930141, ""unconstrained_violation"": 8.171491904947153, ""unconstrained_violation_fraction_of_span"": 1.560639994929297, ""constrained_distance_to_bound"": 0.0}]",0.8073066154795715,0.46038359121476413,0.46038359121476413,not_accepted,1.8685265331943162,1.1201245197652456,5.184748071738555,4.744454993825657,False,"[1.91476811852311, 0.5022448931515261, 0.2830114657721221, 38.01851286102912, -1.6276852039994134, 10.850399953369045, 11.886297562717367, -10.405460757535947, 13.407479660930141, 6.3554420249544386, 4.6233852455333455]","[1.8545751421574361, 0.29802126138012003, 0.508181393592, 39.914682930947706, 6.49756613979975, 12.20030611240927, 11.43183046051689, -0.17495447521996155, 5.235987755982989, 6.258578875676825, 4.980907851663547]","[1.4508174768147026, 0.19868084092008, 0.338787595728, 33.064998596820004, 7.607366586, 10.0, 10.0, 0.8726646259971648, 1.7453292519943295, 5.0, 5.0]"
noise_bias_delay_100hz,12,10.259999999999753,10.249999999999758,False,bound_hit,11,11,464.80339887440164,0.057449077028775865,True,"[{""index"": 1, ""name"": ""b_distal_inertia_combination"", ""direction"": ""upper"", ""constrained_hit"": true, ""bound"": 0.29802126138012003, ""constrained_candidate"": 0.29802126138012003, ""unconstrained_candidate"": 0.49844760973587643, ""unconstrained_violation"": 0.2004263483557564, ""unconstrained_violation_fraction_of_span"": 1.0087854844362094, ""constrained_distance_to_bound"": 0.0}, {""index"": 2, ""name"": ""d_mass_length_com_combination"", ""direction"": ""upper"", ""constrained_hit"": true, ""bound"": 0.508181393592, ""constrained_candidate"": 0.5081813935919995, ""unconstrained_candidate"": 0.3090403894807236, ""unconstrained_violation"": 0.0, ""unconstrained_violation_fraction_of_span"": 0.0, ""constrained_distance_to_bound"": 4.440892098500626e-16}, {""index"": 4, ""name"": ""g2_distal_gravity_combination"", ""direction"": ""lower"", ""constrained_hit"": false, ""bound"": 3.803683293, ""constrained_candidate"": 6.453373338080525, ""unconstrained_candidate"": -0.9019327827085837, ""unconstrained_violation"": 4.705616075708583, ""unconstrained_violation_fraction_of_span"": 0.6185604469710227, ""constrained_distance_to_bound"": 2.649690045080525}, {""index"": 7, ""name"": ""rho1_stiffness_rest_combination"", ""direction"": ""lower"", ""constrained_hit"": false, ""bound"": -0.4363323129985824, ""constrained_candidate"": 1.1482473067464376, ""unconstrained_candidate"": -8.536366518507094, ""unconstrained_violation"": 8.100034205508512, ""unconstrained_violation_fraction_of_span"": 1.8563910955489629, ""constrained_distance_to_bound"": 1.58457961974502}, {""index"": 8, ""name"": ""rho2_stiffness_rest_combination"", ""direction"": ""upper"", ""constrained_hit"": true, ""bound"": 5.235987755982989, ""constrained_candidate"": 5.235987755982988, ""unconstrained_candidate"": 12.615340821258549, ""unconstrained_violation"": 7.37935306527556, ""unconstrained_violation_fraction_of_span"": 1.409352620590722, ""constrained_distance_to_bound"": 8.881784197001252e-16}]",0.8200108505783226,0.46038359121476413,0.46038359121476413,not_accepted,1.8143675872562173,1.0731950909946086,5.141059687928755,4.720912237589039,False,"[1.8735634782188986, 0.49844760973587643, 0.3090403894807236, 39.08065813023926, -0.9019327827085837, 11.317907093265118, 11.778408065133345, -8.536366518507094, 12.615340821258549, 6.491673008345458, 4.75158986114225]","[1.784493114180566, 0.29802126138012003, 0.5081813935919995, 41.19772063049137, 6.453373338080525, 12.667824132959627, 11.460200411214112, 1.1482473067464376, 5.235987755982988, 6.469098015488878, 4.906605216710735]","[1.4508174768147026, 0.19868084092008, 0.338787595728, 33.064998596820004, 7.607366586, 10.0, 10.0, 0.8726646259971648, 1.7453292519943295, 5.0, 5.0]"
noise_bias_delay_100hz,13,10.759999999999476,10.749999999999481,False,bound_hit,11,11,442.20125361296994,0.05806882713586444,True,"[{""index"": 1, ""name"": ""b_distal_inertia_combination"", ""direction"": ""upper"", ""constrained_hit"": true, ""bound"": 0.29802126138012003, ""constrained_candidate"": 0.29802126138012003, ""unconstrained_candidate"": 0.48577952714120687, ""unconstrained_violation"": 0.18775826576108684, ""unconstrained_violation_fraction_of_span"": 0.9450245171682818, ""constrained_distance_to_bound"": 0.0}, {""index"": 2, ""name"": ""d_mass_length_com_combination"", ""direction"": ""upper"", ""constrained_hit"": true, ""bound"": 0.508181393592, ""constrained_candidate"": 0.508181393592, ""unconstrained_candidate"": 0.33252847341489217, ""unconstrained_violation"": 0.0, ""unconstrained_violation_fraction_of_span"": 0.0, ""constrained_distance_to_bound"": 0.0}, {""index"": 4, ""name"": ""g2_distal_gravity_combination"", ""direction"": ""lower"", ""constrained_hit"": false, ""bound"": 3.803683293, ""constrained_candidate"": 6.4168769884130095, ""unconstrained_candidate"": -0.8983178388562374, ""unconstrained_violation"": 4.702001131856237, ""unconstrained_violation_fraction_of_span"": 0.6180852570598387, ""constrained_distance_to_bound"": 2.6131936954130093}, {""index"": 7, ""name"": ""rho1_stiffness_rest_combination"", ""direction"": ""lower"", ""constrained_hit"": false, ""bound"": -0.4363323129985824, ""constrained_candidate"": 2.0507219349408183, ""unconstrained_candidate"": -8.039601904791073, ""unconstrained_violation"": 7.603269591792491, ""unconstrained_violation_fraction_of_span"": 1.7425410324394641, ""constrained_distance_to_bound"": 2.4870542479394007}, {""index"": 8, ""name"": ""rho2_stiffness_rest_combination"", ""direction"": ""upper"", ""constrained_hit"": true, ""bound"": 5.235987755982989, ""constrained_candidate"": 5.235987755982989, ""unconstrained_candidate"": 12.562479902433967, ""unconstrained_violation"": 7.3264921464509785, ""unconstrained_violation_fraction_of_span"": 1.3992569287579484, ""constrained_distance_to_bound"": 0.0}]",0.8978801790696634,0.46038359121476413,0.46038359121476413,not_accepted,1.7580196935118186,1.0153725467558832,5.107075041175226,4.69399260159483,False,"[1.7924917050814755, 0.48577952714120687, 0.33252847341489217, 39.5341728895458, -0.8983178388562374, 11.508208560131234, 11.747849971218795, -8.039601904791073, 12.562479902433967, 6.572667504665229, 4.778109422193163]","[1.6642727725873316, 0.29802126138012003, 0.508181393592, 42.07376418314011, 6.4168769884130095, 12.994461349983844, 11.489354062354046, 2.0507219349408183, 5.235987755982989, 6.60477368486353, 4.8388154042301545]","[1.4508174768147026, 0.19868084092008, 0.338787595728, 33.064998596820004, 7.607366586, 10.0, 10.0, 0.8726646259971648, 1.7453292519943295, 5.0, 5.0]"
noise_bias_delay_100hz,14,11.259999999999199,11.249999999999204,False,bound_hit,11,11,438.87882829486625,0.05774286507192473,True,"[{""index"": 1, ""name"": ""b_distal_inertia_combination"", ""direction"": ""upper"", ""constrained_hit"": true, ""bound"": 0.29802126138012003, ""constrained_candidate"": 0.29802126138012003, ""unconstrained_candidate"": 0.47801063480620776, ""unconstrained_violation"": 0.17998937342608773, ""unconstrained_violation_fraction_of_span"": 0.9059221442418245, ""constrained_distance_to_bound"": 0.0}, {""index"": 2, ""name"": ""d_mass_length_com_combination"", ""direction"": ""upper"", ""constrained_hit"": true, ""bound"": 0.508181393592, ""constrained_candidate"": 0.508181393592, ""unconstrained_candidate"": 0.33694950255258865, ""unconstrained_violation"": 0.0, ""unconstrained_violation_fraction_of_span"": 0.0, ""constrained_distance_to_bound"": 0.0}, {""index"": 4, ""name"": ""g2_distal_gravity_combination"", ""direction"": ""lower"", ""constrained_hit"": false, ""bound"": 3.803683293, ""constrained_candidate"": 6.383154941161088, ""unconstrained_candidate"": -0.5586838851068601, ""unconstrained_violation"": 4.36236717810686, ""unconstrained_violation_fraction_of_span"": 0.5734398531727153, ""constrained_distance_to_bound"": 2.5794716481610878}, {""index"": 7, ""name"": ""rho1_stiffness_rest_combination"", ""direction"": ""lower"", ""constrained_hit"": false, ""bound"": -0.4363323129985824, ""constrained_candidate"": 1.3539895008939922, ""unconstrained_candidate"": -8.275431750584321, ""unconstrained_violation"": 7.839099437585738, ""unconstrained_violation_fraction_of_span"": 1.7965892518281605, ""constrained_distance_to_bound"": 1.7903218138925745}, {""index"": 8, ""name"": ""rho2_stiffness_rest_combination"", ""direction"": ""upper"", ""constrained_hit"": true, ""bound"": 5.235987755982989, ""constrained_candidate"": 5.235987755982989, ""unconstrained_candidate"": 12.177411927332239, ""unconstrained_violation"": 6.94142417134925, ""unconstrained_violation_fraction_of_span"": 1.325714362761356, ""constrained_distance_to_bound"": 0.0}]",0.8463473319637719,0.46038359121476413,0.46038359121476413,not_accepted,1.749681419840153,1.0886765617124277,5.09241022714512,4.683900551776338,False,"[1.8719124310823951, 0.47801063480620776, 0.33694950255258865, 38.981785163437905, -0.5586838851068601, 11.34095712068231, 11.704720098560045, -8.275431750584321, 12.177411927332239, 6.597234635140744, 4.795747424921783]","[1.733346125214092, 0.29802126138012003, 0.508181393592, 41.44310945815236, 6.383154941161088, 12.768509109323029, 11.48700052121519, 1.3539895008939922, 5.235987755982989, 6.63294732333095, 4.866570005534391]","[1.4508174768147026, 0.19868084092008, 0.338787595728, 33.064998596820004, 7.607366586, 10.0, 10.0, 0.8726646259971648, 1.7453292519943295, 5.0, 5.0]"
noise_bias_delay_100hz,15,11.759999999998922,11.749999999998927,False,bound_hit,11,11,409.75817177294255,0.07264085737055115,True,"[{""index"": 1, ""name"": ""b_distal_inertia_combination"", ""direction"": ""upper"", ""constrained_hit"": true, ""bound"": 0.29802126138012003, ""constrained_candidate"": 0.29802126138012003, ""unconstrained_candidate"": 0.3597254573650584, ""unconstrained_violation"": 0.06170419598493837, ""unconstrained_violation_fraction_of_span"": 0.31056943235789436, ""constrained_distance_to_bound"": 0.0}, {""index"": 2, ""name"": ""d_mass_length_com_combination"", ""direction"": ""upper"", ""constrained_hit"": true, ""bound"": 0.508181393592, ""constrained_candidate"": 0.508181393592, ""unconstrained_candidate"": 0.308757548699036, ""unconstrained_violation"": 0.0, ""unconstrained_violation_fraction_of_span"": 0.0, ""constrained_distance_to_bound"": 0.0}, {""index"": 4, ""name"": ""g2_distal_gravity_combination"", ""direction"": ""lower"", ""constrained_hit"": false, ""bound"": 3.803683293, ""constrained_candidate"": 6.3635550112049355, ""unconstrained_candidate"": -3.1051476006452754, ""unconstrained_violation"": 6.908830893645275, ""unconstrained_violation_fraction_of_span"": 0.9081764123684726, ""constrained_distance_to_bound"": 2.5598717182049353}, {""index"": 7, ""name"": ""rho1_stiffness_rest_combination"", ""direction"": ""lower"", ""constrained_hit"": true, ""bound"": -0.4363323129985824, ""constrained_candidate"": -0.4363323129985438, ""unconstrained_candidate"": -15.351298259021783, ""unconstrained_violation"": 14.914965946023202, ""unconstrained_violation_fraction_of_span"": 3.4182584011539072, ""constrained_distance_to_bound"": 3.858025010572419e-14}, {""index"": 8, ""name"": ""rho2_stiffness_rest_combination"", ""direction"": ""upper"", ""constrained_hit"": true, ""bound"": 5.235987755982989, ""constrained_candidate"": 5.235987755919313, ""unconstrained_candidate"": 14.678705630666984, ""unconstrained_violation"": 9.442717874683996, ""unconstrained_violation_fraction_of_span"": 1.8034262711737852, ""constrained_distance_to_bound"": 6.367617544356108e-11}]",0.8811429843634235,0.46038359121476413,0.46038359121476413,not_accepted,1.7384305852930162,1.2255019398875828,5.083440674418583,4.68336306434079,False,"[1.6740877014376272, 0.3597254573650584, 0.308757548699036, 34.814225420269494, -3.1051476006452754, 9.304242781535482, 11.749185350375978, -15.351298259021783, 14.678705630666984, 6.820047682060126, 4.753002269908845]","[1.6926427314091395, 0.29802126138012003, 0.508181393592, 39.745155902678704, 6.3635550112049355, 12.135170852163206, 11.487416433700341, -0.4363323129985438, 5.235987755919313, 6.969075342075332, 4.907845446335783]","[1.4508174768147026, 0.19868084092008, 0.338787595728, 33.064998596820004, 7.607366586, 10.0, 10.0, 0.8726646259971648, 1.7453292519943295, 5.0, 5.0]"
noise_bias_delay_100hz,16,12.259999999998644,12.24999999999865,False,bound_hit,11,11,379.69828898224796,0.08151111768556718,True,"[{""index"": 1, ""name"": ""b_distal_inertia_combination"", ""direction"": ""upper"", ""constrained_hit"": true, ""bound"": 0.29802126138012003, ""constrained_candidate"": 0.29802126138012003, ""unconstrained_candidate"": 0.31850034369699953, ""unconstrained_violation"": 0.020479082316879504, ""unconstrained_violation_fraction_of_span"": 0.10307527500911513, ""constrained_distance_to_bound"": 0.0}, {""index"": 2, ""name"": ""d_mass_length_com_combination"", ""direction"": ""upper"", ""constrained_hit"": true, ""bound"": 0.508181393592, ""constrained_candidate"": 0.5081813935919989, ""unconstrained_candidate"": 0.34055748345399667, ""unconstrained_violation"": 0.0, ""unconstrained_violation_fraction_of_span"": 0.0, ""constrained_distance_to_bound"": 1.1102230246251565e-15}, {""index"": 4, ""name"": ""g2_distal_gravity_combination"", ""direction"": ""lower"", ""constrained_hit"": false, ""bound"": 3.803683293, ""constrained_candidate"": 7.808042019606705, ""unconstrained_candidate"": -3.8063034105521565, ""unconstrained_violation"": 7.609986703552156, ""unconstrained_violation_fraction_of_span"": 1.0003444184689323, ""constrained_distance_to_bound"": 4.004358726606705}, {""index"": 7, ""name"": ""rho1_stiffness_rest_combination"", ""direction"": ""lower"", ""constrained_hit"": true, ""bound"": -0.4363323129985824, ""constrained_candidate"": -0.43633231299856623, ""unconstrained_candidate"": -17.153395140269716, ""unconstrained_violation"": 16.717062827271132, ""unconstrained_violation_fraction_of_span"": 3.831268583430686, ""constrained_distance_to_bound"": 1.6153745008296028e-14}, {""index"": 8, ""name"": ""rho2_stiffness_rest_combination"", ""direction"": ""upper"", ""constrained_hit"": false, ""bound"": 5.235987755982989, ""constrained_candidate"": 3.803233411564915, ""unconstrained_candidate"": 15.374476205017608, ""unconstrained_violation"": 10.138488449034618, ""unconstrained_violation_fraction_of_span"": 1.9363086625727315, ""constrained_distance_to_bound"": 1.4327543444180737}]",0.7337657782363527,0.46038359121476413,0.46038359121476413,not_accepted,1.7707772654003227,1.6080111695860453,5.072712124267114,4.7477119872056095,False,"[1.5593189718708846, 0.31850034369699953, 0.34055748345399667, 33.81908327941, -3.8063034105521565, 8.801437217866344, 11.767467064425672, -17.153395140269716, 15.374476205017608, 6.825731941009967, 4.750476765837662]","[1.5809722979469054, 0.29802126138012003, 0.5081813935919989, 38.40349889810724, 7.808042019606705, 11.624339598314748, 11.463327753673223, -0.43633231299856623, 3.803233411564915, 7.070181096414078, 4.962745083728506]","[1.4508174768147026, 0.19868084092008, 0.338787595728, 33.064998596820004, 7.607366586, 10.0, 10.0, 0.8726646259971648, 1.7453292519943295, 5.0, 5.0]"
noise_bias_delay_100hz,17,12.759999999998367,12.749999999998373,False,"bound_hit,non_positive_definite_mass_matrix",11,11,365.4604358534005,0.08893699881498178,True,"[{""index"": 1, ""name"": ""b_distal_inertia_combination"", ""direction"": ""lower"", ""constrained_hit"": false, ""bound"": 0.09934042046004, ""constrained_candidate"": 0.19148203281904616, ""unconstrained_candidate"": 0.08521372870186716, ""unconstrained_violation"": 0.01412669175817284, ""unconstrained_violation_fraction_of_span"": 0.0711024359105433, ""constrained_distance_to_bound"": 0.09214161235900616}, {""index"": 2, ""name"": ""d_mass_length_com_combination"", ""direction"": ""upper"", ""constrained_hit"": true, ""bound"": 0.508181393592, ""constrained_candidate"": 0.508181393592, ""unconstrained_candidate"": 0.642756085638063, ""unconstrained_violation"": 0.13457469204606298, ""unconstrained_violation_fraction_of_span"": 0.39722437817383377, ""constrained_distance_to_bound"": 0.0}, {""index"": 4, ""name"": ""g2_distal_gravity_combination"", ""direction"": ""lower"", ""constrained_hit"": false, ""bound"": 3.803683293, ""constrained_candidate"": 6.965976156522414, ""unconstrained_candidate"": -2.5628932899232426, ""unconstrained_violation"": 6.366576582923242, ""unconstrained_violation_fraction_of_span"": 0.8368962519355634, ""constrained_distance_to_bound"": 3.162292863522414}, {""index"": 7, ""name"": ""rho1_stiffness_rest_combination"", ""direction"": ""lower"", ""constrained_hit"": true, ""bound"": -0.4363323129985824, ""constrained_candidate"": -0.4363323129985822, ""unconstrained_candidate"": -13.081566209204288, ""unconstrained_violation"": 12.645233896205706, ""unconstrained_violation_fraction_of_span"": 2.8980741328334285, ""constrained_distance_to_bound"": 1.6653345369377348e-16}, {""index"": 8, ""name"": ""rho2_stiffness_rest_combination"", ""direction"": ""upper"", ""constrained_hit"": false, ""bound"": 5.235987755982989, ""constrained_candidate"": 4.647980378697802, ""unconstrained_candidate"": 14.124686901488085, ""unconstrained_violation"": 8.888699145505097, ""unconstrained_violation_fraction_of_span"": 1.697616487996611, ""constrained_distance_to_bound"": 0.5880073772851873}]",0.9052747395997507,0.46038359121476413,0.46038359121476413,not_accepted,1.8884536527153999,2.347377142228439,5.062572368580641,5.006536583235265,False,"[0.9615866466579825, 0.08521372870186716, 0.642756085638063, 36.374767388575584, -2.5628932899232426, 10.101456415479138, 11.719845310767127, -13.081566209204288, 14.124686901488085, 7.172030649935227, 4.7655027388011835]","[1.0791368974454358, 0.19148203281904616, 0.508181393592, 39.16574848635209, 6.965976156522414, 11.959516194933528, 11.506306097586755, -0.4363323129985822, 4.647980378697802, 7.228518027074726, 4.92309420425002]","[1.4508174768147026, 0.19868084092008, 0.338787595728, 33.064998596820004, 7.607366586, 10.0, 10.0, 0.8726646259971648, 1.7453292519943295, 5.0, 5.0]"
