held_out_condition,metric,threshold_train_q25,retained_fraction,mass_error_kept,mass_error_all,alpha_error_kept,alpha_error_all
clean,I_alpha,2573.851823587079,0.7741935483870968,0.018689341085421727,0.02773184518397212,0.34018329999868024,0.28052806754930854
initial_theta_offset,I_alpha,2573.851823587079,0.7714285714285715,0.0117513026257143,0.016944250858554086,0.46696837687193415,0.4432828289740206
noise,I_alpha,2573.851823587079,0.7731958762886598,0.0438178544484991,0.06771167814181371,0.8267615752557433,0.6895647899464034
noise_bias,I_alpha,2199.600345286911,0.8241758241758241,0.040303146110291205,0.05660942217150425,0.7433260522651838,0.6486093914315048
stronger_noise,I_alpha,1552.6433744407493,0.9537037037037037,0.16958142107757704,0.17710771837844755,1.8208739850148845,1.7625084501215729
mass_mismatch,I_alpha,6893.94151408757,0.5178571428571429,0.011967530089130147,0.00791979241554985,0.5779716327036809,0.4476115128168831
parameter_mismatch_low_k,I_alpha,2918.1772064665925,0.7058823529411765,0.019020970859254218,0.040845617580923275,0.4830642166600509,0.4482902473138995
parameter_mismatch_high_k,I_alpha,2231.8439337490936,0.8,0.09054022039990614,0.14177139727935456,1.7328580970563023,1.512325592866058
