{
  "passed": false,
  "selected": null,
  "baseline": {
    "parameter_error": 0.3375745426140726,
    "one_step": 0.03493133510023811,
    "multi_step": 0.18663357462523777,
    "alpha": 2.4126230841776484,
    "jitter": 426.0124633379428,
    "bound_hits": 0.02595238095238095
  },
  "candidates": [
    {
      "method": "windowed_nls_huber",
      "score": {
        "parameter_error": 0.47379557454273646,
        "one_step": 0.03851362918781075,
        "multi_step": 0.21694749376135125,
        "alpha": 2.886956611635892,
        "jitter": 475.69459610448365,
        "bound_hits": 0.03571428571428571
      },
      "coverage90": 0.26146384479717816,
      "checks": {
        "parameter_error_improved": false,
        "one_step_improved": false,
        "multi_step_improved": false,
        "alpha_improved": false,
        "jitter_acceptable": true,
        "bounds_acceptable": true,
        "uncertainty_directional": false
      },
      "passed": false
    },
    {
      "method": "windowed_nls_cauchy",
      "score": {
        "parameter_error": 0.4741580597849833,
        "one_step": 0.0384637246263143,
        "multi_step": 0.21652034591206226,
        "alpha": 2.8806152492455097,
        "jitter": 474.130465759957,
        "bound_hits": 0.03571428571428571
      },
      "coverage90": 0.2569444444444445,
      "checks": {
        "parameter_error_improved": false,
        "one_step_improved": false,
        "multi_step_improved": false,
        "alpha_improved": false,
        "jitter_acceptable": true,
        "bounds_acceptable": true,
        "uncertainty_directional": false
      },
      "passed": false
    }
  ]
}