arm,condition_id,condition_role,run_id,stage,lead,amplitude,peak,horizon,return_reverse,synchronous,status,failure_reason,J_F_task_n_s,J_F_session_n_s,baseline_J_F_task_n_s,benefit_n_s,duration_s,baseline_duration_s,duration_change_s,outbound_duration_s,return_duration_s,equal_segment_count,timing_isolated,mean_force_n,rms_force_n,peak_force_n,moment_integral_nm_s,moment_peak_nm,minimum_clearance_m,governor_delay_added_s,duration_search_count,rss_event_count,fallback_event_count,cost_0p5_n_s,cost_1p5_n_s,cost_outbound_n_s,short_benefit_0p5_n_s,short_benefit_1p5_n_s,outbound_benefit_n_s,elapsed_host_s
NATIVE,low_ordinary_early,discovery,coarse_low_ordinary_early_000_native,COARSE,-1,0.02,0.3,H1,False,False,VALID,,505.5161483652831,506.66354779994924,501.52181763151714,-3.994330733765935,5.600000000023824,5.560000000023633,0.040000000000190994,2.565,2.525,True,False,90.27074077951482,90.72747170132739,108.73924248367781,55.87454474828942,14.396652303670738,0.01530373085808914,0.0,0,0,0,41.28639439790385,133.92643185439172,241.8425131990116,-0.03322561231180288,-0.08449725953013854,-4.059895136912303,16.508350509000138
MATCHED,low_ordinary_early,discovery,coarse_low_ordinary_early_000_matched,COARSE,-1,0.02,0.3,H1,False,False,VALID,,599.1415026324701,600.2889020671363,599.0827734380309,-0.058729194439138155,6.650000000028838,6.650000000028838,0.0,3.0700000000000003,3.0700000000000003,True,True,90.0964665612737,90.48986577025227,106.2536114596336,66.5802644154398,13.818762415980387,0.017083111885742266,0.0,0,0,0,40.874813671573065,130.42839010560982,286.5611026552685,-0.020774223011642334,-0.053786336772219556,-0.058761329273693264,18.405551352000202
NATIVE,low_ordinary_early,discovery,coarse_low_ordinary_early_001_native,COARSE,1,0.02,0.5,H1,False,False,VALID,,500.51357142263896,501.66097085730513,501.52181763151714,1.0082462088781767,5.550000000023585,5.560000000023633,-0.010000000000047748,2.515,2.525,True,False,90.18262548155657,90.64020650102918,108.67571947299912,55.5181998708335,14.432599630969031,0.017435019426675937,0.0,0,0,0,41.21669079894403,133.77094660458596,236.66074147997477,0.03647798664801627,0.07098799027562563,1.1218765821245142,16.30081992600026
MATCHED,low_ordinary_early,discovery,coarse_low_ordinary_early_001_matched,COARSE,1,0.02,0.5,H1,False,False,VALID,,599.0220108198347,600.1694102545009,599.0827734380309,0.06076261819623596,6.650000000028838,6.650000000028838,0.0,3.0700000000000003,3.0700000000000003,True,True,90.07849786764432,90.47332018861223,106.25383023514155,66.59760713797826,13.797538093202089,0.017553894404643455,0.0,0,0,0,40.8328326866916,130.31820067946458,286.441543325216,0.021206761869819957,0.05640308937302052,0.06079800077878872,19.159107862999917
NATIVE,low_ordinary_early,discovery,coarse_low_ordinary_early_002_native,COARSE,-1,0.06,0.5,H1,False,False,VALID,,511.64067285086094,512.7880722855272,501.52181763151714,-10.1188552193438,5.660000000024111,5.560000000023633,0.10000000000047748,2.6350000000000002,2.515,True,False,90.39587859555849,90.85007169698818,108.5126645020234,56.295679960427194,14.33866851053085,0.009842849660195895,0.0,0,0,0,41.33860509745381,134.10304642677377,248.9019639131533,-0.0854363118617627,-0.26111183191218856,-11.119345851054021,16.25471118800033
MATCHED,low_ordinary_early,discovery,coarse_low_ordinary_early_002_matched,COARSE,-1,0.06,0.5,H1,False,False,VALID,,600.1298160799533,601.2772155146196,599.0827734380309,-1.0470426419224168,6.6600000000288855,6.650000000028838,0.010000000000047748,3.075,3.075,True,True,90.10958199398698,90.50142066941304,106.2511462338586,66.67474419131987,13.84321726140833,0.01164689992796852,0.0,0,0,0,40.92076850026049,130.49910560325733,287.1374253477918,-0.0667290516990704,-0.12450183441973195,-0.6350840217970131,18.461279790999924
NATIVE,low_ordinary_early,discovery,coarse_low_ordinary_early_003_native,COARSE,1,0.06,0.7,H1,False,False,VALID,,530.1025325438346,531.2499319785009,501.52181763151714,-28.58071491231749,5.880000000025161,5.560000000023633,0.32000000000152795,2.835,2.535,False,False,90.15349192922359,90.60616204827028,106.43205161475834,58.8260095526717,14.155381646631891,0.01634257764187105,0.0,0,0,0,40.81179526425004,131.64715154846922,265.5183621458845,0.44137352134200825,2.1947830463923594,-27.73574408378522,17.11460667700021
MATCHED,low_ordinary_early,discovery,coarse_low_ordinary_early_003_matched,COARSE,1,0.06,0.7,H1,False,False,VALID,,601.4307070250638,602.5781064597301,599.0827734380309,-2.3479335870329123,6.685000000029005,6.650000000028838,0.03500000000016712,3.1,3.075,True,False,89.96719626403348,90.37083682174783,106.24900932352435,67.09261704595642,13.747389938082982,0.017371686740469138,0.0,0,0,0,40.68639892149984,129.38516787890404,288.43784874791083,0.16764052706158594,0.98943588993356,-1.9355074219160429,19.220673141000134
NATIVE,low_ordinary_early,discovery,coarse_low_ordinary_early_004_native,COARSE,-1,0.12,0.7,H1,False,False,INFEASIBLE,NO_FEASIBLE_WAYPOINT:ValueError:COORDINATION_INFEASIBLE:target waypoint enters existing shank-table geometry (-23.948987 mm),,,501.52181763151714,,,5.560000000023633,,,,,False,,,,,,0.021624066604358307,0.0,0,0,0,,,,,,,2.6751866750000772
MATCHED,low_ordinary_early,discovery,coarse_low_ordinary_early_004_matched,COARSE,-1,0.12,0.7,H1,False,False,INFEASIBLE,NO_FEASIBLE_WAYPOINT:ValueError:COORDINATION_INFEASIBLE:target waypoint enters existing shank-table geometry (-23.948987 mm),,,599.0827734380309,,,6.650000000028838,,,,,False,,,,,,0.021624066604358307,0.0,0,0,0,,,,,,,2.8178240759998516
NATIVE,low_ordinary_early,discovery,coarse_low_ordinary_early_005_native,COARSE,1,0.12,0.3,H1,False,False,VALID,,519.1595129322436,520.3069123669098,501.52181763151714,-17.637695300726477,5.755000000024564,5.560000000023633,0.1950000000009311,2.715,2.5300000000000002,False,False,90.21016732098064,90.66254736624448,106.9374726706642,57.50322705263569,14.258292841071881,0.017664400257449666,0.0,0,0,0,40.941578387723695,132.56076850663433,254.97891590180066,0.3115903978683505,1.281166088227252,-17.196297839701373,16.421551543000078
MATCHED,low_ordinary_early,discovery,coarse_low_ordinary_early_005_matched,COARSE,1,0.12,0.3,H1,False,False,VALID,,599.9565450072387,601.1039444419049,599.0827734380309,-0.8737715692077472,6.665000000028909,6.650000000028838,0.015000000000071623,3.085,3.0700000000000003,True,True,90.01598574752268,90.41565880645275,106.24596908059209,66.82316590130465,13.759902212002073,0.017544038417478158,0.0,0,0,0,40.7394895621666,129.78933753051814,287.3758645304805,0.11454988639482622,0.5852662383194627,-0.8735232044857071,18.54276444800007
NATIVE,low_ordinary_early,discovery,coarse_low_ordinary_early_006_native,COARSE,-1,0.18,0.3,H1,False,False,INFEASIBLE,NO_FEASIBLE_WAYPOINT:ValueError:COORDINATION_INFEASIBLE:target waypoint enters existing shank-table geometry (-1.826096 mm),,,501.52181763151714,,,5.560000000023633,,,,,False,,,,,,0.021624066604358307,0.0,0,0,0,,,,,,,2.8390799059998244
MATCHED,low_ordinary_early,discovery,coarse_low_ordinary_early_006_matched,COARSE,-1,0.18,0.3,H1,False,False,INFEASIBLE,NO_FEASIBLE_WAYPOINT:ValueError:COORDINATION_INFEASIBLE:target waypoint enters existing shank-table geometry (-1.826096 mm),,,599.0827734380309,,,6.650000000028838,,,,,False,,,,,,0.021624066604358307,0.0,0,0,0,,,,,,,2.57248882399972
NATIVE,low_ordinary_early,discovery,coarse_low_ordinary_early_007_native,COARSE,1,0.18,0.5,H1,False,False,VALID,,525.483482633209,526.6308820678752,501.52181763151714,-23.961665001691813,5.830000000024922,5.560000000023633,0.2700000000012892,2.8000000000000003,2.52,False,False,90.1343881017511,90.58559605800008,105.53740437637221,58.40153230121451,14.156304257210152,0.017951305341025122,0.0,0,0,0,40.80376216553715,131.59973211149583,262.0914499508135,0.4494066200548943,2.242202483365759,-24.308831888714224,16.28946748999988
MATCHED,low_ordinary_early,discovery,coarse_low_ordinary_early_007_matched,COARSE,1,0.18,0.5,H1,False,False,VALID,,601.4096033159547,602.5570027506209,599.0827734380309,-2.3268298779237284,6.685000000029005,6.650000000028838,0.03500000000016712,3.1,3.075,True,False,89.96403938907324,90.36811939510848,106.24893009787516,67.09696148602833,13.746725046661751,0.01730166034092374,0.0,0,0,0,40.682280010012846,129.36477441803362,288.416743508604,0.17175943854857678,1.009829350803983,-1.9144021826091944,19.08777787000008
NATIVE,low_ordinary_early,discovery,coarse_low_ordinary_early_008_native,COARSE,-1,0.02,0.5,H3,False,False,VALID,,501.6872963299217,502.8346957645879,501.52181763151714,-0.16547869840456997,5.560000000023633,5.560000000023633,0.0,2.5300000000000002,2.52,True,False,90.23152811689239,90.68795061461198,108.7124538893145,55.542427647722974,14.3970645555907,0.014818716563157194,0.0,0,0,0,41.28857403478308,133.99196600894112,238.3294626511248,-0.0354052491910366,-0.15003141407953535,-0.5468445890255111,16.800012643000173
MATCHED,low_ordinary_early,discovery,coarse_low_ordinary_early_008_matched,COARSE,-1,0.02,0.5,H3,False,False,VALID,,600.2607399142094,601.4081393488756,599.0827734380309,-1.177966476178426,6.6600000000288855,6.650000000028838,0.010000000000047748,3.075,3.075,True,True,90.12924022735876,90.52280331915402,106.3057792294944,66.61995931054986,13.819257232059632,0.014698575740038976,0.0,0,0,0,40.87576651255359,130.5856086230098,287.25836652469627,-0.021727063992166507,-0.21100485417218806,-0.7560251987014794,18.93557289599994
NATIVE,low_ordinary_early,discovery,coarse_low_ordinary_early_009_native,COARSE,1,0.02,0.7,H3,False,False,VALID,,502.6041696151692,503.7515690498354,501.52181763151714,-1.0823519836520745,5.575000000023705,5.560000000023633,0.015000000000071623,2.54,2.525,True,False,90.15321428074783,90.61109740270078,108.53923944533499,55.79194260528455,14.36995257583417,0.01816823864138997,0.0,0,0,0,41.099214977466964,133.38473324220598,238.86671357665358,0.15395380812508108,0.457201352655602,-1.084095514554292,16.67001799799982
MATCHED,low_ordinary_early,discovery,coarse_low_ordinary_early_009_matched,COARSE,1,0.02,0.7,H3,False,False,VALID,,599.907249757474,601.0546491921402,599.0827734380309,-0.8244763194430789,6.665000000028909,6.650000000028838,0.015000000000071623,3.08,3.075,True,True,90.00858961102385,90.40480685012106,106.13266301558245,66.85462041232466,13.779267340143134,0.01790118933872167,0.0,0,0,0,40.7936271696197,129.86763634711912,286.9244752828095,0.06041227894172607,0.5069674217184854,-0.42213395681471866,18.586346993999996
NATIVE,low_ordinary_early,discovery,coarse_low_ordinary_early_010_native,COARSE,-1,0.06,0.7,H3,False,False,INFEASIBLE,NO_FEASIBLE_WAYPOINT:ValueError:COORDINATION_INFEASIBLE:target waypoint enters existing shank-table geometry (-2.184911 mm),,,501.52181763151714,,,5.560000000023633,,,,,False,,,,,,0.021624066604358307,0.0,0,0,0,,,,,,,2.6737038440001015
MATCHED,low_ordinary_early,discovery,coarse_low_ordinary_early_010_matched,COARSE,-1,0.06,0.7,H3,False,False,INFEASIBLE,NO_FEASIBLE_WAYPOINT:ValueError:COORDINATION_INFEASIBLE:target waypoint enters existing shank-table geometry (-2.184911 mm),,,599.0827734380309,,,6.650000000028838,,,,,False,,,,,,0.021624066604358307,0.0,0,0,0,,,,,,,2.8131006839998918
NATIVE,low_ordinary_early,discovery,coarse_low_ordinary_early_011_native,COARSE,1,0.06,0.3,H3,False,False,VALID,,507.30225684611173,508.4496562807779,501.52181763151714,-5.780439214594594,5.635000000023991,5.560000000023633,0.07500000000035811,2.6,2.525,True,False,90.02701984846703,90.47832376715287,107.50590607411401,56.644861006940936,14.370159460992241,0.015869240485355176,0.0,0,0,0,41.10144155877184,132.45644244856067,243.5836666535224,0.15172722682020634,1.385492146300919,-5.801048591423125,16.68085299700033
MATCHED,low_ordinary_early,discovery,coarse_low_ordinary_early_011_matched,COARSE,1,0.06,0.3,H3,False,False,VALID,,599.0575101889865,600.2049096236527,599.0827734380309,0.02526324904442845,6.665000000028909,6.650000000028838,0.015000000000071623,3.085,3.0700000000000003,True,True,89.88109680254861,90.27703663424978,106.51969359471025,67.13180034008916,13.779673232012861,0.01636284921353492,0.0,0,0,0,40.79458486713706,129.5439994921855,286.5285667120829,0.05945458142436166,0.8306042766521102,-0.026225386088128744,18.91795264600023
NATIVE,low_ordinary_early,discovery,coarse_low_ordinary_early_012_native,COARSE,-1,0.12,0.3,H3,False,False,INFEASIBLE,NO_FEASIBLE_WAYPOINT:ValueError:COORDINATION_INFEASIBLE:target waypoint enters existing shank-table geometry (-12.841624 mm),,,501.52181763151714,,,5.560000000023633,,,,,False,,,,,,0.0042081688345428055,0.0,0,0,0,,,,,,,4.050331034999999
MATCHED,low_ordinary_early,discovery,coarse_low_ordinary_early_012_matched,COARSE,-1,0.12,0.3,H3,False,False,INFEASIBLE,NO_FEASIBLE_WAYPOINT:ValueError:COORDINATION_INFEASIBLE:target waypoint enters existing shank-table geometry (-12.841624 mm),,,599.0827734380309,,,6.650000000028838,,,,,False,,,,,,0.004373945640862115,0.0,0,0,0,,,,,,,4.325343400000293
NATIVE,low_ordinary_early,discovery,coarse_low_ordinary_early_013_native,COARSE,1,0.12,0.5,H3,False,False,VALID,,510.6979148790616,511.8453143137278,501.52181763151714,-9.176097247544476,5.675000000024182,5.560000000023633,0.11500000000054911,2.64,2.525,True,False,89.99082200512098,90.44600443236457,107.47054508636022,57.03220786054736,14.258506959736698,0.015875733022680718,0.0,0,0,0,40.931352128960626,131.8557645120215,247.00235277387168,0.32181665663141956,1.98617008284009,-9.21973471177239,16.024556099000165
MATCHED,low_ordinary_early,discovery,coarse_low_ordinary_early_013_matched,COARSE,1,0.12,0.5,H3,False,False,VALID,,600.5050387770773,601.6524382117435,599.0827734380309,-1.422265339046362,6.685000000029005,6.650000000028838,0.03500000000016712,3.1,3.075,True,False,89.82872681781261,90.22830985049572,106.12867784130276,67.36557238294402,13.758422900710682,0.016058637002691164,0.0,0,0,0,40.73471304060267,128.87508124021815,287.5821800587971,0.11932640795875216,1.4995225286194511,-1.0798387328023296,18.987901886000145
NATIVE,low_ordinary_early,discovery,coarse_low_ordinary_early_014_native,COARSE,-1,0.18,0.5,H3,False,False,INFEASIBLE,NO_FEASIBLE_WAYPOINT:ValueError:COORDINATION_INFEASIBLE:target waypoint enters existing shank-table geometry (-2.798271 mm),,,501.52181763151714,,,5.560000000023633,,,,,False,,,,,,0.021624066604358307,0.0,0,0,0,,,,,,,2.6214756039998974
MATCHED,low_ordinary_early,discovery,coarse_low_ordinary_early_014_matched,COARSE,-1,0.18,0.5,H3,False,False,INFEASIBLE,NO_FEASIBLE_WAYPOINT:ValueError:COORDINATION_INFEASIBLE:target waypoint enters existing shank-table geometry (-2.798271 mm),,,599.0827734380309,,,6.650000000028838,,,,,False,,,,,,0.021624066604358307,0.0,0,0,0,,,,,,,2.6713625610000236
NATIVE,low_ordinary_early,discovery,coarse_low_ordinary_early_015_native,COARSE,1,0.18,0.7,H3,False,False,VALID,,536.2898329850393,537.4372324197055,501.52181763151714,-34.76801535352217,6.015000000025806,5.560000000023633,0.45500000000217256,2.98,2.525,True,False,89.15874197590013,89.647618195968,106.55650778211601,61.52063498716248,14.462667543119796,0.014307469587630264,0.0,0,0,0,40.47627920367405,125.37448079170471,272.72194997896645,0.7768895819179917,8.467453803156872,-34.93933191686716,17.082788516000164
MATCHED,low_ordinary_early,discovery,coarse_low_ordinary_early_015_matched,COARSE,1,0.18,0.7,H3,False,False,INFEASIBLE,NO_FEASIBLE_WAYPOINT:ValueError:MATCHED_PACING_INFEASIBLE:fixed-duration reference exceeds registered causal 20 ms acceleration limits,,,599.0827734380309,,,6.650000000028838,,,,,False,,,,,,0.021624066604358307,0.0,0,0,0,,,,,,,2.9887059459997545
NATIVE,low_ordinary_early,discovery,coarse_low_ordinary_early_016_native,COARSE,-1,0.02,0.7,H4,False,False,VALID,,506.80782976537273,507.9552292000389,501.52181763151714,-5.286012133855593,5.62000000002392,5.560000000023633,0.06000000000028649,2.545,2.565,True,False,90.17932913974605,90.63318194775692,108.70401904866638,56.21911237673106,14.337595667267573,0.011557366176018376,0.0,0,0,0,41.3346165458948,134.09246299698978,239.7624859492577,-0.08144776030275125,-0.2505284021281966,-1.979867887158406,15.72087665700019
MATCHED,low_ordinary_early,discovery,coarse_low_ordinary_early_016_matched,COARSE,-1,0.02,0.7,H4,False,False,VALID,,600.8838717179481,602.0312711526143,599.0827734380309,-1.8010982799171416,6.670000000028933,6.650000000028838,0.020000000000095497,3.08,3.08,True,True,90.08753698919762,90.4802216768429,106.36064951117463,66.81059813357672,13.842190568094683,0.011460476502654606,0.0,0,0,0,40.91888143221623,130.8005777411887,287.94890383187203,-0.06484198365480864,-0.4259739723511018,-1.446562505877239,18.765310479000163
NATIVE,low_ordinary_early,discovery,coarse_low_ordinary_early_017_native,COARSE,1,0.02,0.3,H4,True,False,VALID,,506.3749860018977,507.52238543656387,501.52181763151714,-4.853168370380558,5.6250000000239435,5.560000000023633,0.06500000000031037,2.54,2.575,True,False,90.0222197336707,90.48242551342217,108.241244593071,56.42707255145221,14.432879798124226,0.01757485972635869,0.0,0,0,0,41.218882103854725,133.46398697258533,238.89856102511567,0.034286681737320635,0.37794762227625256,-1.11594296301638,16.169301886000085
MATCHED,low_ordinary_early,discovery,coarse_low_ordinary_early_017_matched,COARSE,1,0.02,0.3,H4,True,False,VALID,,598.4145983930391,599.5619978277053,599.0827734380309,0.6681750449918127,6.655000000028862,6.650000000028838,0.005000000000023874,3.065,3.08,True,True,89.91954896965275,90.31913558272326,106.25067210663306,66.8707268790414,13.797984863142165,0.017634029813815757,0.0,0,0,0,40.83374138528439,130.19572148541306,285.6478538349526,0.020298063277031986,0.17888228342454227,0.854487491042164,18.567989063999903
NATIVE,low_ordinary_early,discovery,coarse_low_ordinary_early_018_native,COARSE,-1,0.06,0.3,H4,True,False,INFEASIBLE,NO_FEASIBLE_WAYPOINT:ValueError:COORDINATION_INFEASIBLE:target waypoint enters existing shank-table geometry (-3.216982 mm),,,501.52181763151714,,,5.560000000023633,,,,,False,,,,,,0.003411139895639512,0.0,0,0,0,,,,,,,5.005761936999988
MATCHED,low_ordinary_early,discovery,coarse_low_ordinary_early_018_matched,COARSE,-1,0.06,0.3,H4,True,False,INFEASIBLE,NO_FEASIBLE_WAYPOINT:ValueError:COORDINATION_INFEASIBLE:target waypoint enters existing shank-table geometry (-3.216982 mm),,,599.0827734380309,,,6.650000000028838,,,,,False,,,,,,0.0032025773655993935,0.0,0,0,0,,,,,,,5.701092478999726
NATIVE,low_ordinary_early,discovery,coarse_low_ordinary_early_019_native,COARSE,1,0.06,0.5,H4,False,False,VALID,,507.62653176609314,508.7739312007593,501.52181763151714,-6.104714134576,5.6250000000239435,5.560000000023633,0.06500000000031037,2.56,2.555,True,False,90.24471675841656,90.69461075493014,108.06914880639553,56.19182250646274,14.36960617240936,0.008071480441626516,0.0,0,0,0,41.09541398597412,133.06572245591173,240.53567882089786,0.15775479961792627,0.7762121389498589,-2.7530607587985685,16.906479898999805
MATCHED,low_ordinary_early,discovery,coarse_low_ordinary_early_019_matched,COARSE,1,0.06,0.5,H4,False,False,VALID,,601.4663873988384,602.6137868335046,599.0827734380309,-2.383613960807452,6.675000000028957,6.650000000028838,0.02500000000011937,3.075,3.09,True,True,90.10732395488216,90.5015385994109,106.13535834747212,66.82588989505763,13.77857673942639,0.00804937840131113,0.0,0,0,0,40.791992773910664,129.76105034723608,286.2019450766227,0.06204667465075886,0.613553421601523,0.3003962493721133,19.110437493000063
NATIVE,low_ordinary_early,discovery,coarse_low_ordinary_early_020_native,COARSE,-1,0.12,0.5,H4,False,False,INFEASIBLE,NO_FEASIBLE_WAYPOINT:ValueError:COORDINATION_INFEASIBLE:target waypoint enters existing shank-table geometry (-3.462038 mm),,,501.52181763151714,,,5.560000000023633,,,,,False,,,,,,0.0034492418004796925,0.0,0,0,0,,,,,,,4.054088274999685
MATCHED,low_ordinary_early,discovery,coarse_low_ordinary_early_020_matched,COARSE,-1,0.12,0.5,H4,False,False,INFEASIBLE,NO_FEASIBLE_WAYPOINT:ValueError:COORDINATION_INFEASIBLE:target waypoint enters existing shank-table geometry (-3.462038 mm),,,599.0827734380309,,,6.650000000028838,,,,,False,,,,,,0.0036478550491056737,0.0,0,0,0,,,,,,,4.199696334999771
NATIVE,low_ordinary_early,discovery,coarse_low_ordinary_early_021_native,COARSE,1,0.12,0.7,H4,True,False,VALID,,543.0484272712245,544.1958267058907,501.52181763151714,-41.52660963970732,6.095000000026188,5.560000000023633,0.5350000000025545,2.8000000000000003,2.785,True,False,89.09736296492608,89.56840036679131,107.06441513316575,62.61639422404987,14.15400784279383,0.015804218799665145,0.0,0,0,0,40.58686161538813,128.93150509248665,259.15478300857984,0.6663071702039147,4.910429502374939,-21.372164946480552,17.0011176590001
MATCHED,low_ordinary_early,discovery,coarse_low_ordinary_early_021_matched,COARSE,1,0.12,0.7,H4,True,False,VALID,,603.3937815397658,604.541180974432,599.0827734380309,-4.311008101734842,6.7800000000294585,6.650000000028838,0.13000000000062073,3.16,3.11,True,False,88.99613297046695,89.42459710657842,105.79231729046738,69.73630321877869,13.76169301315007,0.015835782418805646,0.0,0,0,0,40.5605836893226,126.42031797945842,291.0431397234361,0.2934557592388245,3.9542857893791847,-4.5407983974413355,19.159893137999916
NATIVE,low_ordinary_early,discovery,coarse_low_ordinary_early_022_native,COARSE,-1,0.18,0.7,H4,True,False,INFEASIBLE,NO_FEASIBLE_WAYPOINT:ValueError:COORDINATION_INFEASIBLE:target waypoint enters existing shank-table geometry (-45.610359 mm),,,501.52181763151714,,,5.560000000023633,,,,,False,,,,,,0.021624066604358307,0.0,0,0,0,,,,,,,2.651409600000079
MATCHED,low_ordinary_early,discovery,coarse_low_ordinary_early_022_matched,COARSE,-1,0.18,0.7,H4,True,False,INFEASIBLE,NO_FEASIBLE_WAYPOINT:ValueError:COORDINATION_INFEASIBLE:target waypoint enters existing shank-table geometry (-45.610359 mm),,,599.0827734380309,,,6.650000000028838,,,,,False,,,,,,0.021624066604358307,0.0,0,0,0,,,,,,,2.7146408849998807
NATIVE,low_ordinary_early,discovery,coarse_low_ordinary_early_023_native,COARSE,1,0.18,0.3,H4,False,False,INFEASIBLE,NO_FEASIBLE_WAYPOINT:ValueError:MATCHED_PACING_INFEASIBLE:baseline waypoint count exhausted,,,501.52181763151714,,,5.560000000023633,,,,,False,,,,,,0.01268480585494158,0.0,0,0,0,,,,,,,9.768609318000017
MATCHED,low_ordinary_early,discovery,coarse_low_ordinary_early_023_matched,COARSE,1,0.18,0.3,H4,False,False,INFEASIBLE,NO_FEASIBLE_WAYPOINT:ValueError:MATCHED_PACING_INFEASIBLE:fixed-duration reference exceeds registered causal 20 ms acceleration limits,,,599.0827734380309,,,6.650000000028838,,,,,False,,,,,,0.021624066604358307,0.0,0,0,0,,,,,,,8.456781201000013
NATIVE,low_ordinary_early,discovery,coarse_low_ordinary_early_024_native,COARSE,-1,0.06,0.3,H2,False,False,INFEASIBLE,NO_FEASIBLE_WAYPOINT:ValueError:COORDINATION_INFEASIBLE:target waypoint enters existing shank-table geometry (-3.216982 mm),,,501.52181763151714,,,5.560000000023633,,,,,False,,,,,,0.003411139895639512,0.0,0,0,0,,,,,,,4.998018081999817
MATCHED,low_ordinary_early,discovery,coarse_low_ordinary_early_024_matched,COARSE,-1,0.06,0.3,H2,False,False,INFEASIBLE,NO_FEASIBLE_WAYPOINT:ValueError:COORDINATION_INFEASIBLE:target waypoint enters existing shank-table geometry (-3.216982 mm),,,599.0827734380309,,,6.650000000028838,,,,,False,,,,,,0.0032025773655993935,0.0,0,0,0,,,,,,,5.409304926000004
NATIVE,low_ordinary_early,discovery,coarse_low_ordinary_early_025_native,COARSE,1,0.06,0.5,H2,False,False,VALID,,512.678668238019,513.8260676726852,501.52181763151714,-11.156850606501848,5.680000000024206,5.560000000023633,0.12000000000057298,2.65,2.52,False,False,90.2603289151442,90.70988341928765,106.98570238449253,56.72841393700792,14.36960617240936,0.01776522674637487,0.0,0,0,0,41.09541398597412,133.06708304480162,249.31903244402992,0.15775479961792627,0.7748515500599638,-11.536414381930626,16.88304997100022
MATCHED,low_ordinary_early,discovery,coarse_low_ordinary_early_025_matched,COARSE,1,0.06,0.5,H2,False,False,VALID,,599.2789687743234,600.4263682089896,599.0827734380309,-0.19619533629247599,6.6600000000288855,6.650000000028838,0.010000000000047748,3.075,3.075,True,True,89.98182714329181,90.37895794010694,105.85678216297185,66.84897447690074,13.77857673942639,0.017392667999062996,0.0,0,0,0,40.791992773910664,129.76105034723608,286.2880788954458,0.06204667465075886,0.613553421601523,0.21426243054901306,18.955870729999788
NATIVE,low_ordinary_early,discovery,coarse_low_ordinary_early_026_native,COARSE,0,0.0,0.5,H4,False,True,VALID,,508.6768245082894,509.8242239429556,501.52181763151714,-7.1550068767722905,5.630000000023967,5.560000000023633,0.07000000000033424,2.59,2.5300000000000002,True,False,90.35112335848835,90.80731505205645,108.8731397853455,56.06586438980558,14.437137436749847,0.012379450127219981,0.0,0,0,0,41.25013262697789,133.90705448805076,244.45390333938536,0.0030361586141580688,-0.06511989318917699,-6.671285277286074,16.882890040999882
MATCHED,low_ordinary_early,discovery,coarse_low_ordinary_early_026_matched,COARSE,0,0.0,0.5,H4,False,True,INFEASIBLE,NO_FEASIBLE_WAYPOINT:ValueError:MATCHED_PACING_INFEASIBLE:fixed-duration reference exceeds registered causal 20 ms acceleration limits,,,599.0827734380309,,,6.650000000028838,,,,,False,,,,,,0.01367068520318183,0.0,0,0,0,,,,,,,9.552392647000033
NATIVE,low_ordinary_late,refinement,coarse_low_ordinary_late_000_native,COARSE,-1,0.02,0.3,H1,False,False,VALID,,505.1415920829211,506.28877443444514,501.541080919274,-3.60051116364707,5.594999999867696,5.5599999998685234,0.03499999999917236,2.56,2.52,True,False,90.28446686021826,90.74168360795244,108.76267340901623,55.804173387590545,14.394413057632551,0.015539531999373992,0.0,0,0,0,41.27692042545085,133.93768145947527,241.37502468901084,-0.033189968734689046,-0.07880745192153427,-4.042342046780902,19.531397163999827
MATCHED,low_ordinary_late,refinement,coarse_low_ordinary_late_000_matched,COARSE,-1,0.02,0.3,H1,False,False,VALID,,600.52366199613,601.6708443476541,600.4652341951532,-0.058427800976801336,6.664999999842394,6.664999999842394,0.0,3.075,3.075,True,True,90.10107456806152,90.4950797060474,106.25578955216208,66.71255898885991,13.817915676752135,0.017374164464464183,0.0,0,0,0,40.86647505366577,130.3834411563136,287.00459504701155,-0.020859372322199476,-0.053531532384113234,-0.05850643995461269,20.907337550000193
NATIVE,low_ordinary_late,refinement,coarse_low_ordinary_late_001_native,COARSE,1,0.02,0.5,H1,False,False,VALID,,501.39087378543826,502.5380561369623,501.541080919274,0.15020713383574957,5.5599999998685234,5.5599999998685234,0.0,2.52,2.525,True,False,90.17821470961121,90.63665886714816,108.71001476757692,55.61182271444828,14.434746581452135,0.017484837579180203,0.0,0,0,0,41.20732921058106,133.7129970923785,237.07281578497782,0.03640124613509954,0.1458769151752506,0.25986685725212055,19.723407153999688
MATCHED,low_ordinary_late,refinement,coarse_low_ordinary_late_001_matched,COARSE,1,0.02,0.5,H1,False,False,VALID,,600.4047548388257,601.5519371903498,600.4652341951532,0.06047935632750523,6.664999999842394,6.664999999842394,0.0,3.075,3.075,True,True,90.08323403433245,90.47868763885013,106.25593262617176,66.73008446600056,13.798760885045736,0.01773056560756729,0.0,0,0,0,40.82431937535865,130.27384156832596,286.88556437573243,0.021296305984925823,0.05606805560353223,0.06052423132450713,21.627452705999985
NATIVE,low_ordinary_late,refinement,coarse_low_ordinary_late_002_native,COARSE,-1,0.06,0.5,H1,False,False,VALID,,511.24823343931814,512.3954157908422,501.541080919274,-9.707152520044133,5.654999999866277,5.5599999998685234,0.09499999999775355,2.63,2.5100000000000002,True,False,90.40640732790771,90.86109700965746,108.52922798522408,56.22836206900802,14.336928660803686,0.010175485411608797,0.0,0,0,0,41.329320122401114,134.1034267518443,248.42047947138119,-0.08558966568495663,-0.24455274429055862,-11.087796829151245,19.185427813999922
MATCHED,low_ordinary_late,refinement,coarse_low_ordinary_late_002_matched,COARSE,-1,0.06,0.5,H1,False,False,VALID,,601.539862307439,602.687044658963,600.4652341951532,-1.0746281122857226,6.674999999842157,6.664999999842394,0.009999999999763531,3.085,3.075,True,True,90.11833143182608,90.51051060613203,106.25544407801694,66.8035566087161,13.840418892138455,0.011953379584927506,0.0,0,0,0,40.91257781234539,130.40186013957714,288.0211368879492,-0.0669621310018158,-0.07195051564764299,-1.075048280892247,21.222324495000066
NATIVE,low_ordinary_late,refinement,coarse_low_ordinary_late_003_native,COARSE,1,0.06,0.7,H1,False,False,VALID,,525.5037259475847,526.6509082991088,501.541080919274,-23.962645028310703,5.829999999862139,5.5599999998685234,0.26999999999361535,2.795,2.52,False,False,90.13786036836788,90.59016490550135,105.67821330931412,58.38525461173748,14.158964236038857,0.018016402714096182,0.0,0,0,0,40.80487095502929,131.65251742719673,261.6562647520067,0.4388595016868706,2.20635658035701,-24.323582109776737,19.75004559199988
MATCHED,low_ordinary_late,refinement,coarse_low_ordinary_late_003_matched,COARSE,1,0.06,0.7,H1,False,False,VALID,,602.8053534217877,603.9525357733118,600.4652341951532,-2.3401192266344424,6.699999999841566,6.664999999842394,0.03499999999917236,3.11,3.075,True,False,89.97094827190861,90.37535202396816,106.25326138751137,67.22601350432248,13.75246473443161,0.01767713169020049,0.0,0,0,0,40.67698953033234,129.25811347841358,289.2873499057169,0.16862615101123168,1.0717961455159184,-2.3412612986599584,21.643191839999417
NATIVE,low_ordinary_late,refinement,coarse_low_ordinary_late_004_native,COARSE,-1,0.12,0.7,H1,False,False,INFEASIBLE,NO_FEASIBLE_WAYPOINT:ValueError:COORDINATION_INFEASIBLE:target waypoint enters existing shank-table geometry (-23.744062 mm),,,501.541080919274,,,5.5599999998685234,,,,,False,,,,,,0.02183675925820255,0.0,0,0,0,,,,,,,5.776518261000092
MATCHED,low_ordinary_late,refinement,coarse_low_ordinary_late_004_matched,COARSE,-1,0.12,0.7,H1,False,False,INFEASIBLE,NO_FEASIBLE_WAYPOINT:ValueError:COORDINATION_INFEASIBLE:target waypoint enters existing shank-table geometry (-23.744062 mm),,,600.4652341951532,,,6.664999999842394,,,,,False,,,,,,0.02183675925820255,0.0,0,0,0,,,,,,,5.68371280699921
NATIVE,low_ordinary_late,refinement,coarse_low_ordinary_late_005_native,COARSE,1,0.12,0.3,H1,False,False,VALID,,519.1699002813228,520.3170826328469,501.541080919274,-17.62881936204883,5.754999999863912,5.5599999998685234,0.19499999999538886,2.71,2.5300000000000002,False,False,90.21197224697181,90.6653236194918,107.01799659327966,57.49389441125797,14.259494482679898,0.017651686009724273,0.0,0,0,0,40.93433942773255,132.58274027200355,254.51458634288403,0.3093910289836046,1.2761337355501894,-17.18190370065409,19.01064447599947
MATCHED,low_ordinary_late,refinement,coarse_low_ordinary_late_005_matched,COARSE,1,0.12,0.3,H1,False,False,VALID,,601.7462359832033,602.8934183347274,600.4652341951532,-1.2810017880500482,6.684999999841921,6.664999999842394,0.019999999999527063,3.095,3.075,True,True,90.01439580900573,90.41478021881905,106.25483213518518,67.01402578128437,13.764406165501146,0.017723451418939228,0.0,0,0,0,40.73043373458029,129.66174497049,288.22740417593565,0.11518194676328619,0.6681646534395043,-1.2813155688787106,21.61077935100002
NATIVE,low_ordinary_late,refinement,coarse_low_ordinary_late_006_native,COARSE,-1,0.18,0.3,H1,False,False,INFEASIBLE,NO_FEASIBLE_WAYPOINT:ValueError:COORDINATION_INFEASIBLE:target waypoint enters existing shank-table geometry (-1.628205 mm),,,501.541080919274,,,5.5599999998685234,,,,,False,,,,,,0.02183675925820255,0.0,0,0,0,,,,,,,5.701117546000205
MATCHED,low_ordinary_late,refinement,coarse_low_ordinary_late_006_matched,COARSE,-1,0.18,0.3,H1,False,False,INFEASIBLE,NO_FEASIBLE_WAYPOINT:ValueError:COORDINATION_INFEASIBLE:target waypoint enters existing shank-table geometry (-1.628205 mm),,,600.4652341951532,,,6.664999999842394,,,,,False,,,,,,0.02183675925820255,0.0,0,0,0,,,,,,,5.522063774999879
NATIVE,low_ordinary_late,refinement,coarse_low_ordinary_late_007_native,COARSE,1,0.18,0.5,H1,False,False,VALID,,526.3182711301397,527.4654534816638,501.541080919274,-24.777190210865683,5.839999999861902,5.5599999998685234,0.2799999999933789,2.8000000000000003,2.525,False,False,90.12299163187325,90.57582409661943,105.65754035288978,58.498669310920135,14.159964540654975,0.01800992248719171,0.0,0,0,0,40.79676743150734,131.60561443938172,262.0786817363253,0.4469630252088166,2.2532595681720125,-24.74599909409534,19.188585880000574
MATCHED,low_ordinary_late,refinement,coarse_low_ordinary_late_007_matched,COARSE,1,0.18,0.5,H1,False,False,VALID,,602.7837914838788,603.9309738354028,600.4652341951532,-2.318557288725515,6.699999999841566,6.664999999842394,0.03499999999917236,3.11,3.075,True,False,89.9677300722207,90.37257759789415,106.25317085751193,67.23039193648437,13.751968898940119,0.017611456950516215,0.0,0,0,0,40.672796592740625,129.23743890134787,289.2658631225239,0.17281908860294948,1.0924707225816235,-2.3197745154669747,22.230017912999756
NATIVE,low_ordinary_late,refinement,coarse_low_ordinary_late_008_native,COARSE,-1,0.02,0.5,H3,False,False,VALID,,502.17650221856104,503.3236845700851,501.541080919274,-0.6354212992870316,5.564999999868405,5.5599999998685234,0.004999999999881766,2.5300000000000002,2.52,True,False,90.23836517853748,90.69541578802712,108.73999631541268,55.57500355011025,14.394772092576183,0.015158243786220073,0.0,0,0,0,41.27907337226684,134.00775109563767,238.35079398017928,-0.035342915550685916,-0.1488770880839354,-1.0181113379493354,18.91283712600034
MATCHED,low_ordinary_late,refinement,coarse_low_ordinary_late_008_matched,COARSE,-1,0.02,0.5,H3,False,False,VALID,,588.4145315040325,589.5617138555566,600.4652341951532,12.050702691120705,6.5399999998453495,6.664999999842394,-0.12499999999704414,2.95,3.075,False,False,89.97164090275729,90.36646632124283,106.29674669109077,65.67485044672488,13.818360769084226,0.014922721044621608,0.0,0,0,0,40.867426175687754,130.54074676790623,274.8722891404964,-0.021810494344180142,-0.21083714397673248,12.073799466560558,21.935397715000363
NATIVE,low_ordinary_late,refinement,coarse_low_ordinary_late_009_native,COARSE,1,0.02,0.7,H3,False,False,VALID,,503.03794650914597,504.18512886067003,501.541080919274,-1.496865589871959,5.5799999998680505,5.5599999998685234,0.019999999999527063,2.54,2.525,True,False,90.15016962529498,90.6092647209136,108.58910229272865,55.835081591486855,14.372010209949282,0.018176153541189174,0.0,0,0,0,41.09094637778359,133.34983369660628,238.82964897493432,0.1527840789325694,0.509040310947455,-1.4969663327043747,19.368164108999736
MATCHED,low_ordinary_late,refinement,coarse_low_ordinary_late_009_matched,COARSE,1,0.02,0.7,H3,False,False,VALID,,599.8328126692816,600.9799950208056,600.4652341951532,0.6324215258716777,6.664999999842394,6.664999999842394,0.0,3.075,3.075,True,True,89.99742125570614,90.39469367340746,106.16896406007865,66.85873695537882,13.782985358095528,0.017969742607529145,0.0,0,0,0,40.78493843568426,129.74109578891918,286.32278057637376,0.06067724565931343,0.5888138350103134,0.6233080306831766,21.150491288000012
NATIVE,low_ordinary_late,refinement,coarse_low_ordinary_late_010_native,COARSE,-1,0.06,0.7,H3,False,False,INFEASIBLE,NO_FEASIBLE_WAYPOINT:ValueError:COORDINATION_INFEASIBLE:target waypoint enters existing shank-table geometry (-1.976469 mm),,,501.541080919274,,,5.5599999998685234,,,,,False,,,,,,0.02183675925820255,0.0,0,0,0,,,,,,,5.586629313999765
MATCHED,low_ordinary_late,refinement,coarse_low_ordinary_late_010_matched,COARSE,-1,0.06,0.7,H3,False,False,INFEASIBLE,NO_FEASIBLE_WAYPOINT:ValueError:COORDINATION_INFEASIBLE:target waypoint enters existing shank-table geometry (-1.976469 mm),,,600.4652341951532,,,6.664999999842394,,,,,False,,,,,,0.02183675925820255,0.0,0,0,0,,,,,,,5.399324478999915
NATIVE,low_ordinary_late,refinement,coarse_low_ordinary_late_011_native,COARSE,1,0.06,0.3,H3,False,False,VALID,,508.8245369190918,509.9717192706159,501.541080919274,-7.283455999817818,5.649999999866395,5.5599999998685234,0.08999999999787178,2.61,2.525,True,False,90.05744016267111,90.51075658541022,107.66701731448097,56.74187626328881,14.372162641365218,0.014862172650944552,0.0,0,0,0,41.093094169745754,132.44269911519075,244.69129982317583,0.15063628697040343,1.4161748923629887,-7.358617180945885,18.826680993999616
MATCHED,low_ordinary_late,refinement,coarse_low_ordinary_late_011_matched,COARSE,1,0.06,0.3,H3,False,False,VALID,,601.262066850022,602.4092492015461,600.4652341951532,-0.7968326548688083,6.6899999998418025,6.664999999842394,0.02499999999940883,3.1,3.075,True,True,89.87474840807505,90.27134469750935,106.6385795237032,67.38691294919218,13.783335248616321,0.015291812001533674,0.0,0,0,0,40.78587249835549,129.36481428666963,287.84160679706036,0.05974318298808612,0.9650953372598678,-0.895518190003429,22.000856413999827
NATIVE,low_ordinary_late,refinement,coarse_low_ordinary_late_012_native,COARSE,-1,0.12,0.3,H3,False,False,INFEASIBLE,NO_FEASIBLE_WAYPOINT:ValueError:COORDINATION_INFEASIBLE:target waypoint enters existing shank-table geometry (-12.632535 mm),,,501.541080919274,,,5.5599999998685234,,,,,False,,,,,,0.004574343290190475,0.0,0,0,0,,,,,,,6.774592744000074
MATCHED,low_ordinary_late,refinement,coarse_low_ordinary_late_012_matched,COARSE,-1,0.12,0.3,H3,False,False,INFEASIBLE,NO_FEASIBLE_WAYPOINT:ValueError:COORDINATION_INFEASIBLE:target waypoint enters existing shank-table geometry (-12.632535 mm),,,600.4652341951532,,,6.664999999842394,,,,,False,,,,,,0.004731673997314859,0.0,0,0,0,,,,,,,6.907939777000138
NATIVE,low_ordinary_late,refinement,coarse_low_ordinary_late_013_native,COARSE,1,0.12,0.5,H3,False,False,VALID,,510.229778521674,511.3769608731981,501.541080919274,-8.688697602399998,5.669999999865922,5.5599999998685234,0.10999999999739885,2.63,2.525,True,False,89.9876152595545,90.44383261928154,107.58033335503855,56.98085378136912,14.259927901773933,0.016008400542177167,0.0,0,0,0,40.924202100371325,131.81718417268297,245.99350213644047,0.3195283563448328,2.041689834870766,-8.660819494210529,19.573219636999966
MATCHED,low_ordinary_late,refinement,coarse_low_ordinary_late_013_matched,COARSE,1,0.12,0.5,H3,False,False,VALID,,600.8659338092045,602.0131161607286,600.4652341951532,-0.40069961405129106,6.6899999998418025,6.664999999842394,0.02499999999940883,3.1,3.075,True,True,89.81553569644312,90.215967045912,106.20676734651983,67.42315006122234,13.763146528031681,0.016150633434198033,0.0,0,0,0,40.72565045948441,128.69691760866368,287.4139828121612,0.11996522185916092,1.6329920152658133,-0.46789420510424407,24.228202244000386
NATIVE,low_ordinary_late,refinement,coarse_low_ordinary_late_014_native,COARSE,-1,0.18,0.5,H3,False,False,INFEASIBLE,NO_FEASIBLE_WAYPOINT:ValueError:COORDINATION_INFEASIBLE:target waypoint enters existing shank-table geometry (-2.595468 mm),,,501.541080919274,,,5.5599999998685234,,,,,False,,,,,,0.02183675925820255,0.0,0,0,0,,,,,,,5.490321967999989
MATCHED,low_ordinary_late,refinement,coarse_low_ordinary_late_014_matched,COARSE,-1,0.18,0.5,H3,False,False,INFEASIBLE,NO_FEASIBLE_WAYPOINT:ValueError:COORDINATION_INFEASIBLE:target waypoint enters existing shank-table geometry (-2.595468 mm),,,600.4652341951532,,,6.664999999842394,,,,,False,,,,,,0.02183675925820255,0.0,0,0,0,,,,,,,5.377825692999977
NATIVE,low_ordinary_late,refinement,coarse_low_ordinary_late_015_native,COARSE,1,0.18,0.7,H3,False,False,VALID,,555.6925960150436,556.8397783665677,501.541080919274,-54.15151509576958,6.264999999851852,5.5599999998685234,0.704999999983329,3.225,2.525,True,False,88.69794030567334,89.19516462317641,106.75918370169026,64.48657406291423,14.573982274661539,0.014675483125989316,0.0,0,0,0,40.46258500238923,121.40991917413459,291.49053212387184,0.781145454326925,12.448954833419151,-54.157849481641904,21.012996356999793
MATCHED,low_ordinary_late,refinement,coarse_low_ordinary_late_015_matched,COARSE,1,0.18,0.7,H3,False,False,INFEASIBLE,NO_FEASIBLE_WAYPOINT:ValueError:MATCHED_PACING_INFEASIBLE:fixed-duration reference exceeds registered causal 20 ms acceleration limits,,,600.4652341951532,,,6.664999999842394,,,,,False,,,,,,0.02183675925820255,0.0,0,0,0,,,,,,,5.618040624000059
NATIVE,low_ordinary_late,refinement,coarse_low_ordinary_late_016_native,COARSE,-1,0.02,0.7,H4,False,False,VALID,,506.8232425043093,507.97042485583336,501.541080919274,-5.282161585035283,5.619999999867105,5.5599999998685234,0.05999999999858119,2.54,2.565,True,False,90.18207161998386,90.63701460798467,108.73907358210086,56.204494874652795,14.335956191688839,0.011918838226731506,0.0,0,0,0,41.32532174263177,134.10375273531406,239.30824184958,-0.08159128591561426,-0.24487872776032305,-1.9755592073500736,19.042886678000286
MATCHED,low_ordinary_late,refinement,coarse_low_ordinary_late_016_matched,COARSE,-1,0.02,0.7,H4,False,False,VALID,,588.9900880205788,590.1372703721029,600.4652341951532,11.475146174574434,6.549999999845113,6.664999999842394,-0.11499999999728061,2.955,3.08,False,False,89.92215084283646,90.3161292686461,106.34953636701609,65.87312266667749,13.839432390553032,0.011798692824939474,0.0,0,0,0,40.910668415906635,130.80581952039577,275.58628167659924,-0.06505273456306071,-0.4759098964662769,11.359806930457694,22.30008096900019
NATIVE,low_ordinary_late,refinement,coarse_low_ordinary_late_017_native,COARSE,1,0.02,0.3,H4,True,False,VALID,,507.6848043140582,508.8319866655823,501.541080919274,-6.143723394784217,5.639999999866632,5.5599999998685234,0.07999999999810825,2.545,2.58,True,False,90.01503622589686,90.47661016073877,108.21392670536189,56.571027764998945,14.434977056688387,0.01730784223855519,0.0,0,0,0,41.20949349468553,133.42702069858026,239.3669854952146,0.03423696203062576,0.43185330897347285,-2.0343028529846663,18.941023768000377
MATCHED,low_ordinary_late,refinement,coarse_low_ordinary_late_017_matched,COARSE,1,0.02,0.3,H4,True,False,VALID,,599.3258075289965,600.4729898805206,600.4652341951532,1.1394266661567372,6.664999999842394,6.664999999842394,0.0,3.075,3.075,True,True,89.92135146721628,90.32121332507225,106.29459960539322,66.96531854943163,13.799160859434673,0.017347663110527625,0.0,0,0,0,40.82522710637996,130.0982148590094,286.51960011110225,0.02038857496361146,0.23169476492009267,0.4264884959546862,21.418652190000103
NATIVE,low_ordinary_late,refinement,coarse_low_ordinary_late_018_native,COARSE,-1,0.06,0.3,H4,True,False,INFEASIBLE,NO_FEASIBLE_WAYPOINT:ValueError:COORDINATION_INFEASIBLE:target waypoint enters existing shank-table geometry (-3.102065 mm),,,501.541080919274,,,5.5599999998685234,,,,,False,,,,,,0.003675124968401858,0.0,0,0,0,,,,,,,8.463798928999495
MATCHED,low_ordinary_late,refinement,coarse_low_ordinary_late_018_matched,COARSE,-1,0.06,0.3,H4,True,False,INFEASIBLE,NO_FEASIBLE_WAYPOINT:ValueError:COORDINATION_INFEASIBLE:target waypoint enters existing shank-table geometry (-3.102065 mm),,,600.4652341951532,,,6.664999999842394,,,,,False,,,,,,0.0034332585258553374,0.0,0,0,0,,,,,,,8.454982289999862
NATIVE,low_ordinary_late,refinement,coarse_low_ordinary_late_019_native,COARSE,1,0.06,0.5,H4,False,False,VALID,,507.96664630784204,509.1138286593661,501.541080919274,-6.425565388568032,5.629999999866868,5.5599999998685234,0.06999999999834472,2.565,2.5500000000000003,True,False,90.22498158220995,90.67651546714654,108.1318825445559,56.248415866047814,14.34480828567908,0.008236240538809319,0.0,0,0,0,41.076428962187244,132.9592805537732,240.89376267398416,0.16730149452891396,0.8995934537805397,-3.5610800317542157,18.168266143999972
MATCHED,low_ordinary_late,refinement,coarse_low_ordinary_late_019_matched,COARSE,1,0.06,0.5,H4,False,False,VALID,,602.8085403462139,603.955722697738,600.4652341951532,-2.3433061510606876,6.6899999998418025,6.664999999842394,0.02499999999940883,3.08,3.095,True,True,90.10591036565228,90.49989566702632,106.18048926493528,66.97645825192077,13.782366552840493,0.008214712098452214,0.0,0,0,0,40.78328090591814,129.58193242428615,286.5185359180235,0.062334775425433975,0.7479771996433442,0.4275526890334618,21.129123286000322
NATIVE,low_ordinary_late,refinement,coarse_low_ordinary_late_020_native,COARSE,-1,0.12,0.5,H4,False,False,INFEASIBLE,NO_FEASIBLE_WAYPOINT:ValueError:COORDINATION_INFEASIBLE:target waypoint enters existing shank-table geometry (-3.245248 mm),,,501.541080919274,,,5.5599999998685234,,,,,False,,,,,,0.003828504054358789,0.0,0,0,0,,,,,,,6.843991095999627
MATCHED,low_ordinary_late,refinement,coarse_low_ordinary_late_020_matched,COARSE,-1,0.12,0.5,H4,False,False,INFEASIBLE,NO_FEASIBLE_WAYPOINT:ValueError:COORDINATION_INFEASIBLE:target waypoint enters existing shank-table geometry (-3.245248 mm),,,600.4652341951532,,,6.664999999842394,,,,,False,,,,,,0.004015438873425367,0.0,0,0,0,,,,,,,7.722320670000045
NATIVE,low_ordinary_late,refinement,coarse_low_ordinary_late_021_native,COARSE,1,0.12,0.7,H4,True,False,VALID,,542.119168930789,543.266351282313,501.541080919274,-40.57808801151498,6.084999999856109,5.5599999998685234,0.5249999999875854,2.795,2.775,True,False,89.09107131155119,89.56323156875987,107.19996199158528,62.493709410357255,14.16062877188123,0.016041684620618304,0.0,0,0,0,40.577168129010374,128.89933198414673,258.62248269463214,0.6665623277057833,4.9595420234070104,-21.2898000524022,19.595750837000196
MATCHED,low_ordinary_late,refinement,coarse_low_ordinary_late_021_matched,COARSE,1,0.12,0.7,H4,True,False,VALID,,603.2272401862963,604.3744225378204,600.4652341951532,-2.7620059911430417,6.779999999839674,6.664999999842394,0.11499999999728061,3.15,3.115,True,False,88.97156934901125,89.40093471495429,105.88814590569434,69.74531209105426,13.768398386861728,0.016062505589340217,0.0,0,0,0,40.5495140761606,126.38178845953755,290.03111771196484,0.2961016051829759,3.9481211643919494,-3.0850291049079033,21.714099288000398
NATIVE,low_ordinary_late,refinement,coarse_low_ordinary_late_022_native,COARSE,-1,0.18,0.7,H4,True,False,INFEASIBLE,NO_FEASIBLE_WAYPOINT:ValueError:COORDINATION_INFEASIBLE:target waypoint enters existing shank-table geometry (-45.409127 mm),,,501.541080919274,,,5.5599999998685234,,,,,False,,,,,,0.02183675925820255,0.0,0,0,0,,,,,,,5.694422124999619
MATCHED,low_ordinary_late,refinement,coarse_low_ordinary_late_022_matched,COARSE,-1,0.18,0.7,H4,True,False,INFEASIBLE,NO_FEASIBLE_WAYPOINT:ValueError:COORDINATION_INFEASIBLE:target waypoint enters existing shank-table geometry (-45.409127 mm),,,600.4652341951532,,,6.664999999842394,,,,,False,,,,,,0.02183675925820255,0.0,0,0,0,,,,,,,5.4010153379995245
NATIVE,low_ordinary_late,refinement,coarse_low_ordinary_late_023_native,COARSE,1,0.18,0.3,H4,False,False,INFEASIBLE,NO_FEASIBLE_WAYPOINT:ValueError:MATCHED_PACING_INFEASIBLE:baseline waypoint count exhausted,,,501.541080919274,,,5.5599999998685234,,,,,False,,,,,,0.009544409879169626,0.0,0,0,0,,,,,,,12.787758835000204
MATCHED,low_ordinary_late,refinement,coarse_low_ordinary_late_023_matched,COARSE,1,0.18,0.3,H4,False,False,INFEASIBLE,NO_FEASIBLE_WAYPOINT:ValueError:MATCHED_PACING_INFEASIBLE:fixed-duration reference exceeds registered causal 20 ms acceleration limits,,,600.4652341951532,,,6.664999999842394,,,,,False,,,,,,0.02183675925820255,0.0,0,0,0,,,,,,,10.437938430999566
NATIVE,low_ordinary_late,refinement,coarse_low_ordinary_late_024_native,COARSE,-1,0.06,0.3,H2,False,False,INFEASIBLE,NO_FEASIBLE_WAYPOINT:ValueError:COORDINATION_INFEASIBLE:target waypoint enters existing shank-table geometry (-3.102065 mm),,,501.541080919274,,,5.5599999998685234,,,,,False,,,,,,0.003675124968401858,0.0,0,0,0,,,,,,,8.023825247999412
MATCHED,low_ordinary_late,refinement,coarse_low_ordinary_late_024_matched,COARSE,-1,0.06,0.3,H2,False,False,INFEASIBLE,NO_FEASIBLE_WAYPOINT:ValueError:COORDINATION_INFEASIBLE:target waypoint enters existing shank-table geometry (-3.102065 mm),,,600.4652341951532,,,6.664999999842394,,,,,False,,,,,,0.0034332585258553374,0.0,0,0,0,,,,,,,9.287288018000254
NATIVE,low_ordinary_late,refinement,coarse_low_ordinary_late_025_native,COARSE,1,0.06,0.5,H2,False,False,VALID,,513.5026539731037,514.6498363246278,501.541080919274,-11.961573053829738,5.689999999865449,5.5599999998685234,0.1299999999969259,2.6550000000000002,2.52,False,False,90.24651212181085,90.69744149295096,107.05731192851144,56.82908493634909,14.34480828567908,0.01791808528969332,0.0,0,0,0,41.076428962187244,132.9601731739628,249.6756379490431,0.16730149452891396,0.8987008335909366,-12.342955306813167,19.04248867700062
MATCHED,low_ordinary_late,refinement,coarse_low_ordinary_late_025_matched,COARSE,1,0.06,0.5,H2,False,False,VALID,,600.6154583072112,601.7626406587352,600.4652341951532,-0.15022411205791286,6.674999999842157,6.664999999842394,0.009999999999763531,3.085,3.075,True,True,89.97984394115522,90.37760559415494,105.90345445342844,66.9919821874868,13.782366552840493,0.01750583695810198,0.0,0,0,0,40.78328090591814,129.58193242428615,287.0977449269917,0.062334775425433975,0.7479771996433442,-0.1516563199347729,21.165704347999963
NATIVE,low_ordinary_late,refinement,coarse_low_ordinary_late_026_native,COARSE,0,0.0,0.5,H4,False,True,VALID,,510.11083138267986,511.2580137342039,501.541080919274,-8.569750463405853,5.6449999998665135,5.5599999998685234,0.08499999999799002,2.59,2.54,True,False,90.36507198984586,90.82108726147733,108.91393320924459,56.19418007635042,14.439078033017882,0.012468848595739459,0.0,0,0,0,41.244873711731046,133.94260548607988,244.49182965045978,-0.0011432550148882115,-0.08373147852614693,-7.159147008229837,19.643329922000703
MATCHED,low_ordinary_late,refinement,coarse_low_ordinary_late_026_matched,COARSE,0,0.0,0.5,H4,False,True,INFEASIBLE,NO_FEASIBLE_WAYPOINT:ValueError:MATCHED_PACING_INFEASIBLE:fixed-duration reference exceeds registered causal 20 ms acceleration limits,,,600.4652341951532,,,6.664999999842394,,,,,False,,,,,,0.013675358948059015,0.0,0,0,0,,,,,,,11.774609361999865
NATIVE,balanced_middle,discovery,coarse_balanced_middle_000_native,COARSE,-1,0.02,0.3,H1,False,False,VALID,,731.948479828491,731.948479828491,778.7918258999887,46.84334607149765,8.33499999999752,8.829999999999883,-0.49500000000236355,3.795,4.025,True,False,87.81625432855323,88.90090304494622,112.33937355517162,65.42509283625273,15.250678957157088,0.019395916470840432,0.0,0,0,0,38.55887269081834,128.66308786886043,363.7416858142834,-0.20914114858410926,-0.6180548312650274,-1.0311150843269843,44.629868949999945
MATCHED,balanced_middle,discovery,coarse_balanced_middle_000_matched,COARSE,-1,0.02,0.3,H1,False,False,VALID,,910.1560485418349,910.1560485418349,909.8614206699293,-0.2946278719056181,10.315000000006973,10.315000000006973,0.0,4.915,4.885,True,True,88.23616563662964,89.01253407784512,107.63193077757963,79.96687104638653,14.053124188162558,0.02209308936111509,0.0,0,0,0,36.0118441857031,121.18847934946292,460.7856819685858,0.0035189874785928055,-0.4331257711550478,-0.2943044177648062,48.94493957299983
NATIVE,balanced_middle,discovery,coarse_balanced_middle_001_native,COARSE,1,0.02,0.5,H1,False,False,VALID,,761.1367709350858,761.1367709350858,778.7918258999887,17.655054964902888,8.654999999999047,8.829999999999883,-0.1750000000008356,4.1450000000000005,3.995,False,False,87.9418568382537,88.98909514960266,112.40736149151846,67.13986638640793,15.050186913341,0.020021248010284817,0.0,0,0,0,38.20973453136694,127.39351289344661,395.5013777635897,0.13999701086729033,0.6515201441487903,-32.79080703363326,44.8438542240001
MATCHED,balanced_middle,discovery,coarse_balanced_middle_001_matched,COARSE,1,0.02,0.5,H1,False,False,VALID,,909.5515199784852,909.5515199784852,909.8614206699293,0.30990069144411336,10.315000000006973,10.315000000006973,0.0,4.915,4.885,True,True,88.1775588927276,88.96071351594007,107.63212983766913,80.04260364928297,14.000803889643338,0.02209298112960321,0.0,0,0,0,36.01954746949811,120.30167833963361,460.18208487195454,-0.0041842963164171465,0.45367523867426485,0.3092926788664272,49.51686893399983
NATIVE,balanced_middle,discovery,coarse_balanced_middle_002_native,COARSE,-1,0.06,0.5,H1,False,False,VALID,,785.1199048892058,785.1199048892058,778.7918258999887,-6.328078989217147,8.875000000000098,8.829999999999883,0.04500000000021487,3.8200000000000003,4.025,True,False,88.46421463540348,89.49911282483988,112.44528190251435,67.63168083437951,15.472497257580843,0.01932565196582475,0.0,0,0,0,38.944626348097486,129.87523799818794,367.84480642132155,-0.5948948058632553,-1.830204960592539,-5.13423569136512,46.162233041000036
MATCHED,balanced_middle,discovery,coarse_balanced_middle_002_matched,COARSE,-1,0.06,0.5,H1,False,False,VALID,,910.7726075498716,910.7726075498716,909.8614206699293,-0.9111868799423064,10.315000000006973,10.315000000006973,0.0,4.915,4.885,True,True,88.29593868636661,89.06649612324716,107.63179061546141,79.89174243135923,14.108187900379427,0.022093299007675298,0.0,0,0,0,36.00597290478273,122.10071755331506,461.40237222594743,0.009390268398959734,-1.3453639750071886,-0.9109946751264602,51.645561854000334
NATIVE,balanced_middle,discovery,coarse_balanced_middle_003_native,COARSE,1,0.06,0.7,H1,False,False,VALID,,826.3557183147431,826.3557183147431,778.7918258999887,-47.56389241475438,9.425000000002724,8.829999999999883,0.595000000002841,4.38,4.015,False,False,87.67699929068891,88.66947036208128,111.24824403810528,72.38300394893685,14.42226432570569,0.01937796718926293,0.0,0,0,0,37.2338660142623,122.20778043572261,410.0900857091873,1.115865527971934,5.837252601872791,-47.37951497923086,47.95421167400036
MATCHED,balanced_middle,discovery,coarse_balanced_middle_003_matched,COARSE,1,0.06,0.7,H1,False,False,VALID,,907.0665986817979,907.0665986817979,909.8614206699293,2.794821988131389,10.315000000006973,10.315000000006973,0.0,4.915,4.885,True,True,87.93665522848259,88.75797511722418,107.63335089286097,80.3693293052549,13.804683117629908,0.022093480283997085,0.0,0,0,0,36.06998890336363,116.7272193167041,457.7097097073481,-0.0546257301819395,4.028134261603782,2.78166784347286,49.282145743999536
NATIVE,balanced_middle,discovery,coarse_balanced_middle_004_native,COARSE,-1,0.12,0.7,H1,False,False,INFEASIBLE,NO_FEASIBLE_WAYPOINT:ValueError:COORDINATION_INFEASIBLE:target waypoint enters existing shank-table geometry (-54.509319 mm),,,778.7918258999887,,,8.829999999999883,,,,,False,,,,,,0.02883467904842586,0.0,0,0,0,,,,,,,23.407060888999695
MATCHED,balanced_middle,discovery,coarse_balanced_middle_004_matched,COARSE,-1,0.12,0.7,H1,False,False,INFEASIBLE,NO_FEASIBLE_WAYPOINT:ValueError:COORDINATION_INFEASIBLE:target waypoint enters existing shank-table geometry (-54.509319 mm),,,909.8614206699293,,,10.315000000006973,,,,,False,,,,,,0.02883467904842586,0.0,0,0,0,,,,,,,23.051114030999997
NATIVE,balanced_middle,discovery,coarse_balanced_middle_005_native,COARSE,1,0.12,0.3,H1,False,False,VALID,,769.6308647886101,769.6308647886101,778.7918258999887,9.160961111378583,8.794999999999716,8.829999999999883,-0.03500000000016712,4.285,3.995,False,False,87.50777314253668,88.54458855418132,112.05393408286434,68.76616756395052,14.632612234824608,0.020012735480340268,0.0,0,0,0,37.54277830657288,124.1991406299789,404.08621185842344,0.8069532356613536,3.8458924076165033,-41.37564112846701,46.18169760299952
MATCHED,balanced_middle,discovery,coarse_balanced_middle_005_matched,COARSE,1,0.12,0.3,H1,False,False,VALID,,908.0375701729483,908.0375701729483,909.8614206699293,1.823850496980981,10.315000000006973,10.315000000006973,0.0,4.915,4.885,True,True,88.03078721986897,88.83532945554532,107.63282456138239,80.23931970935064,13.876726218027155,0.02209313819224488,0.0,0,0,0,36.04680240798864,118.11157901367378,458.6745511409111,-0.03143923480695321,2.6437745646341,1.8168264099098792,50.30368492099933
NATIVE,balanced_middle,discovery,coarse_balanced_middle_006_native,COARSE,-1,0.18,0.3,H1,False,False,INFEASIBLE,NO_FEASIBLE_WAYPOINT:ValueError:COORDINATION_INFEASIBLE:target waypoint enters existing shank-table geometry (-0.075855 mm),,,778.7918258999887,,,8.829999999999883,,,,,False,,,,,,0.02883467904842586,0.0,0,0,0,,,,,,,23.127743530999396
MATCHED,balanced_middle,discovery,coarse_balanced_middle_006_matched,COARSE,-1,0.18,0.3,H1,False,False,INFEASIBLE,NO_FEASIBLE_WAYPOINT:ValueError:COORDINATION_INFEASIBLE:target waypoint enters existing shank-table geometry (-0.075855 mm),,,909.8614206699293,,,10.315000000006973,,,,,False,,,,,,0.02883467904842586,0.0,0,0,0,,,,,,,23.64737003099981
NATIVE,balanced_middle,discovery,coarse_balanced_middle_007_native,COARSE,1,0.18,0.5,H1,False,False,VALID,,826.9669227250929,826.9669227250929,778.7918258999887,-48.17509682510422,9.435000000002772,8.829999999999883,0.6050000000028888,4.39,4.015,False,False,87.64885243509197,88.64126393444504,111.2101023202336,72.5018603221026,14.390377528509275,0.01938006723806626,0.0,0,0,0,37.185047241806004,121.98040936711007,410.7071166326865,1.1646843004282275,6.064623670485332,-47.99654590273008,47.49489328099935
MATCHED,balanced_middle,discovery,coarse_balanced_middle_007_matched,COARSE,1,0.18,0.5,H1,False,False,VALID,,906.9751093119451,906.9751093119451,909.8614206699293,2.8863113579842548,10.315000000006973,10.315000000006973,0.0,4.915,4.885,True,True,87.92778568220506,88.75080286454997,107.63340153726088,80.38168999889751,13.798921044558613,0.022093518155396504,0.0,0,0,0,36.07239789270912,116.59748734327921,457.6188361033421,-0.057034719527429445,4.1578662350286635,2.872541447478852,50.974120992999815
NATIVE,balanced_middle,discovery,coarse_balanced_middle_008_native,COARSE,-1,0.02,0.5,H3,False,False,VALID,,781.0723032569982,781.0723032569982,778.7918258999887,-2.280477357009545,8.844999999999954,8.829999999999883,0.015000000000071623,3.805,4.01,True,False,88.3066481918596,89.33803040847073,112.05720157023345,67.67861301157734,15.251630808720906,0.019620587694185256,0.0,0,0,0,38.559839474394586,128.790065746258,364.6128632328815,-0.21010793216035495,-0.7450327086625919,-1.9022925029250928,45.348140177999994
MATCHED,balanced_middle,discovery,coarse_balanced_middle_008_matched,COARSE,-1,0.02,0.5,H3,False,False,VALID,,910.9211446297124,910.9211446297124,909.8614206699293,-1.0597239597831276,10.315000000006973,10.315000000006973,0.0,4.915,4.885,True,True,88.31033879105307,89.09152374926751,107.48819941890608,79.80823821572,14.054199425730731,0.022092704015709338,0.0,0,0,0,36.01170794870247,121.22414532752079,461.53476963055857,0.0036552244792176225,-0.46879174921291167,-1.0433920797376004,50.14314306600045
NATIVE,balanced_middle,discovery,coarse_balanced_middle_009_native,COARSE,1,0.02,0.7,H3,False,False,INFEASIBLE,NO_FEASIBLE_WAYPOINT:ValueError:MATCHED_PACING_INFEASIBLE:baseline waypoint count exhausted,,,778.7918258999887,,,8.829999999999883,,,,,False,,,,,,0.02883467904842586,0.0,0,0,0,,,,,,,32.6686818320004
MATCHED,balanced_middle,discovery,coarse_balanced_middle_009_matched,COARSE,1,0.02,0.7,H3,False,False,VALID,,907.7394417698472,907.7394417698472,909.8614206699293,2.1219789000821265,10.315000000006973,10.315000000006973,0.0,4.915,4.885,True,True,88.00188480560806,88.78619382422396,107.7930846206385,80.36845526155227,13.950515961008364,0.022093634588858515,0.0,0,0,0,36.029008344535484,119.40044263384434,458.3884258078131,-0.013645171353793728,1.3549109444635405,2.10295174300785,49.4705085530004
NATIVE,balanced_middle,discovery,coarse_balanced_middle_010_native,COARSE,-1,0.06,0.7,H3,False,False,INFEASIBLE,NO_FEASIBLE_WAYPOINT:ValueError:COORDINATION_INFEASIBLE:target waypoint enters existing shank-table geometry (-0.598027 mm),,,778.7918258999887,,,8.829999999999883,,,,,False,,,,,,0.02883467904842586,0.0,0,0,0,,,,,,,23.026574909000374
MATCHED,balanced_middle,discovery,coarse_balanced_middle_010_matched,COARSE,-1,0.06,0.7,H3,False,False,INFEASIBLE,NO_FEASIBLE_WAYPOINT:ValueError:COORDINATION_INFEASIBLE:target waypoint enters existing shank-table geometry (-0.598027 mm),,,909.8614206699293,,,10.315000000006973,,,,,False,,,,,,0.02883467904842586,0.0,0,0,0,,,,,,,23.751507432000835
NATIVE,balanced_middle,discovery,coarse_balanced_middle_011_native,COARSE,1,0.06,0.3,H3,False,False,INFEASIBLE,NO_FEASIBLE_WAYPOINT:ValueError:MATCHED_PACING_INFEASIBLE:baseline waypoint count exhausted,,,778.7918258999887,,,8.829999999999883,,,,,False,,,,,,0.02883467904842586,0.0,0,0,0,,,,,,,34.142669458000455
MATCHED,balanced_middle,discovery,coarse_balanced_middle_011_matched,COARSE,1,0.06,0.3,H3,False,False,VALID,,953.5969194010717,953.5969194010717,909.8614206699293,-43.73549873114234,10.830000000009433,10.315000000006973,0.515000000002459,4.915,4.885,True,True,88.05142376741199,88.78975985132402,109.64348704555994,83.47871840848869,13.951248400028915,0.022093396103434467,0.0,0,0,0,36.02885552319323,119.383683951637,455.04095117183664,-0.013492350011539145,1.3716696266708794,5.450426378984332,51.135309491000044
NATIVE,balanced_middle,discovery,coarse_balanced_middle_012_native,COARSE,-1,0.12,0.3,H3,False,False,INFEASIBLE,NO_FEASIBLE_WAYPOINT:ValueError:MATCHED_PACING_INFEASIBLE:baseline waypoint count exhausted,,,778.7918258999887,,,8.829999999999883,,,,,False,,,,,,0.0021462441084064395,0.0,0,0,0,,,,,,,32.67746935000014
MATCHED,balanced_middle,discovery,coarse_balanced_middle_012_matched,COARSE,-1,0.12,0.3,H3,False,False,INFEASIBLE,NO_FEASIBLE_WAYPOINT:ValueError:MATCHED_PACING_INFEASIBLE:baseline waypoint count exhausted,,,909.8614206699293,,,10.315000000006973,,,,,False,,,,,,0.0026351008297423014,0.0,0,0,0,,,,,,,34.79439694499979
NATIVE,balanced_middle,discovery,coarse_balanced_middle_013_native,COARSE,1,0.12,0.5,H3,False,False,INFEASIBLE,NO_FEASIBLE_WAYPOINT:ValueError:MATCHED_PACING_INFEASIBLE:baseline waypoint count exhausted,,,778.7918258999887,,,8.829999999999883,,,,,False,,,,,,0.02883467904842586,0.0,0,0,0,,,,,,,37.13219511399984
MATCHED,balanced_middle,discovery,coarse_balanced_middle_013_matched,COARSE,1,0.12,0.5,H3,False,False,VALID,,952.3911146551004,952.3911146551004,909.8614206699293,-42.52969398517109,10.830000000009433,10.315000000006973,0.515000000002459,4.915,4.885,True,True,87.94008445568794,88.69457927948889,108.90710083526895,83.58530375278607,13.87059368817762,0.022093409673783922,0.0,0,0,0,36.04850299274204,117.92897428751401,453.8056755159908,-0.03313981956034695,2.8263792907938665,6.685702034830172,52.130968154000584
NATIVE,balanced_middle,discovery,coarse_balanced_middle_014_native,COARSE,-1,0.18,0.5,H3,False,False,INFEASIBLE,NO_FEASIBLE_WAYPOINT:ValueError:COORDINATION_INFEASIBLE:target waypoint enters existing shank-table geometry (-2.317562 mm),,,778.7918258999887,,,8.829999999999883,,,,,False,,,,,,0.02883467904842586,0.0,0,0,0,,,,,,,23.788264949000222
MATCHED,balanced_middle,discovery,coarse_balanced_middle_014_matched,COARSE,-1,0.18,0.5,H3,False,False,INFEASIBLE,NO_FEASIBLE_WAYPOINT:ValueError:COORDINATION_INFEASIBLE:target waypoint enters existing shank-table geometry (-2.317562 mm),,,909.8614206699293,,,10.315000000006973,,,,,False,,,,,,0.02883467904842586,0.0,0,0,0,,,,,,,22.96595075499954
NATIVE,balanced_middle,discovery,coarse_balanced_middle_015_native,COARSE,1,0.18,0.7,H3,False,False,INFEASIBLE,NO_FEASIBLE_WAYPOINT:ValueError:MATCHED_PACING_INFEASIBLE:baseline waypoint count exhausted,,,778.7918258999887,,,8.829999999999883,,,,,False,,,,,,0.02883467904842586,0.0,0,0,0,,,,,,,34.133427162999396
MATCHED,balanced_middle,discovery,coarse_balanced_middle_015_matched,COARSE,1,0.18,0.7,H3,False,False,INFEASIBLE,NO_FEASIBLE_WAYPOINT:ValueError:MATCHED_PACING_INFEASIBLE:fixed-duration reference exceeds registered velocity limits,,,909.8614206699293,,,10.315000000006973,,,,,False,,,,,,0.02883467904842586,0.0,0,0,0,,,,,,,23.443429703999755
NATIVE,balanced_middle,discovery,coarse_balanced_middle_016_native,COARSE,-1,0.02,0.7,H4,False,False,VALID,,781.1054623771671,781.1054623771671,778.7918258999887,-2.31363647717842,8.855000000000002,8.829999999999883,0.02500000000011937,3.8200000000000003,4.005,True,False,88.21066768799177,89.23977138367924,112.04383547919694,68.04800233082011,15.432340859888553,0.019456358115537722,0.0,0,0,0,38.87450668173124,129.78507818732146,366.926398198415,-0.5247751394970095,-1.7400451497260576,-4.215827468458542,45.3702868219998
MATCHED,balanced_middle,discovery,coarse_balanced_middle_016_matched,COARSE,-1,0.02,0.7,H4,False,False,VALID,,909.969251657575,909.969251657575,909.8614206699293,-0.10783098764568422,10.315000000006973,10.315000000006973,0.0,4.915,4.885,True,True,88.21805638948861,89.00124188863161,107.48486550426678,80.01343614706025,14.10568869815278,0.022004053916872265,0.0,0,0,0,36.006191251194515,122.0962702015703,462.52035484113446,0.00917192198717487,-1.34091662326243,-2.0289772903134917,49.172308700999565
NATIVE,balanced_middle,discovery,coarse_balanced_middle_017_native,COARSE,1,0.02,0.3,H4,True,False,INFEASIBLE,NO_FEASIBLE_WAYPOINT:ValueError:MATCHED_PACING_INFEASIBLE:baseline waypoint count exhausted,,,778.7918258999887,,,8.829999999999883,,,,,False,,,,,,0.02883467904842586,0.0,0,0,0,,,,,,,31.979003226000714
MATCHED,balanced_middle,discovery,coarse_balanced_middle_017_matched,COARSE,1,0.02,0.3,H4,True,False,VALID,,954.8784599098632,954.8784599098632,909.8614206699293,-45.017039239933865,10.830000000009433,10.315000000006973,0.515000000002459,4.915,4.885,True,True,88.16975622436411,88.93676532844644,108.13358349356531,83.01884828016242,14.001866489775026,0.02452364898074592,0.0,0,0,0,36.01936970914734,120.29733205832737,458.73849464545964,-0.004006535965650926,0.45802151998050533,1.7528829053613322,50.609570566
NATIVE,balanced_middle,discovery,coarse_balanced_middle_018_native,COARSE,-1,0.06,0.3,H4,True,False,INFEASIBLE,NO_FEASIBLE_WAYPOINT:ValueError:COORDINATION_INFEASIBLE:target waypoint enters existing shank-table geometry (-17.619227 mm),,,778.7918258999887,,,8.829999999999883,,,,,False,,,,,,0.005239938925666263,0.0,0,0,0,,,,,,,40.58757433700066
MATCHED,balanced_middle,discovery,coarse_balanced_middle_018_matched,COARSE,-1,0.06,0.3,H4,True,False,INFEASIBLE,NO_FEASIBLE_WAYPOINT:ValueError:COORDINATION_INFEASIBLE:target waypoint enters existing shank-table geometry (-17.619227 mm),,,909.8614206699293,,,10.315000000006973,,,,,False,,,,,,0.009115656310970579,0.0,0,0,0,,,,,,,46.93057298400072
NATIVE,balanced_middle,discovery,coarse_balanced_middle_019_native,COARSE,1,0.06,0.5,H4,False,False,INFEASIBLE,NO_FEASIBLE_WAYPOINT:ValueError:MATCHED_PACING_INFEASIBLE:baseline waypoint count exhausted,,,778.7918258999887,,,8.829999999999883,,,,,False,,,,,,0.02883467904842586,0.0,0,0,0,,,,,,,32.76862659299968
MATCHED,balanced_middle,discovery,coarse_balanced_middle_019_matched,COARSE,1,0.06,0.5,H4,False,False,VALID,,975.7260414126947,975.7260414126947,909.8614206699293,-65.8646207427654,11.08500000001065,10.315000000006973,0.7700000000036766,4.915,5.14,False,False,88.0221958874781,88.8229724568351,108.1759811372256,84.90467265360925,13.948104551064292,0.01603984541413508,0.0,0,0,0,36.02951468294365,119.34422504455941,457.2416543437523,-0.014151509761958891,1.4111285337484674,3.249723207068655,50.98003685000003
NATIVE,balanced_middle,discovery,coarse_balanced_middle_020_native,COARSE,-1,0.12,0.5,H4,False,False,VALID,,772.99386525354,772.99386525354,778.7918258999887,5.797960646448701,8.724999999999381,8.829999999999883,-0.10500000000050136,3.89,3.805,False,False,88.5952854158785,89.62491002750947,111.44352591737913,66.67253471161338,15.549670110221014,0.015665468334070506,0.0,0,0,0,39.05242903257378,132.09251323863816,376.7422843144227,-0.7026974903395455,-4.0474802010427595,-14.031713584466274,45.825220605999675
MATCHED,balanced_middle,discovery,coarse_balanced_middle_020_matched,COARSE,-1,0.12,0.5,H4,False,False,VALID,,957.646204543478,957.646204543478,909.8614206699293,-47.78478387354869,10.830000000009433,10.315000000006973,0.515000000002459,4.915,4.885,True,True,88.42531897908385,89.24181149285234,107.38427659976892,82.49147644275777,14.19006395832911,0.016071872297616734,0.0,0,0,0,36.00126285259255,123.55050118659162,466.4702978531318,0.014100320589136572,-2.7951476082837416,-5.978920302310826,50.08863334600028
NATIVE,balanced_middle,discovery,coarse_balanced_middle_021_native,COARSE,1,0.12,0.7,H4,True,False,INFEASIBLE,NO_FEASIBLE_WAYPOINT:ValueError:MATCHED_PACING_INFEASIBLE:baseline waypoint count exhausted,,,778.7918258999887,,,8.829999999999883,,,,,False,,,,,,0.02883467904842586,0.0,0,0,0,,,,,,,33.423504198000046
MATCHED,balanced_middle,discovery,coarse_balanced_middle_021_matched,COARSE,1,0.12,0.7,H4,True,False,VALID,,932.7122890302398,932.7122890302398,909.8614206699293,-22.85086836031053,10.830000000009433,10.315000000006973,0.515000000002459,4.915,4.885,True,True,86.12301837767679,86.98956016949266,108.9247538237305,87.15993566158832,13.663681572592381,0.02117293124683844,0.0,0,0,0,36.16656134365952,112.55496487655032,446.7974121767463,-0.15119817047782647,8.20038870175756,13.69396537407465,50.98076987500008
NATIVE,balanced_middle,discovery,coarse_balanced_middle_022_native,COARSE,-1,0.18,0.7,H4,True,False,INFEASIBLE,NO_FEASIBLE_WAYPOINT:ValueError:COORDINATION_INFEASIBLE:target waypoint enters existing shank-table geometry (-107.498736 mm),,,778.7918258999887,,,8.829999999999883,,,,,False,,,,,,0.02883467904842586,0.0,0,0,0,,,,,,,22.699237560000256
MATCHED,balanced_middle,discovery,coarse_balanced_middle_022_matched,COARSE,-1,0.18,0.7,H4,True,False,INFEASIBLE,NO_FEASIBLE_WAYPOINT:ValueError:COORDINATION_INFEASIBLE:target waypoint enters existing shank-table geometry (-107.498736 mm),,,909.8614206699293,,,10.315000000006973,,,,,False,,,,,,0.02883467904842586,0.0,0,0,0,,,,,,,22.861147548999725
NATIVE,balanced_middle,discovery,coarse_balanced_middle_023_native,COARSE,1,0.18,0.3,H4,False,False,INFEASIBLE,NO_FEASIBLE_WAYPOINT:ValueError:MATCHED_PACING_INFEASIBLE:baseline waypoint count exhausted,,,778.7918258999887,,,8.829999999999883,,,,,False,,,,,,0.02883467904842586,0.0,0,0,0,,,,,,,33.6045287120005
MATCHED,balanced_middle,discovery,coarse_balanced_middle_023_matched,COARSE,1,0.18,0.3,H4,False,False,INFEASIBLE,NO_FEASIBLE_WAYPOINT:ValueError:MATCHED_PACING_INFEASIBLE:fixed-duration reference exceeds registered velocity limits,,,909.8614206699293,,,10.315000000006973,,,,,False,,,,,,0.02883467904842586,0.0,0,0,0,,,,,,,33.425374860000375
NATIVE,balanced_middle,discovery,coarse_balanced_middle_024_native,COARSE,-1,0.06,0.3,H2,False,False,VALID,,794.6514931711495,794.6514931711495,778.7918258999887,-15.859667271160788,8.95500000000048,8.829999999999883,0.12500000000059686,3.805,4.05,True,False,88.73830186165821,89.80084004341799,112.87450502714387,67.66178469170454,15.43171489919827,0.018679223089106908,0.0,0,0,0,38.873610072679874,130.86432990642976,368.6221271679333,-0.5238785304456428,-2.819296868834357,-5.911556437976856,45.44190411299951
MATCHED,balanced_middle,discovery,coarse_balanced_middle_024_matched,COARSE,-1,0.06,0.3,H2,False,False,VALID,,913.5873917765574,913.5873917765574,909.8614206699293,-3.7259711066280943,10.315000000006973,10.315000000006973,0.0,4.915,4.885,True,True,88.56882130650096,89.36196650603496,107.4804065894299,79.32668814339138,14.10493014913011,0.02209419143059035,0.0,0,0,0,36.0062584154813,122.13280570972755,464.2040801582567,0.009104757700391986,-1.3774521314196733,-3.7127026074357445,49.20901531199979
NATIVE,balanced_middle,discovery,coarse_balanced_middle_025_native,COARSE,1,0.06,0.5,H2,False,False,VALID,,766.74344463742,766.74344463742,778.7918258999887,12.048381262568682,8.744999999999477,8.829999999999883,-0.08500000000040586,4.235,3.995,False,False,87.67792391508517,88.71171826422513,112.71271784955452,68.22457730003617,14.851981542640587,0.02001690417988,0.0,0,0,0,37.890609413677744,125.57677216980306,401.19111489475495,0.45912212855648704,2.4682608677923383,-38.480544164798516,44.9660596599997
MATCHED,balanced_middle,discovery,coarse_balanced_middle_025_matched,COARSE,1,0.06,0.5,H2,False,False,VALID,,907.0244889129319,907.0244889129319,909.8614206699293,2.8369317569973873,10.315000000006973,10.315000000006973,0.0,4.915,4.885,True,True,87.93257284662451,88.71561509305258,107.96482573750009,80.5262052839183,13.948104551064292,0.022093932584131778,0.0,0,0,0,36.02951468294365,119.34422504455941,457.6684930202167,-0.014151509761958891,1.4111285337484674,2.822884530604256,49.116050288000224
NATIVE,balanced_middle,discovery,coarse_balanced_middle_026_native,COARSE,0,0.0,0.5,H4,False,True,VALID,,770.8052764447767,770.8052764447767,778.7918258999887,7.986549455211957,8.729999999999405,8.829999999999883,-0.10000000000047748,3.79,3.91,False,False,88.29384609905804,89.34036298276564,112.83016566330723,66.74865803226949,15.134470060741466,0.02465872214445469,0.0,0,0,0,38.349500430028804,128.21084386179692,362.88495906321464,0.00023111220542659794,-0.1658108242015146,-0.17438833325820724,45.27497982299974
MATCHED,balanced_middle,discovery,coarse_balanced_middle_026_matched,COARSE,0,0.0,0.5,H4,False,True,VALID,,958.1867153239677,958.1867153239677,909.8614206699293,-48.32529465403843,10.830000000009433,10.315000000006973,0.515000000002459,4.915,4.885,True,True,88.47522763840884,89.25602896999126,107.58500789423158,82.33708304112511,14.027104704101433,0.027216788475869304,0.0,0,0,0,36.01540966381266,120.75676478202858,461.2076105943098,-4.649063097161843e-05,-0.0014112037207070216,-0.7162330434888418,50.497529770000256
NATIVE,hip_ordinary,discovery,coarse_hip_ordinary_000_native,COARSE,-1,0.02,0.3,H1,False,False,VALID,,630.5034986490432,630.5034986490432,631.1302004874829,0.6267018384396579,6.519999999988853,6.529999999988901,-0.010000000000047748,3.005,3.0,True,False,96.70299059034404,97.1436532559397,116.89570408522974,79.5180931745611,15.845996144318653,0.03849129188593478,0.0,0,0,0,45.53051122024677,142.4072563364769,300.06391247177373,-0.00253504538014937,-0.2926063197894564,0.5950913333699646,39.55481019200033
MATCHED,hip_ordinary,discovery,coarse_hip_ordinary_000_matched,COARSE,-1,0.02,0.3,H1,False,False,VALID,,766.9299477933224,766.9299477933224,766.8209505354864,-0.10899725783599479,7.944999999995657,7.944999999995657,0.0,3.73,3.7,True,True,96.52988644346411,96.83163658434286,112.78376376362432,96.48631398731507,15.106269578527971,0.03859242378345992,0.0,0,0,0,44.78213546228859,138.41214127225953,368.24532170137354,0.030724666426763747,-0.11927371662795849,-0.10931676944289848,42.4473029640003
NATIVE,hip_ordinary,discovery,coarse_hip_ordinary_001_native,COARSE,1,0.02,0.5,H1,False,False,VALID,,635.259129201723,635.259129201723,631.1302004874829,-4.128928714240146,6.5749999999891156,6.529999999988901,0.04500000000021487,3.055,3.005,True,False,96.617358053494,97.05355636628016,116.32810734328609,80.1846158750107,15.834555548325005,0.0382956087009456,0.0,0,0,0,45.537951876237535,141.8320635300346,304.2522658916751,-0.009975701370912304,0.28258648665286046,-3.5932620865314107,40.65034655099953
MATCHED,hip_ordinary,discovery,coarse_hip_ordinary_001_matched,COARSE,1,0.02,0.5,H1,False,False,VALID,,766.7068882794284,766.7068882794284,766.8209505354864,0.11406225605799136,7.944999999995657,7.944999999995657,0.0,3.73,3.7,True,True,96.50181098545355,96.804431454135,112.783871062145,96.50183925024444,15.14061301805332,0.03859398070313046,0.0,0,0,0,44.84514093985761,138.1681196523786,368.02171044747354,-0.03228081114225034,0.12474790325296681,0.11429448445710477,44.19125541899939
NATIVE,hip_ordinary,discovery,coarse_hip_ordinary_002_native,COARSE,-1,0.06,0.5,H1,False,False,VALID,,685.5464573584911,685.5464573584911,631.1302004874829,-54.41625687100827,7.039999999991336,6.529999999988901,0.5100000000024352,3.005,3.005,True,False,97.37875814751293,97.80494180880326,117.21650589213655,84.75942368332989,15.883771055056684,0.03827040654654448,0.0,0,0,0,45.53493670966726,143.30730830960016,301.07560620670506,-0.006960534800633411,-1.1926582929127107,-0.41660240156136297,41.31663777199992
MATCHED,hip_ordinary,discovery,coarse_hip_ordinary_002_matched,COARSE,-1,0.06,0.5,H1,False,False,VALID,,767.1616541040148,767.1616541040148,766.8209505354864,-0.3407035685283972,7.944999999995657,7.944999999995657,0.0,3.73,3.7,True,True,96.55905023335616,96.86025382095161,112.78399239317108,96.47198454808293,15.073248049842615,0.03858956419462259,0.0,0,0,0,44.71722574800946,138.66585870640972,368.4779850093381,0.0956343807058957,-0.37299115077814804,-0.34198007740747016,43.29312060800021
NATIVE,hip_ordinary,discovery,coarse_hip_ordinary_003_native,COARSE,1,0.06,0.7,H1,False,False,VALID,,654.1318717837052,654.1318717837052,631.1302004874829,-23.0016712962223,6.794999999990166,6.529999999988901,0.26500000000126533,3.275,3.005,False,False,96.26664779745477,96.68913249786314,114.45601935067579,82.9659316711853,15.764708724757972,0.038070634634272515,0.0,0,0,0,45.558809036347455,138.95932581736173,323.1400504909231,-0.030832861480831752,3.155324199325719,-22.481046685779404,40.7284578029994
MATCHED,hip_ordinary,discovery,coarse_hip_ordinary_003_matched,COARSE,1,0.06,0.7,H1,False,False,VALID,,765.8153872921913,765.8153872921913,766.8209505354864,1.0055632432951143,7.944999999995657,7.944999999995657,0.0,3.73,3.7,True,True,96.38960192475662,96.69902458118355,112.78772800025759,96.58037838600067,15.305590358093333,0.03858733044947982,0.0,0,0,0,45.102093507280145,137.1957241898257,367.13192863699896,-0.2892333785647878,1.097143365805863,1.0040762949316786,43.89585804699982
NATIVE,hip_ordinary,discovery,coarse_hip_ordinary_004_native,COARSE,-1,0.12,0.7,H1,False,False,VALID,,689.6604597692752,689.6604597692752,631.1302004874829,-58.53025928179238,7.024999999991264,6.529999999988901,0.49500000000236355,3.505,3.005,False,False,98.17230744046621,98.62500300554194,118.51845922554483,84.09618695962114,15.789292972811168,0.020453506051592626,0.0,0,0,0,45.6603498918979,146.63657606886676,358.6887703717794,-0.1323737170312782,-4.52192605217931,-58.029766566635715,41.31297783900027
MATCHED,hip_ordinary,discovery,coarse_hip_ordinary_004_matched,COARSE,-1,0.12,0.7,H1,False,False,VALID,,769.2528122513396,769.2528122513396,766.8209505354864,-2.431861715853188,7.949999999995681,7.944999999995657,0.005000000000023874,3.735,3.7,True,True,96.76136003161503,97.06849268649634,112.78853602289908,96.48491440258931,14.933444748144014,0.021325830439083062,0.0,0,0,0,44.280011955303664,140.43682111864376,370.5786965773318,0.5328481734116934,-2.1439535630121895,-2.442691645401169,43.968214929999704
NATIVE,hip_ordinary,discovery,coarse_hip_ordinary_005_native,COARSE,1,0.12,0.3,H1,False,False,VALID,,643.7692452851602,643.7692452851602,631.1302004874829,-12.639044797677343,6.679999999989617,6.529999999988901,0.15000000000071623,3.16,3.005,False,False,96.37264150975453,96.80002557056984,114.85288639024446,81.54990115397709,15.792383425659633,0.03805202524951434,0.0,0,0,0,45.55220752421351,140.0433443577946,312.76118567952324,-0.0242313493468842,2.0713056588928396,-12.10218187437954,40.461505957000554
MATCHED,hip_ordinary,discovery,coarse_hip_ordinary_005_matched,COARSE,1,0.12,0.3,H1,False,False,VALID,,766.1621335443533,766.1621335443533,766.8209505354864,0.6588169911331079,7.944999999995657,7.944999999995657,0.0,3.73,3.7,True,True,96.43324525416658,96.7393989941105,112.78568248255043,96.5468070430631,15.235041866384352,0.03859213872331821,0.0,0,0,0,45.001131487810525,137.573445022928,367.47734958151,-0.18827135909516812,0.719422532703561,0.6586553504206449,43.3431339180006
NATIVE,hip_ordinary,discovery,coarse_hip_ordinary_006_native,COARSE,-1,0.18,0.3,H1,False,False,VALID,,686.2914630261814,686.2914630261814,631.1302004874829,-55.161262538698566,7.01999999999124,6.529999999988901,0.4900000000023397,2.985,3.005,True,False,97.76231667039622,98.19550592691456,118.1818649667714,84.22968770389268,15.992247311724633,0.03829959005941627,0.0,0,0,0,45.60192378648244,145.66240598558994,301.7226397248942,-0.07394761161581442,-3.547755968902493,-1.0636359197504817,41.654622389
MATCHED,hip_ordinary,discovery,coarse_hip_ordinary_006_matched,COARSE,-1,0.18,0.3,H1,False,False,VALID,,767.7943531080487,767.7943531080487,766.8209505354864,-0.973402572562236,7.944999999995657,7.944999999995657,0.0,3.73,3.7,True,True,96.63868509855864,96.94024034977967,112.78551271721967,96.44201591942073,15.00272050147434,0.03857788096808876,0.0,0,0,0,44.542896651048515,139.359036304955,369.1144266828435,0.2699634776668418,-1.066168749323424,-0.9784217509128439,42.87327395699958
NATIVE,hip_ordinary,discovery,coarse_hip_ordinary_007_native,COARSE,1,0.18,0.5,H1,False,False,VALID,,654.4670278504494,654.4670278504494,631.1302004874829,-23.336827362966574,6.79999999999019,6.529999999988901,0.2700000000012892,3.2800000000000002,3.005,False,False,96.24515115447785,96.6674496204323,114.42915407207454,83.04265615464627,15.746838573037513,0.03807070986768597,0.0,0,0,0,45.548497640612574,138.81151190697796,323.4733198184482,-0.020521465745950707,3.3031381097094936,-22.814316013304506,40.83188700200026
MATCHED,hip_ordinary,discovery,coarse_hip_ordinary_007_matched,COARSE,1,0.18,0.5,H1,False,False,VALID,,765.7857788257361,765.7857788257361,766.8209505354864,1.0351717097503297,7.944999999995657,7.944999999995657,0.0,3.73,3.7,True,True,96.38587524553004,96.6956128884366,112.78793545764216,96.58341529676409,15.311976653347285,0.03858682741820563,0.0,0,0,0,45.110785657337836,137.16350443220938,367.1024746628474,-0.29792552862247845,1.1293631234221948,1.0335302690832577,43.291295232000266
NATIVE,hip_ordinary,discovery,coarse_hip_ordinary_008_native,COARSE,-1,0.02,0.5,H3,False,False,VALID,,632.2151998839025,632.2151998839025,631.1302004874829,-1.0849993964196756,6.534999999988925,6.529999999988901,0.005000000000023874,3.02,3.0,True,False,96.74295331046712,97.18385603558151,116.95130466959485,79.64704356738261,15.84445044237794,0.03844949059152271,0.0,0,0,0,45.529735393462765,142.59376977955566,301.73089162927585,-0.0017592185961419204,-0.47911976286820845,-1.0718878241321477,39.029589464999844
MATCHED,hip_ordinary,discovery,coarse_hip_ordinary_008_matched,COARSE,-1,0.02,0.5,H3,False,False,VALID,,767.3790509261121,767.3790509261121,766.8209505354864,-0.5581003906256683,7.944999999995657,7.944999999995657,0.0,3.73,3.7,True,True,96.58641295482846,96.89054541503424,113.10021417879155,96.43446910506428,15.105547003411752,0.03859255515105395,0.0,0,0,0,44.7807813641258,138.49808996192513,368.7117184573525,0.032078764589556386,-0.20522240629355792,-0.575713525421861,44.60704931300006
NATIVE,hip_ordinary,discovery,coarse_hip_ordinary_009_native,COARSE,1,0.02,0.7,H3,False,False,VALID,,630.5196830363135,630.5196830363135,631.1302004874829,0.6105174511693576,6.534999999988925,6.529999999988901,0.005000000000023874,3.02,3.0,True,False,96.48350161228974,96.92230403169502,116.46217795701756,79.83201244001137,15.795534337729007,0.03843980155548901,0.0,0,0,0,45.5335892706057,140.98189200624054,300.0524483371705,-0.005613095739079199,1.1327580104469064,0.6065554679731804,40.537559986000815
MATCHED,hip_ordinary,discovery,coarse_hip_ordinary_009_matched,COARSE,1,0.02,0.7,H3,False,False,VALID,,765.8172768570312,765.8172768570312,766.8209505354864,1.0036736784552431,7.944999999995657,7.944999999995657,0.0,3.73,3.7,True,True,96.3898397554476,96.69059777577502,112.44593491583205,96.5930395330767,15.175979711059277,0.038594675697620595,0.0,0,0,0,44.90752038534058,137.77371732888915,367.1158636903897,-0.09466025662522526,0.5191502267424255,1.020141241540955,44.40935995900054
NATIVE,hip_ordinary,discovery,coarse_hip_ordinary_010_native,COARSE,-1,0.06,0.7,H3,False,False,VALID,,632.5513408158131,632.5513408158131,631.1302004874829,-1.4211403283302388,6.509999999988805,6.529999999988901,-0.020000000000095497,2.995,3.0,True,False,97.16610458000201,97.61031251164792,117.48054365723311,79.0698587496029,15.987985394759024,0.03845768401342485,0.0,0,0,0,45.60236074282389,145.7137954982466,302.00954560087155,-0.07438456795726722,-3.5991454815591624,-1.3505417957278496,39.58913925700017
MATCHED,hip_ordinary,discovery,coarse_hip_ordinary_010_matched,COARSE,-1,0.06,0.7,H3,False,False,VALID,,769.7687520878775,769.7687520878775,766.8209505354864,-2.94780155239107,7.944999999995657,7.944999999995657,0.0,3.73,3.7,True,True,96.88719346606388,97.19807939638747,113.82011447790096,96.20882264718796,15.001374061251509,0.03857827782455234,0.0,0,0,0,44.53907331898146,139.84191155386927,371.1355930855209,0.2737868097338989,-1.5490439982376927,-2.9995881535902527,42.85556497400012
NATIVE,hip_ordinary,discovery,coarse_hip_ordinary_011_native,COARSE,1,0.06,0.3,H3,False,False,VALID,,631.4660402196714,631.4660402196714,631.1302004874829,-0.33583973218856045,6.564999999989068,6.529999999988901,0.03500000000016712,3.045,3.005,True,False,96.18675403193774,96.61486000336556,114.39985160428164,80.47898498499285,15.794067271922476,0.03822858123761458,0.0,0,0,0,45.53252849309812,140.14028754257066,300.48447774970293,-0.004552318231496599,1.9743624741167878,0.17452605544076505,39.98056779499984
MATCHED,hip_ordinary,discovery,coarse_hip_ordinary_011_matched,COARSE,1,0.06,0.3,H3,False,False,INFEASIBLE,NO_FEASIBLE_WAYPOINT:ValueError:MATCHED_PACING_INFEASIBLE:fixed-duration reference exceeds registered causal 20 ms acceleration limits,,,766.8209505354864,,,7.944999999995657,,,,,False,,,,,,0.04138907205126739,0.0,0,0,0,,,,,,,33.0335185619997
NATIVE,hip_ordinary,discovery,coarse_hip_ordinary_012_native,COARSE,-1,0.12,0.3,H3,False,False,INFEASIBLE,NO_FEASIBLE_WAYPOINT:ValueError:MATCHED_PACING_INFEASIBLE:baseline waypoint count exhausted,,,631.1302004874829,,,6.529999999988901,,,,,False,,,,,,0.04138907205126739,0.0,0,0,0,,,,,,,32.10095813699991
MATCHED,hip_ordinary,discovery,coarse_hip_ordinary_012_matched,COARSE,-1,0.12,0.3,H3,False,False,INFEASIBLE,NO_FEASIBLE_WAYPOINT:ValueError:MATCHED_PACING_INFEASIBLE:fixed-duration reference exceeds registered causal 20 ms acceleration limits,,,766.8209505354864,,,7.944999999995657,,,,,False,,,,,,0.04138907205126739,0.0,0,0,0,,,,,,,31.0084458299998
NATIVE,hip_ordinary,discovery,coarse_hip_ordinary_013_native,COARSE,1,0.12,0.5,H3,False,False,VALID,,623.8458125285906,623.8458125285906,631.1302004874829,7.284387958892239,6.494999999988734,6.529999999988901,-0.03500000000016712,2.975,3.005,True,False,96.05016359177685,96.48308247836917,115.28639117991793,79.72199118887949,15.77455855103224,0.03828433866598714,0.0,0,0,0,45.54373693677959,139.19671682320137,292.91010024850783,-0.015760761912964938,2.9179331934860784,7.748903556635867,39.65114808400085
MATCHED,hip_ordinary,discovery,coarse_hip_ordinary_013_matched,COARSE,1,0.12,0.5,H3,False,False,VALID,,763.3915932645589,763.3915932645589,766.8209505354864,3.4293572709275395,7.944999999995657,7.944999999995657,0.0,3.73,3.7,True,True,96.08453030390922,96.37913559133172,110.9432545558857,96.86442205535035,15.240766138819767,0.03858478818152054,0.0,0,0,0,45.00961218565864,137.06275083230398,364.60264780648276,-0.19675205694328213,1.2301167233275976,3.5333571254478784,43.061013161999654
NATIVE,hip_ordinary,discovery,coarse_hip_ordinary_014_native,COARSE,-1,0.18,0.5,H3,False,False,VALID,,688.6407180612634,688.6407180612634,631.1302004874829,-57.51051757378059,7.029999999991288,6.529999999988901,0.5000000000023874,2.995,3.005,True,False,97.95742788922666,98.39450316719982,118.27112028386617,84.14231884567332,16.008183294037913,0.03829262449827478,0.0,0,0,0,45.61549659672317,146.9217305229667,303.9645345454444,-0.08752042185654574,-4.807080506279249,-3.3055307403006964,40.61802095299936
MATCHED,hip_ordinary,discovery,coarse_hip_ordinary_014_matched,COARSE,-1,0.18,0.5,H3,False,False,VALID,,829.045591996207,829.045591996207,766.8209505354864,-62.22464146072059,8.494999999998283,7.944999999995657,0.5500000000026262,3.77,3.6950000000000003,False,False,97.59218269525687,97.91236713223797,115.737572128434,101.64051097388,14.998651293712026,0.03857407580850335,0.0,0,0,0,44.53129701732264,140.13910407931644,377.11866142700046,0.28156311139271395,-1.8462365236848655,-8.982656495069818,46.17717165100112
NATIVE,hip_ordinary,discovery,coarse_hip_ordinary_015_native,COARSE,1,0.18,0.7,H3,False,False,VALID,,642.5044329649949,642.5044329649949,631.1302004874829,-11.37423247751201,6.784999999990118,6.529999999988901,0.2550000000012176,3.27,3.0,True,False,94.69483168238686,95.13566893145615,113.231503910155,83.92919333339344,15.829473195925384,0.03818745497681256,0.0,0,0,0,45.564397149478665,132.9850872478097,311.92074362307983,-0.0364209746120423,9.129562768877747,-11.261739817936132,39.8817858149996
MATCHED,hip_ordinary,discovery,coarse_hip_ordinary_015_matched,COARSE,1,0.18,0.7,H3,False,False,INFEASIBLE,NO_FEASIBLE_WAYPOINT:ValueError:MATCHED_PACING_INFEASIBLE:fixed-duration reference exceeds registered causal 20 ms acceleration limits,,,766.8209505354864,,,7.944999999995657,,,,,False,,,,,,0.04138907205126739,0.0,0,0,0,,,,,,,23.13839839600041
NATIVE,hip_ordinary,discovery,coarse_hip_ordinary_016_native,COARSE,-1,0.02,0.7,H4,False,False,VALID,,631.0446977590445,631.0446977590445,631.1302004874829,0.08550272843831408,6.529999999988901,6.529999999988901,0.0,3.015,3.0,True,False,96.63777913614773,97.08016528478467,116.96823696842516,79.6728133330539,15.88687362374407,0.037934651916504664,0.0,0,0,0,45.53607902490155,143.26772661345655,301.77054439769256,-0.008102850034923392,-1.1530765967690968,-1.111540592548863,41.14509073999943
MATCHED,hip_ordinary,discovery,coarse_hip_ordinary_016_matched,COARSE,-1,0.02,0.7,H4,False,False,VALID,,767.9819667800821,767.9819667800821,766.8209505354864,-1.1610162445956576,7.959999999995729,7.944999999995657,0.015000000000071623,3.73,3.715,False,False,96.48014658041232,96.78673402173811,113.12132369984538,96.69913462047052,15.07455683658954,0.03817340169351485,0.0,0,0,0,44.71991645634848,138.81078925229673,369.14613415075496,0.09294367236687862,-0.5179216966651552,-1.0101292188243178,44.328098095000314
NATIVE,hip_ordinary,discovery,coarse_hip_ordinary_017_native,COARSE,1,0.02,0.3,H4,True,False,VALID,,628.3198337218903,628.3198337218903,631.1302004874829,2.810366765592562,6.524999999988877,6.529999999988901,-0.005000000000023874,3.0,3.0100000000000002,True,False,96.29422739032802,96.7363945757582,116.1765171355365,79.82723500013182,15.83300579489254,0.03697581071488169,0.0,0,0,0,45.53703092538572,141.56175482946907,298.1356845420894,-0.00905475051909832,0.5528951872183825,2.5233192630543044,40.01195316299891
MATCHED,hip_ordinary,discovery,coarse_hip_ordinary_017_matched,COARSE,1,0.02,0.3,H4,True,False,VALID,,765.9134694503427,765.9134694503427,766.8209505354864,0.9074810851436723,7.959999999995729,7.944999999995657,0.015000000000071623,3.73,3.715,False,False,96.22028510682699,96.52450283336535,111.91644466122847,96.8809333243531,15.139850892968612,0.037543528342672744,0.0,0,0,0,44.84377009505243,138.0570319060791,367.0521979487563,-0.030909966337070216,0.23583564955248448,1.0838069831743269,43.753152114999466
NATIVE,hip_ordinary,discovery,coarse_hip_ordinary_018_native,COARSE,-1,0.06,0.3,H4,True,False,VALID,,698.273735478557,698.273735478557,631.1302004874829,-67.14353499107415,7.114999999991694,6.529999999988901,0.5850000000027933,3.055,3.0300000000000002,True,False,98.14107315229192,98.55178065962932,117.75597230780498,85.16398147776209,15.888400612143315,0.02042416530192578,0.0,0,0,0,45.536641448818365,144.1994327321536,307.7214690970115,-0.00866527395174188,-2.0847827154661616,-7.062465291867795,41.46978176700031
MATCHED,hip_ordinary,discovery,coarse_hip_ordinary_018_matched,COARSE,-1,0.06,0.3,H4,True,False,INFEASIBLE,NO_FEASIBLE_WAYPOINT:ValueError:MATCHED_PACING_INFEASIBLE:fixed-duration reference exceeds registered causal 20 ms acceleration limits,,,766.8209505354864,,,7.944999999995657,,,,,False,,,,,,0.04138907205126739,0.0,0,0,0,,,,,,,32.843785973000195
NATIVE,hip_ordinary,discovery,coarse_hip_ordinary_019_native,COARSE,1,0.06,0.5,H4,False,False,VALID,,628.9145526414334,628.9145526414334,631.1302004874829,2.215647846049478,6.504999999988781,6.529999999988901,-0.02500000000011937,3.0,2.99,True,False,96.681714472165,97.10968614802431,116.08737933511996,79.40333640992824,15.79852711909615,0.0377475794347079,0.0,0,0,0,45.53575169869452,140.5694170893845,297.3133005508025,-0.00777552382789537,1.5452329273029477,3.345703254341174,39.5877918039987
MATCHED,hip_ordinary,discovery,coarse_hip_ordinary_019_matched,COARSE,1,0.06,0.5,H4,False,False,VALID,,768.2739678127755,768.2739678127755,766.8209505354864,-1.4530172772890637,7.959999999995729,7.944999999995657,0.015000000000071623,3.73,3.715,False,False,96.51683012723309,96.81094910818966,111.83249984962926,96.73228055035307,15.177594030935905,0.03934721396602775,0.0,0,0,0,44.91031289104433,137.6774471261263,366.3861363204106,-0.09745276232897027,0.6154204295052637,1.7498686115200144,43.45493740100028
NATIVE,hip_ordinary,discovery,coarse_hip_ordinary_020_native,COARSE,-1,0.12,0.5,H4,False,False,VALID,,682.3986797302274,682.3986797302274,631.1302004874829,-51.26847924274455,7.024999999991264,6.529999999988901,0.49500000000236355,3.0,2.995,True,False,97.13860209682953,97.59079249066922,117.69947329659207,84.64314156039919,15.940004020369948,0.035821291337859426,0.0,0,0,0,45.555840437655846,145.33587235197376,302.70769714359676,-0.027864262789222494,-3.2212223352863134,-2.048693338453063,41.57882738199987
MATCHED,hip_ordinary,discovery,coarse_hip_ordinary_020_matched,COARSE,-1,0.12,0.5,H4,False,False,VALID,,825.3424914934526,825.3424914934526,766.8209505354864,-58.52154095796618,8.514999999998379,7.944999999995657,0.5700000000027217,3.77,3.715,False,False,96.92806711608367,97.25824989875605,114.74036452947114,102.36701008492126,15.032236226571849,0.036562538428286606,0.0,0,0,0,44.623381094514286,139.5241079005507,375.5129029491015,0.18947903420107082,-1.2312403449191152,-7.376898017170845,44.5075765269994
NATIVE,hip_ordinary,discovery,coarse_hip_ordinary_021_native,COARSE,1,0.12,0.7,H4,True,False,VALID,,621.7385010840903,621.7385010840903,631.1302004874829,9.391699403392522,6.5749999999891156,6.529999999988901,0.04500000000021487,2.985,3.075,True,False,94.56098875803654,95.01237068477135,115.00089747803104,81.65707548501025,15.79080091273774,0.03580493769189026,0.0,0,0,0,45.58324679718389,135.8368267835797,290.6574641359869,-0.055270622317266316,6.277823233107739,10.001539669156784,39.96057882600144
MATCHED,hip_ordinary,discovery,coarse_hip_ordinary_021_matched,COARSE,1,0.12,0.7,H4,True,False,VALID,,756.7213692191431,756.7213692191431,766.8209505354864,10.099581316343347,7.979999999995824,7.944999999995657,0.03500000000016712,3.745,3.72,False,False,94.82723925051918,95.15010163877338,110.83928603043114,98.26328269204286,15.546130270945547,0.03662885000977367,0.0,0,0,0,45.407458677323724,135.14425668146737,363.1725390979292,-0.5945985486083671,3.1486108741642056,4.963465834001454,43.92454357799943
NATIVE,hip_ordinary,discovery,coarse_hip_ordinary_022_native,COARSE,-1,0.18,0.7,H4,True,False,INFEASIBLE,NO_FEASIBLE_WAYPOINT:ValueError:COORDINATION_INFEASIBLE:target waypoint enters existing shank-table geometry (-3.914567 mm),,,631.1302004874829,,,6.529999999988901,,,,,False,,,,,,0.04138907205126739,0.0,0,0,0,,,,,,,23.11572567300027
MATCHED,hip_ordinary,discovery,coarse_hip_ordinary_022_matched,COARSE,-1,0.18,0.7,H4,True,False,INFEASIBLE,NO_FEASIBLE_WAYPOINT:ValueError:COORDINATION_INFEASIBLE:target waypoint enters existing shank-table geometry (-3.914567 mm),,,766.8209505354864,,,7.944999999995657,,,,,False,,,,,,0.04138907205126739,0.0,0,0,0,,,,,,,22.736816880000333
NATIVE,hip_ordinary,discovery,coarse_hip_ordinary_023_native,COARSE,1,0.18,0.3,H4,False,False,INFEASIBLE,NO_FEASIBLE_WAYPOINT:ValueError:MATCHED_PACING_INFEASIBLE:baseline waypoint count exhausted,,,631.1302004874829,,,6.529999999988901,,,,,False,,,,,,0.04138907205126739,0.0,0,0,0,,,,,,,32.00286320000123
MATCHED,hip_ordinary,discovery,coarse_hip_ordinary_023_matched,COARSE,1,0.18,0.3,H4,False,False,INFEASIBLE,NO_FEASIBLE_WAYPOINT:ValueError:MATCHED_PACING_INFEASIBLE:fixed-duration reference exceeds registered causal 20 ms acceleration limits,,,766.8209505354864,,,7.944999999995657,,,,,False,,,,,,0.04138907205126739,0.0,0,0,0,,,,,,,32.66614737599957
NATIVE,hip_ordinary,discovery,coarse_hip_ordinary_024_native,COARSE,-1,0.06,0.3,H2,False,False,VALID,,688.3585057639742,688.3585057639742,631.1302004874829,-57.22830527649137,7.049999999991384,6.529999999988901,0.5200000000024829,3.015,3.005,True,False,97.63950436368427,98.07572206392558,117.79473544412168,84.60999350593971,15.888400612143315,0.03829952530057126,0.0,0,0,0,45.536641448818365,144.1994327321536,303.79640289197914,-0.00866527395174188,-2.0847827154661616,-3.137399086835444,41.280974424000306
MATCHED,hip_ordinary,discovery,coarse_hip_ordinary_024_matched,COARSE,-1,0.06,0.3,H2,False,False,VALID,,768.9560598599066,768.9560598599066,766.8209505354864,-2.1351093244202275,7.944999999995657,7.944999999995657,0.0,3.73,3.7,True,True,96.78490369539416,97.09845383928418,113.48837321493734,96.27561148748276,15.075200761689713,0.03858121474210881,0.0,0,0,0,44.721238317702976,139.00289182729514,370.28468762647344,0.09162181101238076,-0.7100242716635705,-2.1486826945427993,43.89279527100007
NATIVE,hip_ordinary,discovery,coarse_hip_ordinary_025_native,COARSE,1,0.06,0.5,H2,False,False,VALID,,649.5779638104904,649.5779638104904,631.1302004874829,-18.447763323007507,6.729999999989856,6.529999999988901,0.20000000000095497,3.215,3.0,False,False,96.51975688120213,96.94553770137608,115.3309693645636,82.01207511824816,15.79852711909615,0.037988811522305765,0.0,0,0,0,45.53575169869452,140.5694170893845,319.06318461158116,-0.00777552382789537,1.5452329273029477,-18.404180806437466,39.81348140699993
MATCHED,hip_ordinary,discovery,coarse_hip_ordinary_025_matched,COARSE,1,0.06,0.5,H2,False,False,VALID,,765.3969502102882,765.3969502102882,766.8209505354864,1.4240003251982216,7.944999999995657,7.944999999995657,0.0,3.73,3.7,True,True,96.33693520582608,96.6366173299996,112.43462419394274,96.64030533121681,15.177594030935905,0.03859420258222619,0.0,0,0,0,44.91031289104433,137.6774471261263,366.7064460512422,-0.09745276232897027,0.6154204295052637,1.4295588806884325,43.21208227100033
NATIVE,hip_ordinary,discovery,coarse_hip_ordinary_026_native,COARSE,0,0.0,0.5,H4,False,True,VALID,,686.130874281043,686.130874281043,631.1302004874829,-55.00067379356017,7.064999999991455,6.529999999988901,0.5350000000025545,3.025,3.0100000000000002,True,False,97.11689657198062,97.55908454627978,117.15619128188254,85.09949814355974,15.823802864119981,0.035923721575328194,0.0,0,0,0,45.52712923885659,142.4586061736105,302.6007324373051,0.0008469360100349377,-0.34395615692304204,-1.9417286321614142,41.10082003400021
MATCHED,hip_ordinary,discovery,coarse_hip_ordinary_026_matched,COARSE,0,0.0,0.5,H4,False,True,VALID,,821.2221577045603,821.2221577045603,766.8209505354864,-54.40120716907393,8.474999999998188,7.944999999995657,0.5300000000025307,3.73,3.715,False,False,96.89936964065608,97.21855542456647,114.11458965299882,101.94632310188396,15.122117218966924,0.03667086674383099,0.0,0,0,0,44.81153034261998,138.35732848224933,369.17657396657194,0.0013297860953755958,-0.06446092661775538,-1.040569034641294,44.36995123000088
NATIVE,knee_ordinary,discovery,coarse_knee_ordinary_000_native,COARSE,-1,0.02,0.3,H1,False,False,VALID,,674.3667960657847,674.3667960657847,667.6726398703886,-6.69415619539609,6.364999999988113,6.304999999987826,0.06000000000028649,2.91,2.94,True,False,105.94922169140371,106.43242494939213,125.98248862033235,71.12904785647663,17.069276619679027,0.0004971650426963377,0.0,0,0,0,50.01989992722648,160.2725907659589,325.6831497814209,-0.01741521030780291,0.48834686089378465,-7.235610567487015,39.66077342199969
MATCHED,knee_ordinary,discovery,coarse_knee_ordinary_000_matched,COARSE,-1,0.02,0.3,H1,False,False,VALID,,792.9845701949737,792.9845701949737,792.9005821677339,-0.0839880272397977,7.484999999993461,7.484999999993461,0.0,3.465,3.505,True,True,105.9431623506979,106.34395196099598,123.47387541050833,83.77921396880875,16.447242610884306,0.001965032954534357,0.0,0,0,0,49.3343933267827,155.733894182208,384.21310482422115,-0.021182966534993852,-0.07610702698113414,-0.08412000931014063,43.05771374299911
NATIVE,knee_ordinary,discovery,coarse_knee_ordinary_001_native,COARSE,1,0.02,0.5,H1,False,False,VALID,,673.8331823488622,673.8331823488622,667.6726398703886,-6.160542478473644,6.359999999988089,6.304999999987826,0.05500000000026262,2.89,2.955,False,False,105.94861357686513,106.43293044592637,125.30450591542855,71.04128383928085,17.154090338346084,0.00031846752244082694,0.0,0,0,0,49.959941812113165,160.65827523382706,323.5574449949645,0.042542904805515036,0.10266239302563918,-5.109905781030591,39.53371094999966
MATCHED,knee_ordinary,discovery,coarse_knee_ordinary_001_matched,COARSE,1,0.02,0.5,H1,False,False,VALID,,792.8131454818517,792.8131454818517,792.9005821677339,0.08743668588215314,7.484999999993461,7.484999999993461,0.0,3.465,3.505,True,True,105.92025991741505,106.32228921432916,123.4717328695546,83.82047449058078,16.434452018909187,0.0019190358341365206,0.0,0,0,0,49.2915884510121,155.5780720589498,384.0414709107843,0.021621909235605585,0.07971509627705586,0.0875139041266948,41.30545164600153
NATIVE,knee_ordinary,discovery,coarse_knee_ordinary_002_native,COARSE,-1,0.06,0.5,H1,False,False,INVALID,SESSION_CLEARANCE_LIMIT,,,667.6726398703886,,,6.304999999987826,,,,,False,,,,,,-4.135976460237049e-06,0.0,0,0,0,,,,,,,30.424047512999095
MATCHED,knee_ordinary,discovery,coarse_knee_ordinary_002_matched,COARSE,-1,0.06,0.5,H1,False,False,VALID,,793.6993667546374,793.6993667546374,792.9005821677339,-0.79878458690348,7.4899999999934845,7.484999999993461,0.005000000000023874,3.47,3.505,True,True,105.96787273092623,106.3674879521162,123.47629252316347,83.79623239169632,16.462683982223247,0.0020160301590420706,0.0,0,0,0,49.38099051007633,155.86426702281523,384.92827448060814,-0.06778014982862146,-0.20647986758837078,-0.7992896656971311,42.25354495099964
NATIVE,knee_ordinary,discovery,coarse_knee_ordinary_003_native,COARSE,1,0.06,0.7,H1,False,False,VALID,,673.8856228047309,673.8856228047309,667.6726398703886,-6.212982934342335,6.374999999988161,6.304999999987826,0.07000000000033424,2.92,2.94,True,False,105.70754867525191,106.1931242024559,124.43450232549988,71.72405166480058,16.97863488541905,0.003966871384621176,0.0,0,0,0,49.471749910806494,158.7365276164977,325.09499495924666,0.5307348061121857,2.024410010354984,-6.6474557453127545,39.99720764899939
MATCHED,knee_ordinary,discovery,coarse_knee_ordinary_003_matched,COARSE,1,0.06,0.7,H1,False,False,INFEASIBLE,NO_FEASIBLE_WAYPOINT:ValueError:COORDINATION_INFEASIBLE:CAUSAL_TRACKING_OFFSET_CLEARANCE,,,792.9005821677339,,,7.484999999993461,,,,,False,,,,,,0.00523916538563515,0.0,0,0,0,,,,,,,27.046413942000072
NATIVE,knee_ordinary,discovery,coarse_knee_ordinary_004_native,COARSE,-1,0.12,0.7,H1,False,False,INFEASIBLE,NO_FEASIBLE_WAYPOINT:ValueError:COORDINATION_INFEASIBLE:target waypoint enters existing shank-table geometry (-34.831079 mm),,,667.6726398703886,,,6.304999999987826,,,,,False,,,,,,0.019809505367423815,0.0,0,0,0,,,,,,,23.37601453499883
MATCHED,knee_ordinary,discovery,coarse_knee_ordinary_004_matched,COARSE,-1,0.12,0.7,H1,False,False,INFEASIBLE,NO_FEASIBLE_WAYPOINT:ValueError:COORDINATION_INFEASIBLE:target waypoint enters existing shank-table geometry (-34.831079 mm),,,792.9005821677339,,,7.484999999993461,,,,,False,,,,,,0.019809505367423815,0.0,0,0,0,,,,,,,23.135979242000758
NATIVE,knee_ordinary,discovery,coarse_knee_ordinary_005_native,COARSE,1,0.12,0.3,H1,False,False,VALID,,669.1063917170014,669.1063917170014,667.6726398703886,-1.4337518466128358,6.324999999987922,6.304999999987826,0.020000000000095497,2.855,2.955,False,False,105.78757181296464,106.27709442760128,126.0924930457095,70.97408200143639,17.076091694877103,0.0029192588360220347,0.0,0,0,0,49.64693554579384,159.76460130483082,318.80585416677343,0.3555491711248422,0.9963363220218753,-0.3583149528395211,38.83142299800056
MATCHED,knee_ordinary,discovery,coarse_knee_ordinary_005_matched,COARSE,1,0.12,0.3,H1,False,False,VALID,,793.3709449537769,793.3709449537769,792.9005821677339,-0.4703627860429833,7.494999999993508,7.484999999993461,0.010000000000047748,3.475,3.505,True,True,105.85336156821573,106.26007758834163,123.46015312301859,84.06443680048812,16.413094764288218,0.0018383679489771794,0.0,0,0,0,49.19567973897659,155.03614482746897,384.59957427237873,0.11753062127112202,0.6216423277578826,-0.4705894574677245,41.24781230100052
NATIVE,knee_ordinary,discovery,coarse_knee_ordinary_006_native,COARSE,-1,0.18,0.3,H1,False,False,INFEASIBLE,NO_FEASIBLE_WAYPOINT:ValueError:COORDINATION_INFEASIBLE:target waypoint enters existing shank-table geometry (-10.621384 mm),,,667.6726398703886,,,6.304999999987826,,,,,False,,,,,,0.019809505367423815,0.0,0,0,0,,,,,,,23.08420924500024
MATCHED,knee_ordinary,discovery,coarse_knee_ordinary_006_matched,COARSE,-1,0.18,0.3,H1,False,False,INFEASIBLE,NO_FEASIBLE_WAYPOINT:ValueError:COORDINATION_INFEASIBLE:target waypoint enters existing shank-table geometry (-10.621384 mm),,,792.9005821677339,,,7.484999999993461,,,,,False,,,,,,0.019809505367423815,0.0,0,0,0,,,,,,,22.50259577399993
NATIVE,knee_ordinary,discovery,coarse_knee_ordinary_007_native,COARSE,1,0.18,0.5,H1,False,False,VALID,,674.8351019279453,674.8351019279453,667.6726398703886,-7.162462057556695,6.384999999988208,6.304999999987826,0.08000000000038199,2.9250000000000003,2.945,True,False,105.69069724791626,106.17641169108967,124.41719297724688,71.86496755646144,16.981010956286752,0.003864765067751183,0.0,0,0,0,49.460255126538705,158.67369076266803,325.5792183790393,0.542229590379975,2.0872468641846638,-7.131679165105368,39.65672805899885
MATCHED,knee_ordinary,discovery,coarse_knee_ordinary_007_matched,COARSE,1,0.18,0.5,H1,False,False,INFEASIBLE,NO_FEASIBLE_WAYPOINT:ValueError:COORDINATION_INFEASIBLE:CAUSAL_TRACKING_OFFSET_CLEARANCE,,,792.9005821677339,,,7.484999999993461,,,,,False,,,,,,0.005160899203233507,0.0,0,0,0,,,,,,,25.663647950999803
NATIVE,knee_ordinary,discovery,coarse_knee_ordinary_008_native,COARSE,-1,0.02,0.5,H3,False,False,INFEASIBLE,NO_FEASIBLE_WAYPOINT:ValueError:COORDINATION_INFEASIBLE:target waypoint enters existing shank-table geometry (-1.994596 mm),,,667.6726398703886,,,6.304999999987826,,,,,False,,,,,,0.00415295087345535,0.0,0,0,0,,,,,,,25.500948968001467
MATCHED,knee_ordinary,discovery,coarse_knee_ordinary_008_matched,COARSE,-1,0.02,0.5,H3,False,False,INFEASIBLE,NO_FEASIBLE_WAYPOINT:ValueError:COORDINATION_INFEASIBLE:target waypoint enters existing shank-table geometry (-1.994596 mm),,,792.9005821677339,,,7.484999999993461,,,,,False,,,,,,0.003814846331793892,0.0,0,0,0,,,,,,,26.265901647000646
NATIVE,knee_ordinary,discovery,coarse_knee_ordinary_009_native,COARSE,1,0.02,0.7,H3,False,False,VALID,,664.179382944193,664.179382944193,667.6726398703886,3.4932569261956132,6.274999999987683,6.304999999987826,-0.030000000000143245,2.815,2.945,True,False,105.84531999110644,106.33269735630887,126.23251798798991,70.37068692278581,17.182026760764217,0.0037172467574092235,0.0,0,0,0,49.85943222121772,160.52728320779278,314.9575825775626,0.14305249570095668,0.23365441905991702,3.4899566363712893,39.969527021999966
MATCHED,knee_ordinary,discovery,coarse_knee_ordinary_009_matched,COARSE,1,0.02,0.7,H3,False,False,VALID,,791.7302947662861,791.7302947662861,792.9005821677339,1.1702874014478084,7.479999999993437,7.484999999993461,-0.005000000000023874,3.46,3.505,True,True,105.84629609174947,106.24862344208734,123.41633782480886,83.95083088133192,16.423904620466214,0.003625459847604454,0.0,0,0,0,49.25161768435959,155.1014108898263,382.9586190155003,0.06159267588812156,0.5563762654005586,1.1703657994107175,41.59145299900047
NATIVE,knee_ordinary,discovery,coarse_knee_ordinary_010_native,COARSE,-1,0.06,0.7,H3,False,False,INFEASIBLE,NO_FEASIBLE_WAYPOINT:ValueError:COORDINATION_INFEASIBLE:target waypoint enters existing shank-table geometry (-10.925079 mm),,,667.6726398703886,,,6.304999999987826,,,,,False,,,,,,0.019809505367423815,0.0,0,0,0,,,,,,,22.771143898000446
MATCHED,knee_ordinary,discovery,coarse_knee_ordinary_010_matched,COARSE,-1,0.06,0.7,H3,False,False,INFEASIBLE,NO_FEASIBLE_WAYPOINT:ValueError:COORDINATION_INFEASIBLE:target waypoint enters existing shank-table geometry (-10.925079 mm),,,792.9005821677339,,,7.484999999993461,,,,,False,,,,,,0.019809505367423815,0.0,0,0,0,,,,,,,23.044259132999287
NATIVE,knee_ordinary,discovery,coarse_knee_ordinary_011_native,COARSE,1,0.06,0.3,H3,False,False,VALID,,676.5544865277088,676.5544865277088,667.6726398703886,-8.881846657320239,6.389999999988232,6.304999999987826,0.08500000000040586,2.92,2.955,False,False,105.87707144408589,106.355640187604,125.42848821487277,71.6188236331719,17.181894064527217,0.0028473458217323474,0.0,0,0,0,49.86168680945737,159.95707700365273,326.2481688592302,0.14079790746131238,0.8038606231999665,-7.800629645296283,39.04520632399908
MATCHED,knee_ordinary,discovery,coarse_knee_ordinary_011_matched,COARSE,1,0.06,0.3,H3,False,False,VALID,,800.294096448044,800.294096448044,792.9005821677339,-7.393514280310114,7.564999999993843,7.484999999993461,0.08000000000038199,3.545,3.505,True,False,105.78904116960264,106.18461830827401,123.64853517073247,85.14858330249481,16.424089737712602,0.0027350960214184124,0.0,0,0,0,49.252371416009275,154.72341374329844,391.4198631450748,0.06083894423843361,0.9343734119284193,-7.290878330163821,42.35071581000011
NATIVE,knee_ordinary,discovery,coarse_knee_ordinary_012_native,COARSE,-1,0.12,0.3,H3,False,False,INFEASIBLE,NO_FEASIBLE_WAYPOINT:ValueError:COORDINATION_INFEASIBLE:target waypoint enters existing shank-table geometry (-2.722829 mm),,,667.6726398703886,,,6.304999999987826,,,,,False,,,,,,0.019809505367423815,0.0,0,0,0,,,,,,,23.059438287000376
MATCHED,knee_ordinary,discovery,coarse_knee_ordinary_012_matched,COARSE,-1,0.12,0.3,H3,False,False,INFEASIBLE,NO_FEASIBLE_WAYPOINT:ValueError:COORDINATION_INFEASIBLE:target waypoint enters existing shank-table geometry (-2.722829 mm),,,792.9005821677339,,,7.484999999993461,,,,,False,,,,,,0.019809505367423815,0.0,0,0,0,,,,,,,23.018388694999885
NATIVE,knee_ordinary,discovery,coarse_knee_ordinary_013_native,COARSE,1,0.12,0.5,H3,False,False,VALID,,666.5657377485996,666.5657377485996,667.6726398703886,1.1069021217889485,6.304999999987826,6.304999999987826,0.0,2.85,2.94,True,False,105.72018045180008,106.20578326917583,125.38558797183832,70.97646267554097,17.04822313079378,0.0038345949323513847,0.0,0,0,0,49.62424286912147,159.24255967942798,317.78663570862955,0.3782418477972129,1.5183779474247103,0.6609035053043613,39.46076662800078
MATCHED,knee_ordinary,discovery,coarse_knee_ordinary_013_matched,COARSE,1,0.12,0.5,H3,False,False,VALID,,792.9956056542865,792.9956056542865,792.9005821677339,-0.0950234865525772,7.504999999993556,7.484999999993461,0.020000000000095497,3.485,3.505,True,True,105.66230588331601,106.06361493718951,123.60963114750174,84.73359304300288,16.41267379680854,0.0038406809118990944,0.0,0,0,0,49.19096673451036,153.93185419472422,384.17823331276634,0.12224362573734737,1.7259329605026323,-0.0492484978553307,42.6343717969994
NATIVE,knee_ordinary,discovery,coarse_knee_ordinary_014_native,COARSE,-1,0.18,0.5,H3,False,False,INFEASIBLE,NO_FEASIBLE_WAYPOINT:ValueError:COORDINATION_INFEASIBLE:target waypoint enters existing shank-table geometry (-11.646838 mm),,,667.6726398703886,,,6.304999999987826,,,,,False,,,,,,0.019809505367423815,0.0,0,0,0,,,,,,,23.016489173000082
MATCHED,knee_ordinary,discovery,coarse_knee_ordinary_014_matched,COARSE,-1,0.18,0.5,H3,False,False,INFEASIBLE,NO_FEASIBLE_WAYPOINT:ValueError:COORDINATION_INFEASIBLE:target waypoint enters existing shank-table geometry (-11.646838 mm),,,792.9005821677339,,,7.484999999993461,,,,,False,,,,,,0.019809505367423815,0.0,0,0,0,,,,,,,22.83574290499928
NATIVE,knee_ordinary,discovery,coarse_knee_ordinary_015_native,COARSE,1,0.18,0.7,H3,False,False,VALID,,699.2601295051395,699.2601295051395,667.6726398703886,-31.58748963475091,6.664999999989545,6.304999999987826,0.36000000000171894,3.21,2.94,True,False,104.91524823783038,105.41724496356913,124.61118912698369,76.69677814363436,16.93066606502146,0.0010438985069286784,0.0,0,0,0,48.94560056789934,151.0262840680583,350.504599475904,1.0568841490193392,9.734653558794406,-32.05706026197009,40.029090869000356
MATCHED,knee_ordinary,discovery,coarse_knee_ordinary_015_matched,COARSE,1,0.18,0.7,H3,False,False,VALID,,799.1976043598517,799.1976043598517,792.9005821677339,-6.297022192117765,7.614999999994081,7.484999999993461,0.13000000000062073,3.595,3.505,True,False,104.95044049374283,105.38552936190524,123.79972161083191,87.60855438765164,16.555745048533076,0.0015152359477934836,0.0,0,0,0,48.92076569783206,148.2333224953268,390.4086003102136,0.3924446624156488,7.424464659900053,-6.2796154953026075,41.9200224289998
NATIVE,knee_ordinary,discovery,coarse_knee_ordinary_016_native,COARSE,-1,0.02,0.7,H4,False,False,INFEASIBLE,NO_FEASIBLE_WAYPOINT:ValueError:COORDINATION_INFEASIBLE:target waypoint enters existing shank-table geometry (-0.690294 mm),,,667.6726398703886,,,6.304999999987826,,,,,False,,,,,,0.004475451942661632,0.0,0,0,0,,,,,,,23.912430201999086
MATCHED,knee_ordinary,discovery,coarse_knee_ordinary_016_matched,COARSE,-1,0.02,0.7,H4,False,False,INFEASIBLE,NO_FEASIBLE_WAYPOINT:ValueError:COORDINATION_INFEASIBLE:target waypoint enters existing shank-table geometry (-0.690294 mm),,,792.9005821677339,,,7.484999999993461,,,,,False,,,,,,0.004575233604316828,0.0,0,0,0,,,,,,,25.133979239999462
NATIVE,knee_ordinary,discovery,coarse_knee_ordinary_017_native,COARSE,1,0.02,0.3,H4,True,False,VALID,,676.5188866391902,676.5188866391902,667.6726398703886,-8.84624676880162,6.39999999998828,6.304999999987826,0.09500000000045361,2.855,3.0300000000000002,False,False,105.70607603737349,106.19763802783265,126.1156575545909,71.97520815716307,17.154162243789717,0.003949100189910845,0.0,0,0,0,49.962498139297416,160.62435188974575,319.4432464862994,0.039986577621263564,0.136585737106941,-0.9957072723655074,39.35258608000004
MATCHED,knee_ordinary,discovery,coarse_knee_ordinary_017_matched,COARSE,1,0.02,0.3,H4,True,False,VALID,,801.37635320556,801.37635320556,792.9005821677339,-8.47577103782612,7.584999999993938,7.484999999993461,0.10000000000047748,3.485,3.585,True,False,105.65278222881477,106.06379578348806,123.49368056092932,85.49666000520196,16.434702411451035,0.003967468760071949,0.0,0,0,0,49.29247641471822,155.40228045314905,385.86980053950924,0.02073394552948571,0.2555067020778097,-1.7408157245982352,43.095768688001044
NATIVE,knee_ordinary,discovery,coarse_knee_ordinary_018_native,COARSE,-1,0.06,0.3,H4,True,False,INFEASIBLE,NO_FEASIBLE_WAYPOINT:ValueError:COORDINATION_INFEASIBLE:target waypoint enters existing shank-table geometry (-10.064893 mm),,,667.6726398703886,,,6.304999999987826,,,,,False,,,,,,0.00459238917622484,0.0,0,0,0,,,,,,,24.411507513999823
MATCHED,knee_ordinary,discovery,coarse_knee_ordinary_018_matched,COARSE,-1,0.06,0.3,H4,True,False,INFEASIBLE,NO_FEASIBLE_WAYPOINT:ValueError:COORDINATION_INFEASIBLE:target waypoint enters existing shank-table geometry (-10.064893 mm),,,792.9005821677339,,,7.484999999993461,,,,,False,,,,,,0.004688530332405708,0.0,0,0,0,,,,,,,24.63392371900045
NATIVE,knee_ordinary,discovery,coarse_knee_ordinary_019_native,COARSE,1,0.06,0.5,H4,False,False,VALID,,660.8330050912746,660.8330050912746,667.6726398703886,6.8396347791140215,6.234999999987492,6.304999999987826,-0.07000000000033424,2.825,2.895,False,False,105.98765117742975,106.46789471498813,125.85156755604422,69.68051245087787,17.15312664162716,0.0010211360021141454,0.0,0,0,0,49.83883814862858,160.298139397608,315.9069763955828,0.1636465682900976,0.46279822924469727,2.540562818351134,38.82113333200141
MATCHED,knee_ordinary,discovery,coarse_knee_ordinary_019_matched,COARSE,1,0.06,0.5,H4,False,False,VALID,,794.7875037469311,794.7875037469311,792.9005821677339,-1.8869215791971783,7.499999999993532,7.484999999993461,0.015000000000071623,3.465,3.52,True,True,105.97166716625748,106.36740474246812,123.48429685744442,83.91875158888277,16.42346752910439,0.0014074646117348518,0.0,0,0,0,49.24982890184045,154.95825711287196,383.19537902685795,0.06338145840725673,0.699530042354894,0.9336057880530575,41.71835855000063
NATIVE,knee_ordinary,discovery,coarse_knee_ordinary_020_native,COARSE,-1,0.12,0.5,H4,False,False,INFEASIBLE,NO_FEASIBLE_WAYPOINT:ValueError:COORDINATION_INFEASIBLE:target waypoint enters existing shank-table geometry (-3.407674 mm),,,667.6726398703886,,,6.304999999987826,,,,,False,,,,,,0.019809505367423815,0.0,0,0,0,,,,,,,23.349313185999563
MATCHED,knee_ordinary,discovery,coarse_knee_ordinary_020_matched,COARSE,-1,0.12,0.5,H4,False,False,INFEASIBLE,NO_FEASIBLE_WAYPOINT:ValueError:COORDINATION_INFEASIBLE:target waypoint enters existing shank-table geometry (-3.407674 mm),,,792.9005821677339,,,7.484999999993461,,,,,False,,,,,,0.019809505367423815,0.0,0,0,0,,,,,,,22.72331508699972
NATIVE,knee_ordinary,discovery,coarse_knee_ordinary_021_native,COARSE,1,0.12,0.7,H4,True,False,VALID,,691.8158292427845,691.8158292427845,667.6726398703886,-24.14318937239591,6.584999999989163,6.304999999987826,0.28000000000133696,3.06,3.0100000000000002,False,False,105.05935144157702,105.55104509208164,124.90391346755445,75.76871388779554,16.756186974199363,0.00211606475611095,0.0,0,0,0,49.13427802799603,155.12411143490925,337.44194211623926,0.8682066889226476,5.636826191943442,-18.994402902305353,39.62739931900069
MATCHED,knee_ordinary,discovery,coarse_knee_ordinary_021_matched,COARSE,1,0.12,0.7,H4,True,False,VALID,,761.8430907055136,761.8430907055136,792.9005821677339,31.05749146222024,7.224999999992219,7.484999999993461,-0.26000000000124146,3.5300000000000002,3.18,False,False,105.44541047827178,105.84739102977692,123.44565061882547,82.86510645475238,16.450595436190735,0.0024292570891889216,0.0,0,0,0,49.00960348855744,151.09024567666762,386.4749592269511,0.30360687169027045,4.567541478559235,-2.345974412040107,40.785429124000075
NATIVE,knee_ordinary,discovery,coarse_knee_ordinary_022_native,COARSE,-1,0.18,0.7,H4,True,False,INFEASIBLE,NO_FEASIBLE_WAYPOINT:ValueError:COORDINATION_INFEASIBLE:target waypoint enters existing shank-table geometry (-58.573786 mm),,,667.6726398703886,,,6.304999999987826,,,,,False,,,,,,0.019809505367423815,0.0,0,0,0,,,,,,,23.667616368999006
MATCHED,knee_ordinary,discovery,coarse_knee_ordinary_022_matched,COARSE,-1,0.18,0.7,H4,True,False,INFEASIBLE,NO_FEASIBLE_WAYPOINT:ValueError:COORDINATION_INFEASIBLE:target waypoint enters existing shank-table geometry (-58.573786 mm),,,792.9005821677339,,,7.484999999993461,,,,,False,,,,,,0.019809505367423815,0.0,0,0,0,,,,,,,22.542302607000238
NATIVE,knee_ordinary,discovery,coarse_knee_ordinary_023_native,COARSE,1,0.18,0.3,H4,False,False,INFEASIBLE,NO_FEASIBLE_WAYPOINT:ValueError:COORDINATION_INFEASIBLE:CAUSAL_TRACKING_OFFSET_CLEARANCE,,,667.6726398703886,,,6.304999999987826,,,,,False,,,,,,0.019804903212845722,0.0,0,0,0,,,,,,,29.582679650999125
MATCHED,knee_ordinary,discovery,coarse_knee_ordinary_023_matched,COARSE,1,0.18,0.3,H4,False,False,INFEASIBLE,NO_FEASIBLE_WAYPOINT:ValueError:COORDINATION_INFEASIBLE:CAUSAL_TRACKING_OFFSET_CLEARANCE,,,792.9005821677339,,,7.484999999993461,,,,,False,,,,,,0.019806032059859976,0.0,0,0,0,,,,,,,30.956835795001098
NATIVE,knee_ordinary,discovery,coarse_knee_ordinary_024_native,COARSE,-1,0.06,0.3,H2,False,False,INFEASIBLE,NO_FEASIBLE_WAYPOINT:ValueError:COORDINATION_INFEASIBLE:target waypoint enters existing shank-table geometry (-10.064893 mm),,,667.6726398703886,,,6.304999999987826,,,,,False,,,,,,0.00459238917622484,0.0,0,0,0,,,,,,,24.261218153998925
MATCHED,knee_ordinary,discovery,coarse_knee_ordinary_024_matched,COARSE,-1,0.06,0.3,H2,False,False,INFEASIBLE,NO_FEASIBLE_WAYPOINT:ValueError:COORDINATION_INFEASIBLE:target waypoint enters existing shank-table geometry (-10.064893 mm),,,792.9005821677339,,,7.484999999993461,,,,,False,,,,,,0.004688530332405708,0.0,0,0,0,,,,,,,25.34841689700079
NATIVE,knee_ordinary,discovery,coarse_knee_ordinary_025_native,COARSE,1,0.06,0.5,H2,False,False,VALID,,658.9415858435519,658.9415858435519,667.6726398703886,8.73105402683666,6.229999999987468,6.304999999987826,-0.07500000000035811,2.765,2.95,False,False,105.7691149026568,106.26263324641491,126.18034680774129,69.99104326349868,17.15312664162716,0.0037351766957066075,0.0,0,0,0,49.83883814862858,160.298139397608,309.2404397733892,0.1636465682900976,0.46279822924469727,9.20709944054471,38.83517972300069
MATCHED,knee_ordinary,discovery,coarse_knee_ordinary_025_matched,COARSE,1,0.06,0.5,H2,False,False,VALID,,789.8697575205977,789.8697575205977,792.9005821677339,3.030824647136228,7.464999999993365,7.484999999993461,-0.020000000000095497,3.4450000000000003,3.505,True,True,105.80974648634931,106.2117935746001,123.1213932158814,83.86657851979086,16.42346752910439,0.003546186063150378,0.0,0,0,0,49.24982890184045,154.95825711287196,381.10193019710715,0.06338145840725673,0.699530042354894,3.0270546178038558,42.088755300999765
NATIVE,knee_ordinary,discovery,coarse_knee_ordinary_026_native,COARSE,0,0.0,0.5,H4,False,True,INFEASIBLE,NO_FEASIBLE_WAYPOINT:ValueError:COORDINATION_INFEASIBLE:target waypoint enters existing shank-table geometry (-0.010206 mm),,,667.6726398703886,,,6.304999999987826,,,,,False,,,,,,0.007483675070458618,0.0,0,0,0,,,,,,,24.97810709499936
MATCHED,knee_ordinary,discovery,coarse_knee_ordinary_026_matched,COARSE,0,0.0,0.5,H4,False,True,INFEASIBLE,NO_FEASIBLE_WAYPOINT:ValueError:COORDINATION_INFEASIBLE:target waypoint enters existing shank-table geometry (-0.010206 mm),,,792.9005821677339,,,7.484999999993461,,,,,False,,,,,,0.007146297498867441,0.0,0,0,0,,,,,,,25.96284756300156
NATIVE,elevated_start,refinement,coarse_elevated_start_000_native,COARSE,-1,0.02,0.3,H1,False,False,VALID,,629.5424755965548,629.5424755965548,631.4240196124069,1.8815440158521142,6.319999999987898,6.3399999999879935,-0.020000000000095497,2.8850000000000002,2.92,True,False,99.6111512019865,99.811053256019,112.57860235125375,57.045510330822026,13.037072725109054,0.028603664593200153,0.0,0,0,0,49.85049114237259,153.24829982499466,297.54437333859346,-0.023084616962336213,-0.22734888088041316,2.297797743646356,39.35649043400008
MATCHED,elevated_start,refinement,coarse_elevated_start_000_matched,COARSE,-1,0.02,0.3,H1,False,False,VALID,,748.5508906165344,748.5508906165344,748.5061311195586,-0.04475949697575743,7.514999999993604,7.514999999993604,0.0,3.5100000000000002,3.49,True,True,99.60757027498795,99.73061045306368,109.49488324441747,67.74255822815097,12.63270876884154,0.02861207136221441,0.0,0,0,0,49.35650081689557,149.5599980597391,359.1284749039809,0.0055652421877425695,-0.03912537174809927,-0.04454686169060551,42.21233175400084
NATIVE,elevated_start,refinement,coarse_elevated_start_001_native,COARSE,1,0.02,0.5,H1,False,False,VALID,,633.7523419272786,633.7523419272786,631.4240196124069,-2.3283223148716843,6.364999999988113,6.3399999999879935,0.02500000000011937,2.94,2.91,True,False,99.56831766335878,99.76691452787777,112.613807965022,57.580540090679634,13.047506901265404,0.02863898773097556,0.0,0,0,0,49.80893060921959,152.74176826267,302.6459522050436,0.018475916190666908,0.2791826814442402,-2.803781122803798,38.959905427000194
MATCHED,elevated_start,refinement,coarse_elevated_start_001_matched,COARSE,1,0.02,0.5,H1,False,False,VALID,,748.4587333701134,748.4587333701134,748.5061311195586,0.04739774944528108,7.514999999993604,7.514999999993604,0.0,3.5100000000000002,3.49,True,True,99.59530716834509,99.71852699956001,109.49271902626596,67.78886857282963,12.670121024069575,0.028614869740718304,0.0,0,0,0,49.36807801911736,149.47930000635716,359.03670116137056,-0.006011960034051356,0.04157268163382355,0.04722688091970895,42.224948930999744
NATIVE,elevated_start,refinement,coarse_elevated_start_002_native,COARSE,-1,0.06,0.5,H1,False,False,VALID,,624.3653085386348,624.3653085386348,631.4240196124069,7.058711073772088,6.264999999987635,6.3399999999879935,-0.07500000000035811,2.825,2.9250000000000003,True,False,99.65926712508136,99.86114694716211,112.61429847284701,56.43293482447787,13.042057447985535,0.028517562506837662,0.0,0,0,0,49.906054425768154,153.76724227049652,291.9754414174928,-0.07864790035790037,-0.746291326382277,7.866729664747027,39.45026312600021
MATCHED,elevated_start,refinement,coarse_elevated_start_002_matched,COARSE,-1,0.06,0.5,H1,False,False,VALID,,748.6438510373421,748.6438510373421,748.5061311195586,-0.13771991778344272,7.514999999993604,7.514999999993604,0.0,3.5100000000000002,3.49,True,True,99.61994025779669,99.74307415719808,109.49780138070913,67.69834228390218,12.596776911298207,0.028606557669206164,0.0,0,0,0,49.34530897783723,149.64082934376756,359.2208528187027,0.01675708124608377,-0.11995665577657633,-0.1369247764124566,43.83716401899983
NATIVE,elevated_start,refinement,coarse_elevated_start_003_native,COARSE,1,0.06,0.7,H1,False,False,VALID,,662.209971161139,662.209971161139,631.4240196124069,-30.7859515487321,6.659999999989521,6.3399999999879935,0.32000000000152795,3.24,2.9050000000000002,False,False,99.43092660077164,99.62331165751151,112.58433123357223,60.55756583959936,13.109217120514886,0.028533974485444143,0.0,0,0,0,49.68910764584864,150.7323344510395,331.6559508506352,0.13829887956161713,2.2886164930747555,-31.813779768395364,41.34949589400094
MATCHED,elevated_start,refinement,coarse_elevated_start_003_matched,COARSE,1,0.06,0.7,H1,False,False,VALID,,748.065429623218,748.065429623218,748.5061311195586,0.44070149634058,7.514999999993604,7.514999999993604,0.0,3.5100000000000002,3.49,True,True,99.5429713404149,99.66959093685259,109.49017399391775,68.0080787721648,12.84655038860928,0.028599971325281564,0.0,0,0,0,49.422067761762705,149.12960890757307,358.6428311050864,-0.06000170267939353,0.39126378041791554,0.44109693720389487,43.029675222998776
NATIVE,elevated_start,refinement,coarse_elevated_start_004_native,COARSE,-1,0.12,0.7,H1,False,False,INVALID,SESSION_CLEARANCE_LIMIT,,,631.4240196124069,,,6.3399999999879935,,,,,False,,,,,,-0.0001490333423737637,0.0,0,0,0,,,,,,,24.655568827000025
MATCHED,elevated_start,refinement,coarse_elevated_start_004_matched,COARSE,-1,0.12,0.7,H1,False,False,INVALID,SESSION_CLEARANCE_LIMIT,,,748.5061311195586,,,7.514999999993604,,,,,False,,,,,,-0.00011732546772308654,0.0,0,0,0,,,,,,,24.402098615000796
NATIVE,elevated_start,refinement,coarse_elevated_start_005_native,COARSE,1,0.12,0.3,H1,False,False,VALID,,653.1772108956706,653.1772108956706,631.4240196124069,-21.753191283263618,6.564999999989068,6.3399999999879935,0.22500000000107434,3.15,2.9,False,False,99.49386304579902,99.68696833462256,112.56370566933914,59.462693680391205,13.07285173921857,0.02860454783026561,0.0,0,0,0,49.72607181306442,151.55579077193818,323.0995890447248,0.10133471234583169,1.4651601721760699,-23.257417962484965,40.131852086000436
MATCHED,elevated_start,refinement,coarse_elevated_start_005_matched,COARSE,1,0.12,0.3,H1,False,False,VALID,,748.2225994717166,748.2225994717166,748.5061311195586,0.2835316478419827,7.514999999993604,7.514999999993604,0.0,3.5100000000000002,3.49,True,True,99.56388549191172,99.68868135861322,109.49031228485856,67.91703170132017,12.77328700789886,0.028609841716003972,0.0,0,0,0,49.39968548076721,149.27024229237674,358.80058388984054,-0.037619421683899645,0.2506303956142517,0.2833441524497289,42.7357452819997
NATIVE,elevated_start,refinement,coarse_elevated_start_006_native,COARSE,-1,0.18,0.3,H1,False,False,VALID,,640.20314898172,640.20314898172,631.4240196124069,-8.779129369313068,6.414999999988352,6.3399999999879935,0.07500000000035811,2.99,2.91,False,False,99.79784083892751,99.99360777673529,112.64941675401529,57.00891809088798,13.001569998655668,0.02666085708218639,0.0,0,0,0,50.10534953517844,154.53939635461265,309.09478259532693,-0.27794300976818676,-1.5184454104984013,-9.252611513087118,39.391868790000444
MATCHED,elevated_start,refinement,coarse_elevated_start_006_matched,COARSE,-1,0.18,0.3,H1,False,False,VALID,,748.885150081925,748.885150081925,748.5061311195586,-0.3790189623663309,7.514999999993604,7.514999999993604,0.0,3.5100000000000002,3.49,True,True,99.65204924576513,99.77684025945881,109.53301711639708,67.59680394645571,12.515525080263943,0.02637029429964399,0.0,0,0,0,49.31882766619923,149.84793058851625,359.4601070512697,0.043238392884077825,-0.3270579005252614,-0.37617900897942036,41.908266637999986
NATIVE,elevated_start,refinement,coarse_elevated_start_007_native,COARSE,1,0.18,0.5,H1,False,False,VALID,,663.6577094361664,663.6577094361664,631.4240196124069,-32.233689823759505,6.674999999989593,6.3399999999879935,0.3350000000015996,3.255,2.9050000000000002,False,False,99.42437594549311,99.61645990552242,112.5783157395517,60.710174316298364,13.102437807591974,0.02852395362673694,0.0,0,0,0,49.680911552331494,150.61433234095722,333.10146023748365,0.14649497307875947,2.4066186031570282,-33.259289155243835,40.245903314000316
MATCHED,elevated_start,refinement,coarse_elevated_start_007_matched,COARSE,1,0.18,0.5,H1,False,False,VALID,,748.0507659472751,748.0507659472751,748.5061311195586,0.4553651722835639,7.514999999993604,7.514999999993604,0.0,3.5100000000000002,3.49,True,True,99.54102008613108,99.66783779634332,109.49018195691407,68.01674771700961,12.853529462453608,0.028598925826751675,0.0,0,0,0,49.42420456740406,149.11643838308424,358.6280981387006,-0.06213850832074996,0.4044343049067436,0.455829903589688,42.621753909999825
NATIVE,elevated_start,refinement,coarse_elevated_start_008_native,COARSE,-1,0.02,0.5,H3,False,False,VALID,,631.6244804902974,631.6244804902974,631.4240196124069,-0.20046087789046396,6.3399999999879935,6.3399999999879935,0.0,2.915,2.91,True,False,99.62531238017309,99.8240239392528,112.54994880994514,57.129436798493636,13.035886177142967,0.028628477403799587,0.0,0,0,0,49.85123152040079,153.3499140381988,300.53793312771893,-0.02382499499053381,-0.3289630940845427,-0.695762045479114,38.90946005399928
MATCHED,elevated_start,refinement,coarse_elevated_start_008_matched,COARSE,-1,0.02,0.5,H3,False,False,VALID,,748.6777885697968,748.6777885697968,748.5061311195586,-0.1716574502381718,7.514999999993604,7.514999999993604,0.0,3.5100000000000002,3.49,True,True,99.62445623017922,99.74762852512794,109.61345174272486,67.65906031388438,12.631960933800219,0.028613440760845165,0.0,0,0,0,49.356268906148685,149.68111690419062,359.26819865084417,0.005797152934626126,-0.16024421619962936,-0.1842706085539021,42.10853740700077
NATIVE,elevated_start,refinement,coarse_elevated_start_009_native,COARSE,1,0.02,0.7,H3,False,False,VALID,,631.5217213719066,631.5217213719066,631.4240196124069,-0.09770175949961413,6.344999999988017,6.3399999999879935,0.005000000000023874,2.915,2.915,True,False,99.53061014529654,99.73086884483436,112.53958065734574,57.555671881128326,13.060456213165063,0.028651102851377033,0.0,0,0,0,49.77404123785744,152.32436272995807,299.95649041234924,0.05336528755281478,0.6965882141561792,-0.1143193301094243,39.27616854799999
MATCHED,elevated_start,refinement,coarse_elevated_start_009_matched,COARSE,1,0.02,0.7,H3,False,False,VALID,,748.1688817259162,748.1688817259162,748.5061311195586,0.33724939364242346,7.514999999993604,7.514999999993604,0.0,3.5100000000000002,3.49,True,True,99.55673742194493,99.68010846284419,109.31830799858923,67.96389429288304,12.709286544468291,0.02861382223281737,0.0,0,0,0,49.38016623572101,149.16329118349682,358.734457207528,-0.018100176637702248,0.3575815044941635,0.3494708347622577,41.57207935199949
NATIVE,elevated_start,refinement,coarse_elevated_start_010_native,COARSE,-1,0.06,0.7,H3,False,False,VALID,,690.1465636919722,690.1465636919722,631.4240196124069,-58.722544079565296,6.909999999990715,6.3399999999879935,0.5700000000027217,2.955,2.9250000000000003,True,False,99.87649257481509,100.06102752312799,112.73404353427216,60.57985733904613,12.999651044333799,0.026352236019383284,0.0,0,0,0,50.10849703116179,154.52376690503007,305.3397357702677,-0.2810905057515356,-1.5028159609158251,-5.497564688027865,40.85304112400081
MATCHED,elevated_start,refinement,coarse_elevated_start_010_matched,COARSE,-1,0.06,0.7,H3,False,False,VALID,,749.4359941959362,749.4359941959362,748.5061311195586,-0.9298630763776146,7.514999999993604,7.514999999993604,0.0,3.5100000000000002,3.49,True,True,99.72534852906672,99.85024977715167,110.03404407686412,67.22326389234703,12.514353548226572,0.025987388122296836,0.0,0,0,0,49.31842986694886,150.54047256500428,360.0477528842375,0.043636192134449914,-1.0195998770132917,-0.9638248419472575,43.63241987499896
NATIVE,elevated_start,refinement,coarse_elevated_start_011_native,COARSE,1,0.06,0.3,H3,False,False,VALID,,642.0044268172592,642.0044268172592,631.4240196124069,-10.580407204852236,6.454999999988543,6.3399999999879935,0.11500000000054911,3.025,2.915,True,False,99.45847045968385,99.65761523701468,112.83444633732714,58.89281567280753,13.059425648804574,0.02854275737728255,0.0,0,0,0,49.774380100645736,151.62478029580012,310.4132157985757,0.0530264247645178,1.3961706483141256,-10.571044716335905,39.04285864800113
MATCHED,elevated_start,refinement,coarse_elevated_start_011_matched,COARSE,1,0.06,0.3,H3,False,False,INFEASIBLE,NO_FEASIBLE_WAYPOINT:ValueError:MATCHED_PACING_INFEASIBLE:fixed-duration reference exceeds registered causal 20 ms acceleration limits,,,748.5061311195586,,,7.514999999993604,,,,,False,,,,,,0.031986260802441976,0.0,0,0,0,,,,,,,31.523319750000155
NATIVE,elevated_start,refinement,coarse_elevated_start_012_native,COARSE,-1,0.12,0.3,H3,False,False,INFEASIBLE,NO_FEASIBLE_WAYPOINT:ValueError:MATCHED_PACING_INFEASIBLE:baseline waypoint count exhausted,,,631.4240196124069,,,6.3399999999879935,,,,,False,,,,,,0.031986260802441976,0.0,0,0,0,,,,,,,30.693360090999704
MATCHED,elevated_start,refinement,coarse_elevated_start_012_matched,COARSE,-1,0.12,0.3,H3,False,False,INFEASIBLE,NO_FEASIBLE_WAYPOINT:ValueError:MATCHED_PACING_INFEASIBLE:fixed-duration reference exceeds registered causal 20 ms acceleration limits,,,748.5061311195586,,,7.514999999993604,,,,,False,,,,,,0.031986260802441976,0.0,0,0,0,,,,,,,31.344579694001368
NATIVE,elevated_start,refinement,coarse_elevated_start_013_native,COARSE,1,0.12,0.5,H3,False,False,VALID,,634.7025963367951,634.7025963367951,631.4240196124069,-3.278576724388131,6.384999999988208,6.3399999999879935,0.04500000000021487,2.955,2.915,True,False,99.40526175987392,99.60592782770813,112.69236417193432,58.42292182316008,13.08088012378391,0.028506414925555747,0.0,0,0,0,49.724822802556425,151.00194628002845,303.18553938057346,0.10258372285382933,2.0190046640857986,-3.343368298333644,39.510865739999645
MATCHED,elevated_start,refinement,coarse_elevated_start_013_matched,COARSE,1,0.12,0.5,H3,False,False,VALID,,761.0783543838294,761.0783543838294,748.5061311195586,-12.572223264270747,7.6499999999942485,7.514999999993604,0.1350000000006446,3.645,3.49,False,False,99.48736658612148,99.60992903070462,109.07517206645413,69.3385338591346,12.779061583084362,0.028594137950718215,0.0,0,0,0,49.401447055275256,148.52769203074243,371.58265113306413,-0.03938099619194446,0.9931806572485584,-12.498723090773865,43.10382702300012
NATIVE,elevated_start,refinement,coarse_elevated_start_014_native,COARSE,-1,0.18,0.5,H3,False,False,INFEASIBLE,NO_FEASIBLE_WAYPOINT:ValueError:MATCHED_PACING_INFEASIBLE:baseline waypoint count exhausted,,,631.4240196124069,,,6.3399999999879935,,,,,False,,,,,,0.025259535632187562,0.0,0,0,0,,,,,,,31.416638827000497
MATCHED,elevated_start,refinement,coarse_elevated_start_014_matched,COARSE,-1,0.18,0.5,H3,False,False,INFEASIBLE,NO_FEASIBLE_WAYPOINT:ValueError:MATCHED_PACING_INFEASIBLE:baseline waypoint count exhausted,,,748.5061311195586,,,7.514999999993604,,,,,False,,,,,,0.02506858734616293,0.0,0,0,0,,,,,,,32.6164335630001
NATIVE,elevated_start,refinement,coarse_elevated_start_015_native,COARSE,1,0.18,0.7,H3,False,False,VALID,,638.288135714683,638.288135714683,631.4240196124069,-6.864116102276057,6.449999999988519,6.3399999999879935,0.11000000000052523,3.0100000000000002,2.9250000000000003,True,False,98.95940088599738,99.17355935733937,111.42657103945648,60.44314311992806,13.318863186621368,0.027972311455498663,0.0,0,0,0,49.520658877385415,146.30248254902025,305.7842731870113,0.3067476480248388,6.718468395093993,-5.942102104771493,39.55626137699983
MATCHED,elevated_start,refinement,coarse_elevated_start_015_matched,COARSE,1,0.18,0.7,H3,False,False,INFEASIBLE,NO_FEASIBLE_WAYPOINT:ValueError:MATCHED_PACING_INFEASIBLE:fixed-duration reference exceeds registered causal 20 ms acceleration limits,,,748.5061311195586,,,7.514999999993604,,,,,False,,,,,,0.031986260802441976,0.0,0,0,0,,,,,,,23.797942896000677
NATIVE,elevated_start,refinement,coarse_elevated_start_016_native,COARSE,-1,0.02,0.7,H4,False,False,VALID,,630.9294726573748,630.9294726573748,631.4240196124069,0.49454695503209223,6.33499999998797,6.3399999999879935,-0.005000000000023874,2.91,2.91,True,False,99.59423404220598,99.79434202823897,112.62764515224714,57.24564484358345,13.028576125821608,0.028100187497125114,0.0,0,0,0,49.9003098197213,153.68843950008664,300.2265535385064,-0.0729032943110468,-0.6674885559723975,-0.38438245626656453,39.07900063700072
MATCHED,elevated_start,refinement,coarse_elevated_start_016_matched,COARSE,-1,0.02,0.7,H4,False,False,VALID,,748.4866919262079,748.4866919262079,748.5061311195586,0.019439193350763162,7.514999999993604,7.514999999993604,0.0,3.5100000000000002,3.49,True,True,99.59902753509087,99.72289934292708,109.66888951813866,67.76795609087901,12.598282582768984,0.028329036664903103,0.0,0,0,0,49.34578472026624,149.86943586107068,359.41892933810277,0.016281338817073276,-0.34856317307969675,-0.3350012958125035,43.28942826299863
NATIVE,elevated_start,refinement,coarse_elevated_start_017_native,COARSE,1,0.02,0.3,H4,True,False,VALID,,630.619880089341,630.619880089341,631.4240196124069,0.8041395230659418,6.3399999999879935,6.3399999999879935,0.0,2.92,2.9050000000000002,True,False,99.46685805825568,99.66786327984886,112.63544111982677,57.73136281132183,13.046241459671913,0.028136689054616606,0.0,0,0,0,49.809510632513735,152.57272665025474,300.5142562197769,0.017895892896518717,0.4482242938595107,-0.6720851375370671,39.33478284800003
MATCHED,elevated_start,refinement,coarse_elevated_start_017_matched,COARSE,1,0.02,0.3,H4,True,False,VALID,,747.7395295060508,747.7395295060508,748.5061311195586,0.7666016135078735,7.514999999993604,7.514999999993604,0.0,3.5100000000000002,3.49,True,True,99.49960472469071,99.62371674751988,109.46318422066864,68.16141435673521,12.66931490517424,0.028798147086412828,0.0,0,0,0,49.367828969693974,149.3085202939199,358.72878494913545,-0.005762910610663141,0.21235239407107542,0.3551430931548225,42.057253441000285
NATIVE,elevated_start,refinement,coarse_elevated_start_018_native,COARSE,-1,0.06,0.3,H4,True,False,INFEASIBLE,NO_FEASIBLE_WAYPOINT:ValueError:MATCHED_PACING_INFEASIBLE:baseline waypoint count exhausted,,,631.4240196124069,,,6.3399999999879935,,,,,False,,,,,,0.031986260802441976,0.0,0,0,0,,,,,,,30.705123521000132
MATCHED,elevated_start,refinement,coarse_elevated_start_018_matched,COARSE,-1,0.06,0.3,H4,True,False,INFEASIBLE,NO_FEASIBLE_WAYPOINT:ValueError:MATCHED_PACING_INFEASIBLE:fixed-duration reference exceeds registered causal 20 ms acceleration limits,,,748.5061311195586,,,7.514999999993604,,,,,False,,,,,,0.008432404331368836,0.0,0,0,0,,,,,,,42.411967455000195
NATIVE,elevated_start,refinement,coarse_elevated_start_019_native,COARSE,1,0.06,0.5,H4,False,False,VALID,,630.5060457450638,630.5060457450638,631.4240196124069,0.9179738673431075,6.329999999987946,6.3399999999879935,-0.010000000000047748,2.9050000000000002,2.91,True,False,99.60601038626602,99.80578068126339,112.65105180416718,57.21938872334066,13.047498476164758,0.02371383199160663,0.0,0,0,0,49.76857493354422,152.0119924330001,298.7465371325196,0.058831591866031374,1.0089585111141446,1.0956339497201952,39.97402249199877
MATCHED,elevated_start,refinement,coarse_elevated_start_019_matched,COARSE,1,0.06,0.5,H4,False,False,VALID,,758.8742643694989,758.8742643694989,748.5061311195586,-10.368133249940229,7.624999999994129,7.514999999993604,0.11000000000052523,3.5100000000000002,3.6,False,False,99.52449368780312,99.6486109260853,109.27627682708761,69.0886890104953,12.711200550309632,0.0251204267330124,0.0,0,0,0,49.380756347828616,149.03116300161284,358.50742837762164,-0.01869028874530443,0.4897096863781485,0.5764996646686313,42.119639717999235
NATIVE,elevated_start,refinement,coarse_elevated_start_020_native,COARSE,-1,0.12,0.5,H4,False,False,INFEASIBLE,NO_FEASIBLE_WAYPOINT:ValueError:MATCHED_PACING_INFEASIBLE:baseline waypoint count exhausted,,,631.4240196124069,,,6.3399999999879935,,,,,False,,,,,,0.031986260802441976,0.0,0,0,0,,,,,,,30.430314791001365
MATCHED,elevated_start,refinement,coarse_elevated_start_020_matched,COARSE,-1,0.12,0.5,H4,False,False,INFEASIBLE,NO_FEASIBLE_WAYPOINT:ValueError:MATCHED_PACING_INFEASIBLE:baseline waypoint count exhausted,,,748.5061311195586,,,7.514999999993604,,,,,False,,,,,,0.031986260802441976,0.0,0,0,0,,,,,,,32.60768245399959
NATIVE,elevated_start,refinement,coarse_elevated_start_021_native,COARSE,1,0.12,0.7,H4,True,False,VALID,,643.1970407424233,643.1970407424233,631.4240196124069,-11.773021130016332,6.504999999988781,6.3399999999879935,0.16500000000078785,2.935,3.055,True,False,98.87733139775912,99.0904270920152,112.16527862229006,61.60332427232261,13.19969933867195,0.02569313556406366,0.0,0,0,0,49.588286345814446,148.41389650490083,299.70059916374436,0.23912017959580822,4.607054439213414,0.14157191849545825,39.44858373099851
MATCHED,elevated_start,refinement,coarse_elevated_start_021_matched,COARSE,1,0.12,0.7,H4,True,False,VALID,,770.5914534312523,770.5914534312523,748.5061311195586,-22.08532231169363,7.784999999994893,7.514999999993604,0.2700000000012892,3.66,3.61,False,False,98.98413017742483,99.1219584438468,108.45504036486189,72.89126147522848,13.101795651137616,0.026209991252326505,0.0,0,0,0,49.500070403479725,147.19927475895753,371.88985078671834,-0.13800434439641407,2.3215979290334587,-12.805922744428074,42.46910746600042
NATIVE,elevated_start,refinement,coarse_elevated_start_022_native,COARSE,-1,0.18,0.7,H4,True,False,INFEASIBLE,NO_FEASIBLE_WAYPOINT:ValueError:COORDINATION_INFEASIBLE:target waypoint enters existing shank-table geometry (-23.553301 mm),,,631.4240196124069,,,6.3399999999879935,,,,,False,,,,,,0.031986260802441976,0.0,0,0,0,,,,,,,23.389561261999916
MATCHED,elevated_start,refinement,coarse_elevated_start_022_matched,COARSE,-1,0.18,0.7,H4,True,False,INFEASIBLE,NO_FEASIBLE_WAYPOINT:ValueError:COORDINATION_INFEASIBLE:target waypoint enters existing shank-table geometry (-23.553301 mm),,,748.5061311195586,,,7.514999999993604,,,,,False,,,,,,0.031986260802441976,0.0,0,0,0,,,,,,,23.116443857001286
NATIVE,elevated_start,refinement,coarse_elevated_start_023_native,COARSE,1,0.18,0.3,H4,False,False,INFEASIBLE,NO_FEASIBLE_WAYPOINT:ValueError:COORDINATION_INFEASIBLE:candidate would regress the emitted reference away from the phase goal,,,631.4240196124069,,,6.3399999999879935,,,,,False,,,,,,0.031986260802441976,0.0,0,0,0,,,,,,,29.334604329000285
MATCHED,elevated_start,refinement,coarse_elevated_start_023_matched,COARSE,1,0.18,0.3,H4,False,False,INFEASIBLE,NO_FEASIBLE_WAYPOINT:ValueError:COORDINATION_INFEASIBLE:candidate would regress the emitted reference away from the phase goal,,,748.5061311195586,,,7.514999999993604,,,,,False,,,,,,0.031986260802441976,0.0,0,0,0,,,,,,,30.23176971799876
NATIVE,elevated_start,refinement,coarse_elevated_start_024_native,COARSE,-1,0.06,0.3,H2,False,False,VALID,,683.5179798906777,683.5179798906777,631.4240196124069,-52.09396027827074,6.844999999990405,6.3399999999879935,0.5050000000024113,2.9,2.915,True,False,99.8565346808879,100.04063283374659,112.34834496927954,59.88366958792305,13.029460941334749,0.028547794188797698,0.0,0,0,0,49.899594529197266,154.19049651692268,299.6812444447571,-0.07218800378701218,-1.1695455728084312,0.16092663748270297,40.94204116400033
MATCHED,elevated_start,refinement,coarse_elevated_start_024_matched,COARSE,-1,0.06,0.3,H2,False,False,VALID,,749.1115895012472,749.1115895012472,748.5061311195586,-0.6054583816885497,7.514999999993604,7.514999999993604,0.0,3.5100000000000002,3.49,True,True,99.68218090502292,99.8076099436818,110.16549940826684,67.40137805862099,12.598819955608873,0.028595610035485605,0.0,0,0,0,49.34595447274928,150.14443962597215,359.70418489190956,0.0161115863340342,-0.6235669379811668,-0.6202568496192953,41.809783237000374
NATIVE,elevated_start,refinement,coarse_elevated_start_025_native,COARSE,1,0.06,0.5,H2,False,False,VALID,,650.954163892881,650.954163892881,631.4240196124069,-19.53014428047402,6.539999999988948,6.3399999999879935,0.20000000000095497,3.12,2.9050000000000002,False,False,99.53427582459952,99.72692988595254,112.54479247754261,59.10644837289972,13.047498476164758,0.02861752049351547,0.0,0,0,0,49.76857493354422,152.0119924330001,320.39155559019184,0.058831591866031374,1.0089585111141446,-20.549384507952027,39.43224923299931
MATCHED,elevated_start,refinement,coarse_elevated_start_025_matched,COARSE,1,0.06,0.5,H2,False,False,VALID,,748.047725495139,748.047725495139,748.5061311195586,0.45840562441958355,7.514999999993604,7.514999999993604,0.0,3.5100000000000002,3.49,True,True,99.54061550168184,99.66409702568086,109.14621112145176,68.0442201024322,12.711200550309632,0.028611610157535505,0.0,0,0,0,49.380756347828616,149.03116300161284,358.6171230595133,-0.01869028874530443,0.4897096863781485,0.4668049827769778,43.19748278900079
NATIVE,elevated_start,refinement,coarse_elevated_start_026_native,COARSE,0,0.0,0.5,H4,False,True,VALID,,629.0736921241626,629.0736921241626,631.4240196124069,2.3503274882443748,6.319999999987898,6.3399999999879935,-0.020000000000095497,2.9,2.9050000000000002,True,False,99.53697660192447,99.73650861955365,112.60582092613923,57.0950963092732,13.03302729401,0.027991214463364358,0.0,0,0,0,49.82698299251167,153.242497121494,299.0816643096368,0.00042353289858709786,-0.22154617737976423,0.760506772603037,38.63445721300013
MATCHED,elevated_start,refinement,coarse_elevated_start_026_matched,COARSE,0,0.0,0.5,H4,False,True,VALID,,758.6171572123558,758.6171572123558,748.5061311195586,-10.111026092797147,7.624999999994129,7.514999999993604,0.11000000000052523,3.5100000000000002,3.6,False,False,99.49077471637453,99.61546840734545,109.6549409630492,69.10552938278488,12.651192802535506,0.028500979730198685,0.0,0,0,0,49.3622260583672,149.60400985956153,359.38468371950717,-0.00015999928388765738,-0.08313717157054157,-0.3007556772168982,42.22253762000037
NATIVE,balanced_high,refinement,coarse_balanced_high_000_native,COARSE,-1,0.02,0.3,H1,False,False,VALID,,942.9603707430474,942.9603707430474,942.0106554393506,-0.9497153036968484,10.80000000000929,10.80000000000929,0.0,5.155,5.13,True,False,87.31114543917104,88.23904836433792,114.64426045421132,62.04026289830774,16.867544195169234,0.01091011733893579,0.0,0,0,0,44.40521597757045,144.80937391723046,499.60272126775703,-0.3252346200473468,-1.3221460379745338,-0.9981272902233513,50.10761606000051
MATCHED,balanced_high,refinement,coarse_balanced_high_000_matched,COARSE,-1,0.02,0.3,H1,False,False,VALID,,1207.4433639202612,1207.4433639202612,1207.1277930903273,-0.31557082993390395,13.830000000023757,13.830000000023757,0.0,6.67,6.65,True,True,87.30610006654092,87.90553388472381,108.88722830345219,79.11141334420151,15.340899582378013,0.012919936047391122,0.0,0,0,0,41.46900915516511,136.78003953041798,631.3174317986271,0.030452015747911787,-0.39481017776040517,-0.3154908265414633,60.45306387199889
NATIVE,balanced_high,refinement,coarse_balanced_high_001_native,COARSE,1,0.02,0.5,H1,False,False,VALID,,981.3565358328938,981.3565358328938,942.0106554393506,-39.34588039354321,11.320000000011772,10.80000000000929,0.5200000000024829,5.165,5.13,True,False,86.69227348347118,87.57732595313969,114.30079199344661,63.68271001799614,16.56765561497762,0.010862939842380927,0.0,0,0,0,43.78016653924648,142.15597457016145,498.20862583169287,0.29981481827662293,1.3312533090944783,0.3959681458408113,51.334971633999885
MATCHED,balanced_high,refinement,coarse_balanced_high_001_matched,COARSE,1,0.02,0.5,H1,False,False,VALID,,1206.788322290555,1206.788322290555,1207.1277930903273,0.3394707997722435,13.830000000023757,13.830000000023757,0.0,6.67,6.65,True,True,87.25873624660557,87.8548624599246,109.08597869602062,79.34538982649013,15.365778649325037,0.012918862686120258,0.0,0,0,0,41.53144057336674,135.96955367181442,630.6626579234648,-0.031979402453714556,0.415675680843151,0.33928304862081404,56.74757358699935
NATIVE,balanced_high,refinement,coarse_balanced_high_002_native,COARSE,-1,0.06,0.5,H1,False,False,VALID,,945.3552870578969,945.3552870578969,942.0106554393506,-3.344631618546373,10.805000000009313,10.80000000000929,0.005000000000023874,5.16,5.13,True,False,87.4923912131325,88.4464845451678,115.06382552817986,61.064146752329584,17.23636291376904,0.01090976237888577,0.0,0,0,0,45.202982646008294,147.6953572731387,501.97156565085936,-1.1230012884851917,-4.2081293938827855,-3.366971673325679,50.38148702299986
MATCHED,balanced_high,refinement,coarse_balanced_high_002_matched,COARSE,-1,0.06,0.5,H1,False,False,VALID,,1208.0806949353741,1208.0806949353741,1207.1277930903273,-0.9529018450468811,13.830000000023757,13.830000000023757,0.0,6.67,6.65,True,True,87.35218329250718,87.95569393082343,108.72677157816098,78.87648432896937,15.315713203570105,0.012919728334141716,0.0,0,0,0,41.405140097663384,137.60418660109815,631.9548776855804,0.09432107324963823,-1.2189572484405744,-0.9529367134947506,58.40586234699913
NATIVE,balanced_high,refinement,coarse_balanced_high_003_native,COARSE,1,0.06,0.7,H1,False,False,VALID,,1021.6791546211751,1021.6791546211751,942.0106554393506,-79.66849918182459,11.945000000014756,10.80000000000929,1.1450000000054672,5.795,5.13,False,False,85.53195099381959,86.2850599885434,112.39471503343138,68.98017415767771,15.545374054633703,0.010065023855888752,0.0,0,0,0,41.914112540799266,133.03152298794862,539.0068745253525,2.1658688167238367,10.455704891307306,-40.402280547818805,54.68370200500067
MATCHED,balanced_high,refinement,coarse_balanced_high_003_matched,COARSE,1,0.06,0.7,H1,False,False,VALID,,1203.7856079828223,1203.7856079828223,1207.1277930903273,3.3421851075049744,13.830000000023757,13.830000000023757,0.0,6.67,6.65,True,True,87.04162024460032,87.63163574924549,110.34284327099533,80.33070707015926,15.47123360939203,0.0129045693314342,0.0,0,0,0,41.78756493390643,132.6274451010128,627.6639646254005,-0.28810376299340845,3.757784251644779,3.3379763466851955,58.93102282699874
NATIVE,balanced_high,refinement,coarse_balanced_high_004_native,COARSE,-1,0.12,0.7,H1,False,False,INFEASIBLE,NO_FEASIBLE_WAYPOINT:ValueError:COORDINATION_INFEASIBLE:target waypoint enters existing shank-table geometry (-77.047662 mm),,,942.0106554393506,,,10.80000000000929,,,,,False,,,,,,0.01634931566495942,0.0,0,0,0,,,,,,,22.591804370998943
MATCHED,balanced_high,refinement,coarse_balanced_high_004_matched,COARSE,-1,0.12,0.7,H1,False,False,INFEASIBLE,NO_FEASIBLE_WAYPOINT:ValueError:COORDINATION_INFEASIBLE:target waypoint enters existing shank-table geometry (-77.047662 mm),,,1207.1277930903273,,,13.830000000023757,,,,,False,,,,,,0.01634931566495942,0.0,0,0,0,,,,,,,23.413821135000035
NATIVE,balanced_high,refinement,coarse_balanced_high_005_native,COARSE,1,0.12,0.3,H1,False,False,VALID,,1017.5891803754217,1017.5891803754217,942.0106554393506,-75.57852493607118,11.850000000014303,10.80000000000929,1.0500000000050136,5.7,5.13,False,False,85.87250467303137,86.66976909757487,113.23030905161365,67.05792521910519,15.902232849339788,0.010247985684351212,0.0,0,0,0,42.52103737169672,136.01342861298124,534.9147918623044,1.5589439858263816,7.473799266274682,-36.31019788477067,52.67661477100046
MATCHED,balanced_high,refinement,coarse_balanced_high_005_matched,COARSE,1,0.12,0.3,H1,False,False,VALID,,1205.0171652095576,1205.0171652095576,1207.1277930903273,2.110627880769698,13.830000000023757,13.830000000023757,0.0,6.67,6.65,True,True,87.13066993561516,87.72158528700423,109.77580556584411,79.943051334392,15.429287585791524,0.012911007133663163,0.0,0,0,0,41.687433823149654,133.9332120080845,628.8937128009259,-0.18797265223663118,2.452017344573079,2.1082281711597943,59.43375676699907
NATIVE,balanced_high,refinement,coarse_balanced_high_006_native,COARSE,-1,0.18,0.3,H1,False,False,VALID,,1035.0757452055734,1035.0757452055734,942.0106554393506,-93.06508976622285,11.865000000014374,10.80000000000929,1.0650000000050852,5.715,5.13,False,False,87.23773663763787,88.22240155557927,116.16481628793252,61.56946885782921,17.124396739520034,0.004802496385989547,0.0,0,0,0,45.04438939098594,149.9993392422551,552.2040897582285,-0.9644080334628384,-6.512111362999178,-53.59949578069484,52.89865882000049
MATCHED,balanced_high,refinement,coarse_balanced_high_006_matched,COARSE,-1,0.18,0.3,H1,False,False,VALID,,1209.6218750035623,1209.6218750035623,1207.1277930903273,-2.49408191323505,13.830000000023757,13.830000000023757,0.0,6.67,6.65,True,True,87.46362075224602,88.08139014603155,108.44458963418109,78.27519439210249,15.250538687978347,0.005021752745406891,0.0,0,0,0,41.23424932945338,139.77467934940108,633.4981998237233,0.2652118414596458,-3.389449996743508,-2.4962588516376627,58.10580460299934
NATIVE,balanced_high,refinement,coarse_balanced_high_007_native,COARSE,1,0.18,0.5,H1,False,False,VALID,,1022.1415747719723,1022.1415747719723,942.0106554393506,-80.13091933262172,11.955000000014804,10.80000000000929,1.155000000005515,5.805,5.13,False,False,85.49908613734608,86.24806341980882,112.3029108158724,69.17139704139305,15.511383050264394,0.010049282608055748,0.0,0,0,0,41.85982120674945,132.79050889184737,539.4715976436656,2.2201601507736513,10.696718987408559,-40.86700366613195,53.64795735299958
MATCHED,balanced_high,refinement,coarse_balanced_high_007_matched,COARSE,1,0.18,0.5,H1,False,False,VALID,,1203.664612058074,1203.664612058074,1207.1277930903273,3.46318103225326,13.830000000023757,13.830000000023757,0.0,6.67,6.65,True,True,87.03287144310008,87.62290558460707,110.39780452812485,80.36763165864787,15.47528664360095,0.01290398702216548,0.0,0,0,0,41.797113032455044,132.50336891138966,627.543132260102,-0.29765186154202183,3.881860441267918,3.4588087119836928,57.12710038000114
NATIVE,balanced_high,refinement,coarse_balanced_high_008_native,COARSE,-1,0.02,0.5,H3,False,False,VALID,,942.7232534089602,942.7232534089602,942.0106554393506,-0.7125979696096465,10.795000000009265,10.80000000000929,-0.005000000000023874,5.15,5.13,True,False,87.32962051032517,88.2626116385737,115.29008044345755,61.847690876297776,16.897795058033754,0.010857325507702919,0.0,0,0,0,44.467354413734206,145.19957176031272,499.3082089988744,-0.3873730562111035,-1.7123438810567961,-0.7036150213407382,50.156336759000624
MATCHED,balanced_high,refinement,coarse_balanced_high_008_matched,COARSE,-1,0.02,0.5,H3,False,False,VALID,,1208.8514979322404,1208.8514979322404,1207.1277930903273,-1.7237048419131042,13.830000000023757,13.830000000023757,0.0,6.67,6.65,True,True,87.40791742098628,88.01939328487055,109.36438767897509,78.88055185357548,15.340401349112403,0.012923510163542814,0.0,0,0,0,41.467751963961724,136.7922488730724,632.720652716911,0.031709206951298086,-0.4070195204148206,-1.7187117448253275,59.2435147340002
NATIVE,balanced_high,refinement,coarse_balanced_high_009_native,COARSE,1,0.02,0.7,H3,False,False,VALID,,940.6916302636853,940.6916302636853,942.0106554393506,1.3190251756652742,10.815000000009361,10.80000000000929,0.015000000000071623,5.17,5.13,True,False,86.98027094439995,87.86820643076251,113.801890496188,63.77308930407848,16.269343403243244,0.010680142788240098,0.0,0,0,0,43.191052792004086,139.4628128284652,497.281193292152,0.8889285655190164,4.024415050790736,1.3234006853816709,49.73557571799938
MATCHED,balanced_high,refinement,coarse_balanced_high_009_matched,COARSE,1,0.02,0.7,H3,False,False,VALID,,1204.0619106242746,1204.0619106242746,1207.1277930903273,3.065882466052699,13.830000000023757,13.830000000023757,0.0,6.67,6.65,True,True,87.06159874362073,87.63533731155869,108.26285404398354,79.9615506068882,15.39066971142023,0.012913570339581511,0.0,0,0,0,41.59318222037641,135.1727108665388,627.9412026094212,-0.09372104946339022,1.2125184861187677,3.0607383626644378,57.77209123499961
NATIVE,balanced_high,refinement,coarse_balanced_high_010_native,COARSE,-1,0.06,0.7,H3,False,False,VALID,,965.7094818797989,965.7094818797989,942.0106554393506,-23.69882644044833,10.99500000001022,10.80000000000929,0.1950000000009311,5.3500000000000005,5.13,True,False,87.83169457751694,88.80264931097727,116.01152726602352,60.8756957900613,17.122706112249862,0.004037313359623968,0.0,0,0,0,45.041369281694756,149.89759582358337,522.2209069864091,-0.9613879241716532,-6.410367944327447,-23.61631300887541,50.7926811469988
MATCHED,balanced_high,refinement,coarse_balanced_high_010_matched,COARSE,-1,0.06,0.7,H3,False,False,VALID,,1215.3293567497142,1215.3293567497142,1207.1277930903273,-8.20156365938692,13.830000000023757,13.830000000023757,0.0,6.67,6.65,True,True,87.87630923714491,88.54611121614346,110.57725076575663,77.1929236818624,15.249701391067935,0.004230022060696681,0.0,0,0,0,41.23189495935147,139.78075074488095,639.1946853406166,0.2675662115615509,-3.3955213922233725,-8.192744368530953,58.15845622899906
NATIVE,balanced_high,refinement,coarse_balanced_high_011_native,COARSE,1,0.06,0.3,H3,False,False,VALID,,997.851990492612,997.851990492612,942.0106554393506,-55.841335053261446,11.580000000013014,10.80000000000929,0.7800000000037244,5.425,5.13,True,False,86.17029278865388,86.94760341246557,110.40365164399773,66.85730043913327,16.268733963262672,0.01026990352144241,0.0,0,0,0,43.189911035855346,138.89271776768305,514.8041139837853,0.890070321667757,4.594510111572873,-16.199520006251646,51.792658614000175
MATCHED,balanced_high,refinement,coarse_balanced_high_011_matched,COARSE,1,0.06,0.3,H3,False,False,VALID,,1196.859712214139,1196.859712214139,1207.1277930903273,10.26808087618815,13.830000000023757,13.830000000023757,0.0,6.67,6.65,True,True,86.54083240883148,87.07053908030244,107.1856783200507,80.97065244391013,15.390318092897827,0.012898014488286185,0.0,0,0,0,41.592315302167606,135.19363893456924,620.7605765652546,-0.0928541312545832,1.1915904180883388,10.241364406831053,57.36389719899853
NATIVE,balanced_high,refinement,coarse_balanced_high_012_native,COARSE,-1,0.12,0.3,H3,False,False,VALID,,965.4669272761539,965.4669272761539,942.0106554393506,-23.456271836803353,10.945000000009982,10.80000000000929,0.14500000000069235,5.3,5.13,True,False,88.21077453413923,89.32423266207532,121.74734977586016,58.143676800752516,17.477550907788782,0.010436847973245952,0.0,0,0,0,45.78239346512272,152.51127921877162,521.914076901316,-1.7024121075996206,-9.024051339515694,-23.309482923782298,49.49089017299957
MATCHED,balanced_high,refinement,coarse_balanced_high_012_matched,COARSE,-1,0.12,0.3,H3,False,False,INFEASIBLE,NO_FEASIBLE_WAYPOINT:ValueError:MATCHED_PACING_INFEASIBLE:fixed-duration reference exceeds registered velocity limits,,,1207.1277930903273,,,13.830000000023757,,,,,False,,,,,,0.01634931566495942,0.0,0,0,0,,,,,,,36.31513851300042
NATIVE,balanced_high,refinement,coarse_balanced_high_013_native,COARSE,1,0.12,0.5,H3,False,False,VALID,,983.2308343614757,983.2308343614757,942.0106554393506,-41.220178922125115,11.42000000001225,10.80000000000929,0.6200000000029604,5.265,5.13,True,False,86.097270959849,86.88866362115857,111.47545076885719,67.27165676234485,15.86416357236867,0.01025080568964173,0.0,0,0,0,42.45181766963762,135.47668412455448,500.1822666759087,1.6281636878854826,8.010543754701445,-1.577672698375011,52.05139127200164
MATCHED,balanced_high,refinement,coarse_balanced_high_013_matched,COARSE,1,0.12,0.5,H3,False,False,VALID,,1196.0304624776027,1196.0304624776027,1207.1277930903273,11.09733061272459,13.830000000023757,13.830000000023757,0.0,6.67,6.65,True,True,86.48087219650057,86.9973592236415,106.43159132519763,81.45926894071661,15.432598386050556,0.012899657485261503,0.0,0,0,0,41.69542347009237,133.85362384712397,619.9246499289793,-0.1959622991793495,2.531605505533605,11.077291043106356,58.038337055999364
NATIVE,balanced_high,refinement,coarse_balanced_high_014_native,COARSE,-1,0.18,0.5,H3,False,False,VALID,,971.0701764426312,971.0701764426312,942.0106554393506,-29.05952100328068,11.025000000010364,10.80000000000929,0.22500000000107434,5.38,5.13,True,False,88.07892756849263,89.12212268468136,120.69880826458306,59.49064276843286,17.04867955026753,0.0013142458638434442,0.0,0,0,0,44.88300239687382,151.42946892328655,527.5390752034341,-0.8030210393507176,-7.942241044030624,-28.934481225900413,51.64539465599955
MATCHED,balanced_high,refinement,coarse_balanced_high_014_matched,COARSE,-1,0.18,0.5,H3,False,False,INFEASIBLE,NO_FEASIBLE_WAYPOINT:ValueError:MATCHED_PACING_INFEASIBLE:fixed-duration reference exceeds registered velocity limits,,,1207.1277930903273,,,13.830000000023757,,,,,False,,,,,,0.0015579002871913107,0.0,0,0,0,,,,,,,37.391482295999594
NATIVE,balanced_high,refinement,coarse_balanced_high_015_native,COARSE,1,0.18,0.7,H3,False,False,VALID,,1003.2437615570944,1003.2437615570944,942.0106554393506,-61.23310611774389,11.920000000014637,10.80000000000929,1.1200000000053478,5.775,5.125,True,False,84.16474509707167,84.80493180583821,112.36263169657639,77.09702341247103,15.84913898157713,0.009782166747927087,0.0,0,0,0,40.07055838142469,125.53503009280907,520.9743098138031,4.0094229760984135,17.95219778644686,-22.369715836269393,58.25046771000052
MATCHED,balanced_high,refinement,coarse_balanced_high_015_matched,COARSE,1,0.18,0.7,H3,False,False,INFEASIBLE,NO_FEASIBLE_WAYPOINT:ValueError:MATCHED_PACING_INFEASIBLE:fixed-duration reference exceeds registered velocity limits,,,1207.1277930903273,,,13.830000000023757,,,,,False,,,,,,0.01634931566495942,0.0,0,0,0,,,,,,,23.177376697998625
NATIVE,balanced_high,refinement,coarse_balanced_high_016_native,COARSE,-1,0.02,0.7,H4,False,False,VALID,,942.3229990297855,942.3229990297855,942.0106554393506,-0.31234359043492077,10.795000000009265,10.80000000000929,-0.005000000000023874,5.15,5.13,True,False,87.29254275403294,88.25732654467309,115.1218541451453,62.22648603493317,17.239252670853357,0.010963231089655478,0.0,0,0,0,45.2071291195683,147.67757537210423,500.57740470560725,-1.1271477620451975,-4.1903474928483035,-1.9728107280735685,50.99040860799869
MATCHED,balanced_high,refinement,coarse_balanced_high_016_matched,COARSE,-1,0.02,0.7,H4,False,False,VALID,,1206.7176639924041,1206.7176639924041,1207.1277930903273,0.410129097923118,13.830000000023757,13.830000000023757,0.0,6.67,6.65,True,True,87.2536271867248,87.89563194063214,109.59918023433617,79.06462052679449,15.316845015555245,0.012817230885016472,0.0,0,0,0,41.40802350737119,137.5592089899639,633.8929707256802,0.09143766354183214,-1.1739796373063314,-2.89102975359458,58.74947441800032
NATIVE,balanced_high,refinement,coarse_balanced_high_017_native,COARSE,1,0.02,0.3,H4,True,False,VALID,,940.6375862428171,940.6375862428171,942.0106554393506,1.3730691965334927,10.84000000000948,10.80000000000929,0.040000000000190994,5.195,5.13,True,False,86.77468507775065,87.67111581791067,113.15928291455663,64.78381874867858,16.566635490750496,0.01128003293424595,0.0,0,0,0,43.778378676449385,141.90021393097228,500.11729517866434,0.30160268107371735,1.5870139482836407,-1.5127012011306533,50.67504214099972
MATCHED,balanced_high,refinement,coarse_balanced_high_017_matched,COARSE,1,0.02,0.3,H4,True,False,VALID,,1200.4666595870126,1200.4666595870126,1207.1277930903273,6.661133503314659,13.830000000023757,13.830000000023757,0.0,6.67,6.65,True,True,86.80163843723881,87.3877529977924,108.37378525515254,80.49767179898726,15.365266441854697,0.012565220996186063,0.0,0,0,0,41.530162297604214,135.99203158792204,627.6703330451451,-0.030701126691191405,0.3931977647355325,3.331607926940592,57.92942858900096
NATIVE,balanced_high,refinement,coarse_balanced_high_018_native,COARSE,-1,0.06,0.3,H4,True,False,INFEASIBLE,NO_FEASIBLE_WAYPOINT:ValueError:COORDINATION_INFEASIBLE:target waypoint enters existing shank-table geometry (-12.941373 mm),,,942.0106554393506,,,10.80000000000929,,,,,False,,,,,,0.01634931566495942,0.0,0,0,0,,,,,,,45.67326590199991
MATCHED,balanced_high,refinement,coarse_balanced_high_018_matched,COARSE,-1,0.06,0.3,H4,True,False,INFEASIBLE,NO_FEASIBLE_WAYPOINT:ValueError:COORDINATION_INFEASIBLE:target waypoint enters existing shank-table geometry (-12.941373 mm),,,1207.1277930903273,,,13.830000000023757,,,,,False,,,,,,0.01634931566495942,0.0,0,0,0,,,,,,,51.23190613599945
NATIVE,balanced_high,refinement,coarse_balanced_high_019_native,COARSE,1,0.06,0.5,H4,False,False,INFEASIBLE,NO_FEASIBLE_WAYPOINT:ValueError:MATCHED_PACING_INFEASIBLE:baseline waypoint count exhausted,,,942.0106554393506,,,10.80000000000929,,,,,False,,,,,,0.0109096462387927,0.0,0,0,0,,,,,,,50.20703866999975
MATCHED,balanced_high,refinement,coarse_balanced_high_019_matched,COARSE,1,0.06,0.5,H4,False,False,VALID,,1206.9472000314863,1206.9472000314863,1207.1277930903273,0.180593058840941,13.830000000023757,13.830000000023757,0.0,6.67,6.65,True,True,87.27022415267434,87.80676522110157,107.75517555259358,79.32082102631355,15.391899808741082,0.013191809739794249,0.0,0,0,0,41.596213822540875,135.13744178685027,625.6312831089199,-0.09675265162785252,1.2477875658073003,5.370657863165775,58.73231742600001
NATIVE,balanced_high,refinement,coarse_balanced_high_020_native,COARSE,-1,0.12,0.5,H4,False,False,VALID,,948.7338557843366,948.7338557843366,942.0106554393506,-6.723200344986026,10.895000000009743,10.80000000000929,0.09500000000045361,5.205,5.175,True,False,87.07974812155453,88.16921501822505,118.8882954139285,63.34291784591707,17.506838685210596,0.011646888351139414,0.0,0,0,0,45.854808320095515,151.7751166215148,509.3514074178188,-1.774826962572412,-8.287888742258872,-10.74681344028511,50.12209467900175
MATCHED,balanced_high,refinement,coarse_balanced_high_020_matched,COARSE,-1,0.12,0.5,H4,False,False,VALID,,1205.4220269699072,1205.4220269699072,1207.1277930903273,1.705766120420094,13.830000000023757,13.830000000023757,0.0,6.67,6.65,True,True,87.15994410483783,87.90690952544206,111.13036700768453,79.54223949099955,15.27985698651058,0.012201729031778557,0.0,0,0,0,41.313222741340695,138.75462705795354,640.8112973193067,0.1862384295723274,-2.3693977052959667,-9.809356347221069,57.78789565800071
NATIVE,balanced_high,refinement,coarse_balanced_high_021_native,COARSE,1,0.12,0.7,H4,True,False,VALID,,1021.2238348647679,1021.2238348647679,942.0106554393506,-79.21317942541737,12.17000000001583,10.80000000000929,1.3700000000065415,5.345,5.8,True,False,83.9132156832184,84.72965231961139,114.13945262970635,79.38682309345648,14.731835441487611,0.011561963000924349,0.0,0,0,0,40.7489304632656,128.32481856334596,496.904663159303,3.3310508942575012,15.162409315909969,1.699930818230655,53.51211318999958
MATCHED,balanced_high,refinement,coarse_balanced_high_021_matched,COARSE,1,0.12,0.7,H4,True,False,INFEASIBLE,NO_FEASIBLE_WAYPOINT:ValueError:MATCHED_PACING_INFEASIBLE:fixed-duration reference exceeds registered velocity limits,,,1207.1277930903273,,,13.830000000023757,,,,,False,,,,,,0.01634931566495942,0.0,0,0,0,,,,,,,23.284225831001095
NATIVE,balanced_high,refinement,coarse_balanced_high_022_native,COARSE,-1,0.18,0.7,H4,True,False,INFEASIBLE,NO_FEASIBLE_WAYPOINT:ValueError:COORDINATION_INFEASIBLE:target waypoint enters existing shank-table geometry (-155.919000 mm),,,942.0106554393506,,,10.80000000000929,,,,,False,,,,,,0.01634931566495942,0.0,0,0,0,,,,,,,23.19114100600018
MATCHED,balanced_high,refinement,coarse_balanced_high_022_matched,COARSE,-1,0.18,0.7,H4,True,False,INFEASIBLE,NO_FEASIBLE_WAYPOINT:ValueError:COORDINATION_INFEASIBLE:target waypoint enters existing shank-table geometry (-155.919000 mm),,,1207.1277930903273,,,13.830000000023757,,,,,False,,,,,,0.01634931566495942,0.0,0,0,0,,,,,,,22.89215418099957
NATIVE,balanced_high,refinement,coarse_balanced_high_023_native,COARSE,1,0.18,0.3,H4,False,False,INFEASIBLE,NO_FEASIBLE_WAYPOINT:ValueError:COORDINATION_INFEASIBLE:target waypoint enters existing shank-table geometry (-99.354583 mm),,,942.0106554393506,,,10.80000000000929,,,,,False,,,,,,0.01634931566495942,0.0,0,0,0,,,,,,,48.75201761400058
MATCHED,balanced_high,refinement,coarse_balanced_high_023_matched,COARSE,1,0.18,0.3,H4,False,False,INFEASIBLE,NO_FEASIBLE_WAYPOINT:ValueError:MATCHED_PACING_INFEASIBLE:fixed-duration reference exceeds registered velocity limits,,,1207.1277930903273,,,13.830000000023757,,,,,False,,,,,,0.01634931566495942,0.0,0,0,0,,,,,,,26.067602572000396
NATIVE,balanced_high,refinement,coarse_balanced_high_024_native,COARSE,-1,0.06,0.3,H2,False,False,VALID,,1016.0858738210201,1016.0858738210201,942.0106554393506,-74.07521838166952,11.680000000013491,10.80000000000929,0.8800000000042019,5.53,5.13,False,False,86.99365358056679,87.9924945747527,119.21384369504179,60.925613252605224,17.24008238300368,0.010513384977902992,0.0,0,0,0,45.20831734531643,149.2371093116076,533.2420016447702,-1.1283359877933279,-5.749881432351685,-34.637407667236516,52.431144965001295
MATCHED,balanced_high,refinement,coarse_balanced_high_024_matched,COARSE,-1,0.06,0.3,H2,False,False,VALID,,1212.8636910105452,1212.8636910105452,1207.1277930903273,-5.735897920217894,13.830000000023757,13.830000000023757,0.0,6.67,6.65,True,True,87.69802538037204,88.35675248224871,110.8010519308875,78.04836367213744,15.317169083529429,0.012919424448851854,0.0,0,0,0,41.408848884169814,137.53911769755507,636.7334166533815,0.09061228674320887,-1.1538883448974957,-5.731475681295819,57.84623855599966
NATIVE,balanced_high,refinement,coarse_balanced_high_025_native,COARSE,1,0.06,0.5,H2,False,False,VALID,,1016.2265253625476,1016.2265253625476,942.0106554393506,-74.21586992319703,11.805000000014088,10.80000000000929,1.0050000000047987,5.655,5.13,False,False,86.08441553261733,86.90133475953509,112.35741231007795,65.98837293104845,16.271477849460943,0.010376022263637149,0.0,0,0,0,43.19504678298731,139.17641113616133,533.557043801221,0.8849345745357908,4.310816743094591,-34.95244982368729,53.0731265559989
MATCHED,balanced_high,refinement,coarse_balanced_high_025_matched,COARSE,1,0.06,0.5,H2,False,False,VALID,,1203.0558765839044,1203.0558765839044,1207.1277930903273,4.071916506422895,13.830000000023757,13.830000000023757,0.0,6.67,6.65,True,True,86.98885586289981,87.55023532365892,107.75517555259358,80.21828793217605,15.391899808741082,0.01291108854904056,0.0,0,0,0,41.596213822540875,135.13744178685027,626.9332337469052,-0.09675265162785252,1.2477875658073003,4.068707225180447,58.18496936699921
NATIVE,balanced_high,refinement,coarse_balanced_high_026_native,COARSE,0,0.0,0.5,H4,False,True,VALID,,941.5381858438859,941.5381858438859,942.0106554393506,0.47246959546464495,10.795000000009265,10.80000000000929,-0.005000000000023874,5.15,5.13,True,False,87.2198412083266,88.15483149721264,114.89773724324073,62.338736323837416,16.819651231152115,0.010989568301407345,0.0,0,0,0,44.29638595002278,144.45164122413792,498.9787808891445,-0.21640459249967847,-0.96441334488199,-0.3741869116108205,49.39275368000017
MATCHED,balanced_high,refinement,coarse_balanced_high_026_matched,COARSE,0,0.0,0.5,H4,False,True,VALID,,1207.886165373598,1207.886165373598,1207.1277930903273,-0.7583722832707736,13.830000000023757,13.830000000023757,0.0,6.67,6.65,True,True,87.33811752520593,87.9483470622505,109.18893253557462,79.18050358531949,15.3455593116359,0.012793308671208755,0.0,0,0,0,41.480754231559175,136.62564741040518,632.5327796240474,0.01870693935384793,-0.24041805774760405,-1.5308386519617443,57.927420757998334
