run_id,condition,arm,phase,level,status,rankable,timing_isolated,elapsed_host_s,wrapper_elapsed_s,J_F_task_n_s,mean_force_n,rms_force_n,peak_force_n,moment_integral_nm_s,moment_peak_nm,minimum_clearance_m,duration_s,outbound_duration_s,return_duration_s,failure_reason
A_low_ordinary_early_MATCHED_baseline_0,low_ordinary_early,MATCHED,A,1,VALID,True,True,20.680555448999996,22.036465383,599.0827734380309,90.08763510346328,90.48169896515064,106.25380197225698,66.58853433516039,13.808114505659095,0.01755643305025571,6.650000000028838,3.0700000000000003,3.0700000000000003,
A_low_ordinary_early_NATIVE_baseline_0,low_ordinary_early,NATIVE,A,1,VALID,True,True,17.766453089000002,19.06615927,501.52181763151714,90.20176576106422,90.65933969294193,108.75948175789674,55.579621836533136,14.41464542124955,0.017701395046810297,5.560000000023633,2.525,2.525,
A_low_ordinary_early_NATIVE_baseline_1,low_ordinary_early,NATIVE,A,1,VALID,True,True,17.210701657,17.92041097100001,501.52181763151714,90.20176576106422,90.65933969294193,108.75948175789674,55.579621836533136,14.41464542124955,0.017701395046810297,5.560000000023633,2.525,2.525,
A_low_ordinary_early_MATCHED_baseline_1,low_ordinary_early,MATCHED,A,1,VALID,True,True,20.285678136,21.080700764,599.0827734380309,90.08763510346328,90.48169896515064,106.25380197225698,66.58853433516039,13.808114505659095,0.01755643305025571,6.650000000028838,3.0700000000000003,3.0700000000000003,
A_low_ordinary_early_NATIVE_fixed_0,low_ordinary_early,NATIVE,A,1,VALID,True,False,18.212768877000002,18.954440817000005,510.6979148790616,89.99082200512098,90.44600443236457,107.47054508636022,57.03220786054736,14.258506959736698,0.015875733022680718,5.675000000024182,2.64,2.525,
A_low_ordinary_early_MATCHED_fixed_0,low_ordinary_early,MATCHED,A,1,VALID,False,False,20.219913864000006,21.043233379,600.5050387770773,89.82872681781261,90.22830985049572,106.12867784130276,67.36557238294402,13.758422900710682,0.016058637002691164,6.685000000029005,3.1,3.075,
A_low_ordinary_early_NATIVE_fixed_1,low_ordinary_early,NATIVE,A,1,VALID,True,False,18.36832811699999,19.10085573900001,510.6979148790616,89.99082200512098,90.44600443236457,107.47054508636022,57.03220786054736,14.258506959736698,0.015875733022680718,5.675000000024182,2.64,2.525,
A_low_ordinary_early_MATCHED_fixed_1,low_ordinary_early,MATCHED,A,1,VALID,False,False,21.621141464999994,22.382110635000004,600.5050387770773,89.82872681781261,90.22830985049572,106.12867784130276,67.36557238294402,13.758422900710682,0.016058637002691164,6.685000000029005,3.1,3.075,
A_low_ordinary_early_NATIVE_small,low_ordinary_early,NATIVE,A,1,VALID,True,False,18.339848679,19.10226868700002,501.6996369076822,90.23374764526659,90.69003914969889,108.69307302384625,55.543377741816656,14.39781744617158,0.015731431232492984,5.560000000023633,2.5300000000000002,2.52,
A_low_ordinary_early_MATCHED_small,low_ordinary_early,MATCHED,A,1,VALID,False,False,21.33256184299998,22.15383727699998,598.4211946647134,90.0558607471352,90.45071294174446,106.26544895101746,66.58297878969458,13.793712661943106,0.018078416928269305,6.645000000028814,3.065,3.0700000000000003,
A_low_ordinary_early_NATIVE_diverse,low_ordinary_early,NATIVE,A,1,VALID,True,False,18.205198002999992,19.032835655000014,497.7812379269225,89.77118808420603,90.25686519451554,109.85255367265579,55.76495277991502,14.212414089660214,0.017681559575262597,5.5450000000235615,2.5100000000000002,2.525,
A_low_ordinary_early_MATCHED_diverse,low_ordinary_early,MATCHED,A,1,VALID,False,False,21.19005652300001,21.991653356,598.6363172575926,89.81790206415494,90.22121307605238,108.43889808448142,67.01770822015492,13.472904653648442,0.00490534017852749,6.665000000028909,3.085,3.0700000000000003,
A_balanced_high_MATCHED_baseline_0,balanced_high,MATCHED,A,1,VALID,True,True,67.26710254100001,68.256278098,1207.1277930903273,87.28328221911259,87.88101807412089,108.97854368139807,79.22505065120805,15.353000464218518,0.012919583735192055,13.830000000023757,6.67,6.65,
A_balanced_high_NATIVE_baseline_0,balanced_high,NATIVE,A,1,VALID,True,True,57.816375488000006,58.86978842899998,942.0106554393506,87.2232088369769,88.13820250682033,114.47196792897195,62.503133235665544,16.71681071493684,0.010809984318849133,10.80000000000929,5.155,5.13,
A_balanced_high_MATCHED_baseline_1,balanced_high,MATCHED,A,1,VALID,True,True,69.83555873100002,70.895306742,1207.1277930903273,87.28328221911259,87.88101807412089,108.97854368139807,79.22505065120805,15.353000464218518,0.012919583735192055,13.830000000023757,6.67,6.65,
A_balanced_high_NATIVE_baseline_1,balanced_high,NATIVE,A,1,VALID,True,True,59.582283359,60.67184853799998,942.0106554393506,87.2232088369769,88.13820250682033,114.47196792897195,62.503133235665544,16.71681071493684,0.010809984318849133,10.80000000000929,5.155,5.13,
A_balanced_high_NATIVE_fixed_0,balanced_high,NATIVE,A,1,VALID,True,False,58.57923342099997,,983.2308343614757,86.097270959849,86.88866362115857,111.47545076885719,67.27165676234485,15.86416357236867,0.01025080568964173,11.42000000001225,5.265,5.13,
A_balanced_high_MATCHED_fixed_0,balanced_high,MATCHED,A,1,INTERRUPTED,False,False,,,,,,,,,,,,,prior process stopped before final record; preserve incomplete attempt
A_balanced_high_MATCHED_fixed_1,balanced_high,MATCHED,A,1,VALID,True,True,64.51807919000001,65.892337331,1196.0304624776027,86.48087219650057,86.9973592236415,106.43159132519763,81.45926894071661,15.432598386050556,0.012899657485261503,13.830000000023757,6.67,6.65,
A_balanced_high_NATIVE_fixed_1,balanced_high,NATIVE,A,1,VALID,True,False,56.560072608999995,57.45515083400001,983.2308343614757,86.097270959849,86.88866362115857,111.47545076885719,67.27165676234485,15.86416357236867,0.01025080568964173,11.42000000001225,5.265,5.13,
A_balanced_high_NATIVE_small,balanced_high,NATIVE,A,1,VALID,True,False,54.47261630500002,55.36426262899998,941.8724095660178,87.21040829314981,88.12355834892674,114.4406204257743,62.54809623743013,16.694068538520757,0.010799354942106484,10.80000000000929,5.155,5.13,
A_balanced_high_MATCHED_small,balanced_high,MATCHED,A,1,VALID,False,False,63.070380967999995,64.002750762,1207.1449820557514,87.28452509441442,87.88310537172991,109.08225704709679,79.09120558460185,15.375514433132114,0.012919849469529617,13.830000000023757,6.67,6.65,
A_balanced_high_NATIVE_diverse,balanced_high,NATIVE,A,1,VALID,True,False,59.70400558,60.599395758000014,989.6270624962716,86.05452717358884,86.82332861131279,110.23990108877896,67.66840740261594,16.012064229013298,0.010201064826942215,11.500000000012632,5.345,5.13,
A_balanced_high_MATCHED_diverse,balanced_high,MATCHED,A,1,INFEASIBLE,False,False,34.80460039099998,35.57502636700002,,,,,,,0.01634931566495942,,,,NO_FEASIBLE_WAYPOINT:ValueError:COORDINATION_INFEASIBLE:candidate would regress the emitted reference away from the phase goal
A_variable_start_120_MATCHED_baseline_0,variable_start_120,MATCHED,A,1,VALID,True,True,81.12600081699998,82.20627948699999,1521.9383935276433,78.5111371435462,80.37062000735658,112.70494964648667,95.17299859675911,14.598832838988034,0.012187974861477251,19.385000000050283,9.525,9.35,
A_variable_start_120_NATIVE_baseline_0,variable_start_120,NATIVE,A,1,VALID,True,True,70.58541647899997,71.60303239699999,1231.6519556980702,77.58437516208316,79.70995361449674,115.48403013232371,77.66685597114217,15.474901076421958,0.008246494181183252,15.875000000033522,7.44,7.415,
A_variable_start_120_NATIVE_baseline_1,variable_start_120,NATIVE,A,1,VALID,True,True,70.07977982599999,71.08499049400001,1231.6519556980702,77.58437516208316,79.70995361449674,115.48403013232371,77.66685597114217,15.474901076421958,0.008246494181183252,15.875000000033522,7.44,7.415,
A_variable_start_120_MATCHED_baseline_1,variable_start_120,MATCHED,A,1,VALID,True,True,80.68630514800003,81.73337485499997,1521.9383935276433,78.5111371435462,80.37062000735658,112.70494964648667,95.17299859675911,14.598832838988034,0.012187974861477251,19.385000000050283,9.525,9.35,
A_variable_start_120_NATIVE_fixed_0,variable_start_120,NATIVE,A,1,VALID,True,False,71.75881702500004,72.80693242699999,1217.9087879442277,76.35791773945,78.17623223077011,111.92358788494236,84.00442215862847,15.040698362756203,0.008239488799256286,15.95000000003388,7.515000000000001,7.415,
A_variable_start_120_MATCHED_fixed_0,variable_start_120,MATCHED,A,1,VALID,True,True,80.83190152200001,81.860820778,1482.1767594435482,76.44026608785704,78.11906997332697,110.09745146892436,98.01710435909465,14.801104505740106,0.012181419159628778,19.390000000050307,9.53,9.35,
A_variable_start_120_NATIVE_fixed_1,variable_start_120,NATIVE,A,1,VALID,True,False,74.64623201200004,75.67153030000003,1217.9087879442277,76.35791773945,78.17623223077011,111.92358788494236,84.00442215862847,15.040698362756203,0.008239488799256286,15.95000000003388,7.515000000000001,7.415,
A_variable_start_120_MATCHED_fixed_1,variable_start_120,MATCHED,A,1,VALID,True,True,86.18095546700005,87.27014857599994,1482.1767594435482,76.44026608785704,78.11906997332697,110.09745146892436,98.01710435909465,14.801104505740106,0.012181419159628778,19.390000000050307,9.53,9.35,
A_variable_start_120_NATIVE_small,variable_start_120,NATIVE,A,1,VALID,True,False,69.93776808799998,70.91923922399997,1232.0309131232152,77.6816464768736,79.83082148714189,115.67213276427024,77.17681395416182,15.51781155000295,0.008249059108931558,15.86000000003345,7.425,7.415,
A_variable_start_120_MATCHED_small,variable_start_120,MATCHED,A,1,VALID,False,False,80.44114701900003,81.50849389200005,1522.1248748440717,78.52075702058661,80.39337235323643,112.80149761864723,94.62472968721738,14.623716776990872,0.012188481053484936,19.385000000050283,9.525,9.35,
A_variable_start_120_NATIVE_diverse,variable_start_120,NATIVE,A,1,VALID,True,False,70.10445438800002,71.11469716800002,1220.802769722769,78.1563873061952,80.33332445966349,117.3411218364636,75.56225427633271,15.948967729191294,0.008252110703302059,15.620000000032304,7.1850000000000005,7.415,
A_variable_start_120_MATCHED_diverse,variable_start_120,MATCHED,A,1,VALID,False,False,81.65379989099995,82.74545072499996,1537.543881914889,79.31616620659733,81.29475726900372,113.80703245479718,93.6294215733613,14.51838331994338,0.012192125184832366,19.385000000050283,9.525,9.35,
A_sync_120_MATCHED_baseline_0,sync_120,MATCHED,A,1,VALID,True,True,82.33527881600003,83.41457080400005,1529.600078270632,78.24041321077402,80.09461596514583,112.62392516902325,97.00437546671004,14.80276787354759,0.009888711678509323,19.55000000005107,9.63,9.41,
A_sync_120_NATIVE_baseline_0,sync_120,NATIVE,A,1,VALID,True,True,71.48947434000002,72.48982098199997,1236.9808538786324,77.3354707020089,79.44632130583314,115.4824227986645,79.00140138846885,15.709068796272138,0.006334888262866459,15.995000000034095,7.525,7.45,
A_sync_120_MATCHED_baseline_1,sync_120,MATCHED,A,1,VALID,True,True,82.76735478900002,83.803985366,1529.600078270632,78.24041321077402,80.09461596514583,112.62392516902325,97.00437546671004,14.80276787354759,0.009888711678509323,19.55000000005107,9.63,9.41,
A_sync_120_NATIVE_baseline_1,sync_120,NATIVE,A,1,VALID,True,True,71.36880691800002,72.32800873000008,1236.9808538786324,77.3354707020089,79.44632130583314,115.4824227986645,79.00140138846885,15.709068796272138,0.006334888262866459,15.995000000034095,7.525,7.45,
A_sync_120_MATCHED_fixed_0,sync_120,MATCHED,A,1,VALID,True,True,80.99602828299999,82.03352448299995,1488.9721181459286,76.16225668265619,77.82705694801136,109.90970021487917,99.90321954122035,14.991771627897322,0.009887531875584759,19.55000000005107,9.63,9.41,
A_sync_120_NATIVE_fixed_0,sync_120,NATIVE,A,1,VALID,True,False,69.536843933,70.54243956200003,1222.018306187581,76.09080362313705,77.88250410524427,111.79989561501739,85.48402253803557,15.231108251408298,0.0063344788656314295,16.060000000034407,7.59,7.45,
A_sync_120_MATCHED_fixed_1,sync_120,MATCHED,A,1,VALID,True,True,79.76667166100003,80.83405699799994,1488.9721181459286,76.16225668265619,77.82705694801136,109.90970021487917,99.90321954122035,14.991771627897322,0.009887531875584759,19.55000000005107,9.63,9.41,
A_sync_120_NATIVE_fixed_1,sync_120,NATIVE,A,1,VALID,True,False,69.53615859599995,70.54703635399994,1222.018306187581,76.09080362313705,77.88250410524427,111.79989561501739,85.48402253803557,15.231108251408298,0.0063344788656314295,16.060000000034407,7.59,7.45,
A_sync_120_MATCHED_small,sync_120,MATCHED,A,1,VALID,False,False,82.65750418000005,83.79692575299998,1528.7236988617667,78.1955856195277,80.04682794755328,112.58661404225984,97.00112189054687,14.810351904796187,0.009888638719073289,19.55000000005107,9.63,9.41,
A_sync_120_NATIVE_small,sync_120,NATIVE,A,1,VALID,True,False,71.93952067299995,72.93786437300002,1237.8009477234411,77.45938346204262,79.59941751703512,115.7615152488476,78.38611613062011,15.775423871078393,0.00633546951187963,15.980000000034023,7.51,7.45,
A_sync_120_MATCHED_diverse,sync_120,MATCHED,A,1,VALID,False,False,79.83228075400007,80.88578171200015,1557.544838806657,79.71058540463955,81.68833582654378,113.89448305661658,94.84702533772145,14.695213785426068,0.009895104690174818,19.540000000051023,9.620000000000001,9.41,
A_sync_120_NATIVE_diverse,sync_120,NATIVE,A,1,VALID,True,False,69.01370491600005,70.0269620680001,1205.2664564575557,76.62215234949497,78.42153066935336,112.49949251052944,84.5413157760084,15.335906186047168,0.006320674429902137,15.73000000003283,7.775,7.445,
A_hip_ordinary_MATCHED_baseline_0,hip_ordinary,MATCHED,A,1,VALID,True,True,47.22201208899992,48.185111288999906,766.8209505354864,96.51616746828022,96.81830072954364,112.78377136682032,96.49368788160234,15.122841425993785,0.038593345076834235,7.944999999995657,3.73,3.7,
A_hip_ordinary_NATIVE_baseline_0,hip_ordinary,NATIVE,A,1,VALID,True,True,44.206287025000165,45.075661226999955,631.1302004874829,96.65087296898665,97.08983156231372,116.6485550406612,79.6579266588381,15.825280996041577,0.038449349167762936,6.529999999988901,3.015,3.0,
A_hip_ordinary_MATCHED_baseline_1,hip_ordinary,MATCHED,A,1,VALID,True,True,48.49311659299997,49.417260337000016,766.8209505354864,96.51616746828022,96.81830072954364,112.78377136682032,96.49368788160234,15.122841425993785,0.038593345076834235,7.944999999995657,3.73,3.7,
A_hip_ordinary_NATIVE_baseline_1,hip_ordinary,NATIVE,A,1,VALID,True,True,43.22380629200006,44.24127214199984,631.1302004874829,96.65087296898665,97.08983156231372,116.6485550406612,79.6579266588381,15.825280996041577,0.038449349167762936,6.529999999988901,3.015,3.0,
A_hip_ordinary_MATCHED_fixed_0,hip_ordinary,MATCHED,A,1,VALID,True,True,46.82136727099987,47.72345801100005,763.3915932645589,96.08453030390922,96.37913559133172,110.9432545558857,96.86442205535035,15.240766138819767,0.03858478818152054,7.944999999995657,3.73,3.7,
A_hip_ordinary_NATIVE_fixed_0,hip_ordinary,NATIVE,A,1,VALID,True,False,43.25609248700016,44.139406534000045,623.8458125285906,96.05016359177685,96.48308247836917,115.28639117991793,79.72199118887949,15.77455855103224,0.03828433866598714,6.494999999988734,2.975,3.005,
A_hip_ordinary_NATIVE_fixed_1,hip_ordinary,NATIVE,A,1,VALID,True,False,43.210287378999965,44.08599547799986,623.8458125285906,96.05016359177685,96.48308247836917,115.28639117991793,79.72199118887949,15.77455855103224,0.03828433866598714,6.494999999988734,2.975,3.005,
A_hip_ordinary_MATCHED_fixed_1,hip_ordinary,MATCHED,A,1,VALID,True,True,47.276258738000024,48.130262040999924,763.3915932645589,96.08453030390922,96.37913559133172,110.9432545558857,96.86442205535035,15.240766138819767,0.03858478818152054,7.944999999995657,3.73,3.7,
A_hip_ordinary_NATIVE_small,hip_ordinary,NATIVE,A,1,VALID,True,False,43.37319727699992,44.22498530000007,631.1210898566479,96.64947777284041,97.08942671393413,116.84472119103346,79.6668674993181,15.82849779787034,0.03845006313492119,6.529999999988901,3.015,3.0,
A_hip_ordinary_MATCHED_small,hip_ordinary,MATCHED,A,1,VALID,False,False,46.79883972899984,47.68735528299999,766.9604430925206,96.5337247441813,96.83719135773727,113.0175008347057,96.48459701104056,15.098384589823576,0.0385930186472722,7.944999999995657,3.73,3.7,
A_hip_ordinary_NATIVE_diverse,hip_ordinary,NATIVE,A,1,VALID,True,False,44.252731756,45.12691226300012,630.5820669475078,96.49304773489025,96.93566271977454,116.97844092029666,79.84765755238668,15.670985243442505,0.038440411823581155,6.534999999988925,3.02,3.0,
A_hip_ordinary_MATCHED_diverse,hip_ordinary,MATCHED,A,1,VALID,False,False,50.08894909399987,50.95036048500015,825.8035493332175,97.1533587450844,97.49544620009884,116.98960494374523,102.26380224113402,14.765103325538924,0.006430532471644682,8.499999999998307,3.775,3.6950000000000003,
A_balanced_high_MATCHED_fixed_0_recovery_01,balanced_high,MATCHED,A,1,VALID,True,True,61.50174587000015,62.958453709000196,1196.0304624776027,86.48087219650057,86.9973592236415,106.43159132519763,81.45926894071661,15.432598386050556,0.012899657485261503,13.830000000023757,6.67,6.65,
B_low_ordinary_early_MATCHED_L1_R0_G0_C0,low_ordinary_early,MATCHED,B,1,VALID,True,True,21.00897597800008,22.251558950000117,599.0827734380309,90.08763510346328,90.48169896515064,106.25380197225698,66.58853433516039,13.808114505659095,0.01755643305025571,6.650000000028838,3.0700000000000003,3.0700000000000003,
B_low_ordinary_early_NATIVE_L1_R0_G0_C0,low_ordinary_early,NATIVE,B,1,VALID,True,True,18.151146175999884,19.36898708700005,501.52181763151714,90.20176576106422,90.65933969294193,108.75948175789674,55.579621836533136,14.41464542124955,0.017701395046810297,5.560000000023633,2.525,2.525,
B_low_ordinary_early_NATIVE_L1_R0_G0_C1,low_ordinary_early,NATIVE,B,1,VALID,True,False,18.25795996299985,19.002416347000008,505.61776409525794,90.20834328193719,90.65794681121781,107.79904001666414,56.054877245809315,14.43071171920173,0.009801563210000887,5.605000000023848,2.5500000000000003,2.545,
B_low_ordinary_early_MATCHED_L1_R0_G0_C1,low_ordinary_early,MATCHED,B,1,VALID,True,True,20.830716763999817,21.57935920900013,600.0316438893924,90.0948414248337,90.48746417749197,106.17889777613763,66.70767253655134,13.791607863840303,0.011602502404948447,6.6600000000288855,3.0700000000000003,3.08,
B_low_ordinary_early_NATIVE_L1_R0_G0_C2,low_ordinary_early,NATIVE,B,1,VALID,True,False,17.059622536000006,17.765652443000135,508.1324447018386,90.41502574765813,90.86318478813328,108.81863194186177,55.926054302987495,14.400457961394157,0.0037037540987426678,5.62000000002392,2.525,2.585,
B_low_ordinary_early_MATCHED_L1_R0_G0_C2,low_ordinary_early,MATCHED,B,1,VALID,True,True,20.043852788000095,20.778524815000083,599.6062460632991,90.03096787737223,90.42563122633123,106.15734354319795,66.79794857411464,13.779090708242462,0.014550264032350543,6.6600000000288855,3.075,3.075,
B_low_ordinary_early_NATIVE_L1_R0_G1_C0,low_ordinary_early,NATIVE,B,1,VALID,True,False,17.823118103999832,18.557093931000054,501.1540278045767,90.21674667949175,90.67304052198156,108.64998112327225,55.524997716712974,14.45007455525472,0.01767515119421589,5.555000000023609,2.525,2.52,
B_low_ordinary_early_MATCHED_L1_R0_G1_C0,low_ordinary_early,MATCHED,B,1,VALID,True,True,20.045325052999942,20.766647178000085,599.8095562538188,90.06149493300583,90.45629599821012,106.21374003742464,66.72226992246367,13.80009454074407,0.017988805696017265,6.6600000000288855,3.075,3.075,
B_low_ordinary_early_NATIVE_L1_R0_G1_C1,low_ordinary_early,NATIVE,B,1,VALID,True,True,17.42045426300001,18.177136109000003,501.52181763151714,90.20176576106422,90.65933969294193,108.75948175789674,55.579621836533136,14.41464542124955,0.017701395046810297,5.560000000023633,2.525,2.525,
B_low_ordinary_early_MATCHED_L1_R0_G1_C1,low_ordinary_early,MATCHED,B,1,VALID,True,True,20.459015575999956,21.21071728800007,599.0827734380309,90.08763510346328,90.48169896515064,106.25380197225698,66.58853433516039,13.808114505659095,0.01755643305025571,6.650000000028838,3.0700000000000003,3.0700000000000003,
B_low_ordinary_early_NATIVE_L1_R0_G1_C2,low_ordinary_early,NATIVE,B,1,VALID,True,False,17.47573942600002,18.247642614000142,504.6886243038273,90.20350747164025,90.65781822600137,108.10800042282172,55.95340555668848,14.481821459533991,0.01782091879426159,5.5950000000238,2.5500000000000003,2.535,
B_low_ordinary_early_MATCHED_L1_R0_G1_C2,low_ordinary_early,MATCHED,B,1,VALID,True,True,20.54047177199982,21.298195373,598.8685466316596,89.98776057575651,90.384086034076,106.20649557848256,66.79092957993436,13.79674195125381,0.017977249426438493,6.655000000028862,3.0700000000000003,3.075,
B_low_ordinary_early_NATIVE_L1_R1_G0_C0,low_ordinary_early,NATIVE,B,1,VALID,True,False,17.732786153999996,18.531505073000062,510.6979148790616,89.99082200512098,90.44600443236457,107.47054508636022,57.03220786054736,14.258506959736698,0.015875733022680718,5.675000000024182,2.64,2.525,
B_low_ordinary_early_MATCHED_L1_R1_G0_C0,low_ordinary_early,MATCHED,B,1,VALID,True,True,20.051744453999845,20.813544868999998,598.4145983930391,89.91954896965275,90.31913558272326,106.25067210663306,66.8707268790414,13.797984863142165,0.017634029813815757,6.655000000028862,3.065,3.08,
B_low_ordinary_early_NATIVE_L1_R1_G0_C1,low_ordinary_early,NATIVE,B,1,VALID,True,False,17.44030834,18.182141697999896,511.7132480112796,90.01112541975013,90.46731242642151,107.6276532037859,57.07236979377164,14.155231650113958,0.012974151612483883,5.68500000002423,2.645,2.5300000000000002,
B_low_ordinary_early_NATIVE_L1_R1_G0_C2,low_ordinary_early,NATIVE,B,1,VALID,True,False,18.77265386399995,19.489739269999973,510.29361053986247,89.9195789497555,90.37766578355385,107.68245009728214,57.096087527938394,14.19004124388865,0.016107873169485695,5.675000000024182,2.64,2.525,
B_low_ordinary_early_MATCHED_L1_R1_G0_C1,low_ordinary_early,MATCHED,B,1,INFEASIBLE,False,False,20.978513769000074,21.715687591000005,,,,,,,0.015317176790747507,,,,NO_FEASIBLE_WAYPOINT:ValueError:MATCHED_PACING_INFEASIBLE:fixed-duration reference exceeds registered causal 20 ms acceleration limits
B_low_ordinary_early_NATIVE_L1_R1_G1_C0,low_ordinary_early,NATIVE,B,1,VALID,True,False,18.347016476999897,19.075249202999885,510.1119317774986,89.9668310013225,90.42286346335464,107.5241097953868,57.00556133908993,14.243454518589601,0.01596063893206678,5.670000000024158,2.6350000000000002,2.525,
B_low_ordinary_early_MATCHED_L1_R1_G0_C2,low_ordinary_early,MATCHED,B,1,VALID,True,True,20.494737487999828,21.27565837599991,599.2566846529508,90.04608334379427,90.43663001493076,106.29408500411,66.78094058979448,13.785647902682307,0.013826186915917037,6.655000000028862,3.0700000000000003,3.075,
B_low_ordinary_early_NATIVE_L1_R1_G1_C1,low_ordinary_early,NATIVE,B,1,VALID,True,False,17.914129109999976,18.667472091000036,510.29361053986247,89.9195789497555,90.37766578355385,107.68245009728214,57.096087527938394,14.19004124388865,0.016107873169485695,5.675000000024182,2.64,2.525,
B_low_ordinary_early_MATCHED_L1_R1_G1_C0,low_ordinary_early,MATCHED,B,1,VALID,True,True,20.902293391000057,21.62744577599983,598.5978750827387,89.94708866757907,90.3441314242439,106.26175867633003,66.85355627258916,13.7950011541715,0.0175907239902143,6.655000000028862,3.065,3.08,
B_low_ordinary_early_NATIVE_L1_R1_G1_C2,low_ordinary_early,NATIVE,B,1,VALID,True,False,18.481899561999853,19.235007074999885,507.05552087585977,89.98323351834246,90.43996369061948,107.88616692493528,56.602367930208615,14.242079437992404,0.015198538786480583,5.635000000023991,2.6,2.525,
B_low_ordinary_early_MATCHED_L1_R1_G1_C1,low_ordinary_early,MATCHED,B,1,VALID,True,True,20.962390683999956,21.706936940000105,598.4145983930391,89.91954896965275,90.31913558272326,106.25067210663306,66.8707268790414,13.797984863142165,0.017634029813815757,6.655000000028862,3.065,3.08,
B_low_ordinary_early_NATIVE_L1_R2_G0_C0,low_ordinary_early,NATIVE,B,1,VALID,True,False,17.465137226000024,18.179292317999852,497.7812379269225,89.77118808420603,90.25686519451554,109.85255367265579,55.76495277991502,14.212414089660214,0.017681559575262597,5.5450000000235615,2.5100000000000002,2.525,
B_low_ordinary_early_MATCHED_L1_R1_G1_C2,low_ordinary_early,MATCHED,B,1,INFEASIBLE,False,False,11.135238355999945,11.829897112000026,,,,,,,0.013966263239394868,,,,NO_FEASIBLE_WAYPOINT:ValueError:COORDINATION_INFEASIBLE:baseline waypoint count exhausted
B_low_ordinary_early_NATIVE_L1_R2_G0_C1,low_ordinary_early,NATIVE,B,1,VALID,True,False,17.459046344999933,18.214092547000064,515.1420405262744,90.61425514974044,91.06646227477873,108.76883146156253,56.265038982123656,14.178541714347212,0.002553851991878545,5.68500000002423,2.575,2.6,
B_low_ordinary_early_MATCHED_L1_R2_G0_C0,low_ordinary_early,MATCHED,B,1,VALID,True,True,20.490735824000012,21.224704819999943,600.0063452269477,90.09104282686903,90.48491208360124,106.26727691202704,66.67987076937493,13.811195594656217,0.01704657749647231,6.6600000000288855,3.075,3.075,
B_low_ordinary_early_NATIVE_L1_R2_G0_C2,low_ordinary_early,NATIVE,B,1,VALID,True,False,17.770896022999978,18.536357255999974,499.9617298772124,89.8403827272619,90.31095472958742,109.09289678746491,55.9907118280764,14.0228981808086,0.018179493267857973,5.565000000023657,2.5300000000000002,2.525,
B_low_ordinary_early_MATCHED_L1_R2_G0_C1,low_ordinary_early,MATCHED,B,1,VALID,False,False,20.62964490499985,21.425029291999863,587.31821404532,90.01045425981917,90.40404818697571,106.31758676708341,65.47675532679273,13.822100649994429,0.013654459737575574,6.525000000028241,2.94,3.075,
B_low_ordinary_early_NATIVE_L1_R2_G1_C0,low_ordinary_early,NATIVE,B,1,VALID,True,False,19.06366535799998,19.922953274000065,497.510513281321,89.80334174753088,90.28451143220653,109.64719772983071,55.71457778273256,14.099819870582746,0.018002152173334698,5.540000000023538,2.5100000000000002,2.52,
B_low_ordinary_early_MATCHED_L1_R2_G0_C2,low_ordinary_early,MATCHED,B,1,VALID,True,True,20.832033665999916,21.640547395000112,601.4092207877586,90.09875966857805,90.4917407289761,106.15810013813437,66.85616178305699,13.782801921979175,0.008756180645569402,6.675000000028957,3.075,3.09,
B_low_ordinary_early_NATIVE_L1_R2_G1_C1,low_ordinary_early,NATIVE,B,1,VALID,True,False,17.72925185600002,18.46569027999999,497.7812379269225,89.77118808420603,90.25686519451554,109.85255367265579,55.76495277991502,14.212414089660214,0.017681559575262597,5.5450000000235615,2.5100000000000002,2.525,
B_low_ordinary_early_MATCHED_L1_R2_G1_C0,low_ordinary_early,MATCHED,B,1,VALID,True,True,21.239358018000075,22.013022771999886,599.5331900862086,90.08763186870152,90.48171867383242,106.22207738119094,66.63679580754689,13.802394139540759,0.01696326288820994,6.655000000028862,3.0700000000000003,3.075,
B_low_ordinary_early_NATIVE_L1_R2_G1_C2,low_ordinary_early,NATIVE,B,1,VALID,True,False,18.525226157999896,19.259360589999915,499.2685612553241,89.55489887987878,90.03901766186253,109.62143206720263,56.35205891267542,14.147313685236224,0.0181125037207534,5.575000000023705,2.5100000000000002,2.555,
B_low_ordinary_early_MATCHED_L1_R2_G1_C1,low_ordinary_early,MATCHED,B,1,VALID,True,True,21.03192620899995,21.834412149999935,600.0063452269477,90.09104282686903,90.48491208360124,106.26727691202704,66.67987076937493,13.811195594656217,0.01704657749647231,6.6600000000288855,3.075,3.075,
B_low_ordinary_early_NATIVE_L2_R0_G0_C0,low_ordinary_early,NATIVE,B,2,VALID,True,True,17.580970595000053,18.346813928000074,501.52181763151714,90.20176576106422,90.65933969294193,108.75948175789674,55.579621836533136,14.41464542124955,0.017701395046810297,5.560000000023633,2.525,2.525,
B_low_ordinary_early_MATCHED_L1_R2_G1_C2,low_ordinary_early,MATCHED,B,1,VALID,True,True,21.01427205899995,21.826679645000013,598.963775322271,89.93450079913978,90.33138380818482,106.22233591151412,66.93419477350317,13.802652032722586,0.01807876035735589,6.6600000000288855,3.0700000000000003,3.08,
B_low_ordinary_early_NATIVE_L2_R0_G0_C1,low_ordinary_early,NATIVE,B,2,VALID,True,False,18.077317156999925,18.895728783000095,497.510513281321,89.80334174753088,90.28451143220653,109.64719772983071,55.71457778273256,14.099819870582746,0.018002152173334698,5.540000000023538,2.5100000000000002,2.52,
B_low_ordinary_early_NATIVE_L2_R0_G0_C2,low_ordinary_early,NATIVE,B,2,VALID,True,False,18.316573041000083,19.078175985000144,517.200835217569,89.71393499003798,90.17678153157853,108.916237230603,58.32479983857153,14.357233977096081,0.01620242549189296,5.765000000024612,2.545,2.71,
B_low_ordinary_early_MATCHED_L2_R0_G0_C0,low_ordinary_early,MATCHED,B,2,VALID,True,True,20.985142612000118,21.74389431999998,599.0827734380309,90.08763510346328,90.48169896515064,106.25380197225698,66.58853433516039,13.808114505659095,0.01755643305025571,6.650000000028838,3.0700000000000003,3.0700000000000003,
B_low_ordinary_early_NATIVE_L2_R0_G1_C0,low_ordinary_early,NATIVE,B,2,VALID,True,False,19.218960431999903,19.971046114000046,500.2955277391919,90.14333833138593,90.6036351281266,109.00246876092365,55.53867588045439,14.361436556158248,0.01776545823117617,5.550000000023585,2.515,2.525,
B_low_ordinary_early_MATCHED_L2_R0_G0_C1,low_ordinary_early,MATCHED,B,2,VALID,True,True,20.560008371999857,21.376383224000165,598.4145983930391,89.91954896965275,90.31913558272326,106.25067210663306,66.8707268790414,13.797984863142165,0.017634029813815757,6.655000000028862,3.065,3.08,
B_low_ordinary_early_NATIVE_L2_R0_G1_C1,low_ordinary_early,NATIVE,B,2,VALID,True,False,17.75067721000005,18.518155769000032,497.510513281321,89.80334174753088,90.28451143220653,109.64719772983071,55.71457778273256,14.099819870582746,0.018002152173334698,5.540000000023538,2.5100000000000002,2.52,
B_low_ordinary_early_MATCHED_L2_R0_G0_C2,low_ordinary_early,MATCHED,B,2,INFEASIBLE,False,False,2.999213427999848,3.6871389970001474,,,,,,,0.021624066604358307,,,,NO_FEASIBLE_WAYPOINT:ValueError:COORDINATION_INFEASIBLE:target waypoint enters existing shank-table geometry (-6.047722 mm)
B_low_ordinary_early_MATCHED_L2_R0_G1_C0,low_ordinary_early,MATCHED,B,2,VALID,True,True,20.007976712000072,20.740402757000084,599.3251522973279,90.05637149471494,90.45078895763109,106.24418563037473,66.68588570643084,13.805694675564405,0.018042777707589535,6.655000000028862,3.0700000000000003,3.075,
B_low_ordinary_early_NATIVE_L2_R0_G1_C2,low_ordinary_early,NATIVE,B,2,VALID,True,False,17.878709281999818,18.61797901099999,502.6418464439977,89.91804050876522,90.38401082810319,109.01481662073994,56.16847765471655,14.162486299950427,0.018187116357691626,5.590000000023776,2.5300000000000002,2.5500000000000003,
B_low_ordinary_early_MATCHED_L2_R0_G1_C1,low_ordinary_early,MATCHED,B,2,VALID,True,True,20.30813897699977,21.091284261000283,598.4145983930391,89.91954896965275,90.31913558272326,106.25067210663306,66.8707268790414,13.797984863142165,0.017634029813815757,6.655000000028862,3.065,3.08,
B_low_ordinary_early_NATIVE_L2_R1_G0_C0,low_ordinary_early,NATIVE,B,2,VALID,True,False,17.65338844500002,18.374255251999784,510.6979148790616,89.99082200512098,90.44600443236457,107.47054508636022,57.03220786054736,14.258506959736698,0.015875733022680718,5.675000000024182,2.64,2.525,
B_low_ordinary_early_MATCHED_L2_R0_G1_C2,low_ordinary_early,MATCHED,B,2,VALID,False,False,20.278607878000003,21.094183695999618,590.4871322281243,90.21957711659654,90.60679102026779,106.34120604298136,65.42200308874162,13.829786201830649,0.0023238073123681676,6.545000000028336,2.945,3.09,
B_low_ordinary_early_NATIVE_L2_R1_G0_C1,low_ordinary_early,NATIVE,B,2,VALID,True,False,17.41696967200005,18.196396842000013,497.510513281321,89.80334174753088,90.28451143220653,109.64719772983071,55.71457778273256,14.099819870582746,0.018002152173334698,5.540000000023538,2.5100000000000002,2.52,
B_low_ordinary_early_MATCHED_L2_R1_G0_C0,low_ordinary_early,MATCHED,B,2,VALID,True,True,20.80626312100003,21.605440100999658,598.4145983930391,89.91954896965275,90.31913558272326,106.25067210663306,66.8707268790414,13.797984863142165,0.017634029813815757,6.655000000028862,3.065,3.08,
B_low_ordinary_early_NATIVE_L2_R1_G0_C2,low_ordinary_early,NATIVE,B,2,VALID,True,False,18.59005411499993,19.311756535999848,522.5394533180423,89.47593378733602,89.93752313669874,107.34920290208272,59.44587280712297,14.080582342956538,0.013893153956193696,5.84000000002497,2.7600000000000002,2.57,
B_low_ordinary_early_NATIVE_L2_R1_G1_C0,low_ordinary_early,NATIVE,B,2,VALID,True,False,17.689780214000166,18.465096794000146,507.7740262775028,89.95111182949562,90.41031614497307,107.99071005013805,56.73614561290575,14.182211290586652,0.01671034701994589,5.645000000024039,2.61,2.525,
B_low_ordinary_early_MATCHED_L2_R1_G0_C1,low_ordinary_early,MATCHED,B,2,VALID,True,True,20.312973362999855,21.054329753000275,598.4145983930391,89.91954896965275,90.31913558272326,106.25067210663306,66.8707268790414,13.797984863142165,0.017634029813815757,6.655000000028862,3.065,3.08,
B_low_ordinary_early_NATIVE_L2_R1_G1_C1,low_ordinary_early,NATIVE,B,2,VALID,True,False,17.632401983999898,18.38990817800004,497.510513281321,89.80334174753088,90.28451143220653,109.64719772983071,55.71457778273256,14.099819870582746,0.018002152173334698,5.540000000023538,2.5100000000000002,2.52,
B_low_ordinary_early_MATCHED_L2_R1_G0_C2,low_ordinary_early,MATCHED,B,2,INFEASIBLE,False,False,20.184078068999952,20.96630690999973,,,,,,,0.007496696251540755,,,,NO_FEASIBLE_WAYPOINT:ValueError:MATCHED_PACING_INFEASIBLE:fixed-duration reference exceeds registered causal 20 ms acceleration limits
B_low_ordinary_early_NATIVE_L2_R1_G1_C2,low_ordinary_early,NATIVE,B,2,VALID,True,False,17.69187280699998,18.4452428970003,510.99105941734405,89.88409136628744,90.33880273708131,107.58780551156038,57.30850243941441,14.200609563134195,0.015887767041284414,5.68500000002423,2.6350000000000002,2.54,
B_low_ordinary_early_MATCHED_L2_R1_G1_C0,low_ordinary_early,MATCHED,B,2,VALID,True,True,20.50262157799989,21.297004584000206,598.4145983930391,89.91954896965275,90.31913558272326,106.25067210663306,66.8707268790414,13.797984863142165,0.017634029813815757,6.655000000028862,3.065,3.08,
B_low_ordinary_early_NATIVE_L2_R2_G0_C0,low_ordinary_early,NATIVE,B,2,VALID,True,False,17.72805609099987,18.43041668199976,497.7812379269225,89.77118808420603,90.25686519451554,109.85255367265579,55.76495277991502,14.212414089660214,0.017681559575262597,5.5450000000235615,2.5100000000000002,2.525,
B_low_ordinary_early_MATCHED_L2_R1_G1_C1,low_ordinary_early,MATCHED,B,2,VALID,True,True,20.046603141000105,20.7876944919999,598.4145983930391,89.91954896965275,90.31913558272326,106.25067210663306,66.8707268790414,13.797984863142165,0.017634029813815757,6.655000000028862,3.065,3.08,
B_low_ordinary_early_NATIVE_L2_R2_G0_C1,low_ordinary_early,NATIVE,B,2,VALID,True,False,17.75682866299985,18.485878005999894,497.510513281321,89.80334174753088,90.28451143220653,109.64719772983071,55.71457778273256,14.099819870582746,0.018002152173334698,5.540000000023538,2.5100000000000002,2.52,
B_low_ordinary_early_MATCHED_L2_R1_G1_C2,low_ordinary_early,MATCHED,B,2,INFEASIBLE,False,False,14.316303263999998,15.129119670999899,,,,,,,0.005018265923855983,,,,NO_FEASIBLE_WAYPOINT:ValueError:COORDINATION_INFEASIBLE:CAUSAL_TRACKING_OFFSET_CLEARANCE
B_low_ordinary_early_NATIVE_L2_R2_G0_C2,low_ordinary_early,NATIVE,B,2,INFEASIBLE,False,False,10.004352986999947,10.75387846600006,,,,,,,0.015103451545368098,,,,NO_FEASIBLE_WAYPOINT:ValueError:COORDINATION_INFEASIBLE:baseline waypoint count exhausted
B_low_ordinary_early_MATCHED_L2_R2_G0_C0,low_ordinary_early,MATCHED,B,2,VALID,True,True,20.67037273400001,21.461005229999955,600.037434163554,90.0957108353685,90.48953830328769,106.27200025328325,66.67252861887803,13.812162831350943,0.016880915811373045,6.6600000000288855,3.075,3.075,
B_low_ordinary_early_NATIVE_L2_R2_G1_C0,low_ordinary_early,NATIVE,B,2,VALID,True,False,17.650130700999853,18.442183193000346,497.0203226174243,89.79590291191045,90.28124410611025,109.77265277036896,55.64509947550148,14.182235697646208,0.017759536284986912,5.535000000023514,2.5100000000000002,2.515,
B_low_ordinary_early_NATIVE_L2_R2_G1_C1,low_ordinary_early,NATIVE,B,2,VALID,True,False,17.949860502999854,18.74530908099996,497.510513281321,89.80334174753088,90.28451143220653,109.64719772983071,55.71457778273256,14.099819870582746,0.018002152173334698,5.540000000023538,2.5100000000000002,2.52,
B_low_ordinary_early_MATCHED_L2_R2_G0_C1,low_ordinary_early,MATCHED,B,2,VALID,True,True,20.862532491000366,21.619752626999798,598.4145983930391,89.91954896965275,90.31913558272326,106.25067210663306,66.8707268790414,13.797984863142165,0.017634029813815757,6.655000000028862,3.065,3.08,
B_low_ordinary_early_NATIVE_L2_R2_G1_C2,low_ordinary_early,NATIVE,B,2,VALID,True,False,18.338426190000064,19.18683104999991,506.342623462184,90.09655221747046,90.56220583632374,109.25829694056486,56.215559431341084,13.960978524977838,0.008565692370043811,5.62000000002392,2.59,2.52,
B_low_ordinary_early_MATCHED_L2_R2_G0_C2,low_ordinary_early,MATCHED,B,2,INFEASIBLE,False,False,12.040365589999965,12.820302483999967,,,,,,,0.011478198798609767,,,,NO_FEASIBLE_WAYPOINT:ValueError:COORDINATION_INFEASIBLE:target waypoint enters existing shank-table geometry (-0.345729 mm)
B_low_ordinary_early_MATCHED_L2_R2_G1_C0,low_ordinary_early,MATCHED,B,2,VALID,True,True,25.699249191000035,26.533379559999958,599.4250236849159,90.07137846505124,90.46570394103605,106.25483066772004,66.66146464333829,13.808376611092935,0.017500824021897673,6.655000000028862,3.0700000000000003,3.075,
B_low_ordinary_early_NATIVE_L3_R0_G0_C0,low_ordinary_early,NATIVE,B,3,VALID,True,True,22.202035221999722,23.175502925999808,501.52181763151714,90.20176576106422,90.65933969294193,108.75948175789674,55.579621836533136,14.41464542124955,0.017701395046810297,5.560000000023633,2.525,2.525,
B_low_ordinary_early_NATIVE_L3_R0_G0_C1,low_ordinary_early,NATIVE,B,3,VALID,True,False,20.98600013300029,21.82905767500006,497.0203226174243,89.79590291191045,90.28124410611025,109.77265277036896,55.64509947550148,14.182235697646208,0.017759536284986912,5.535000000023514,2.5100000000000002,2.515,
B_low_ordinary_early_MATCHED_L2_R2_G1_C1,low_ordinary_early,MATCHED,B,2,VALID,True,True,24.287518111999816,25.327238137999757,598.4145983930391,89.91954896965275,90.31913558272326,106.25067210663306,66.8707268790414,13.797984863142165,0.017634029813815757,6.655000000028862,3.065,3.08,
B_low_ordinary_early_NATIVE_L3_R0_G0_C2,low_ordinary_early,NATIVE,B,3,INFEASIBLE,False,False,12.846473212000092,13.600701568000204,,,,,,,0.016744928234580094,,,,NO_FEASIBLE_WAYPOINT:ValueError:COORDINATION_INFEASIBLE:baseline waypoint count exhausted
B_low_ordinary_early_MATCHED_L2_R2_G1_C2,low_ordinary_early,MATCHED,B,2,VALID,True,True,23.046830019000026,24.057566221999878,600.9732221690422,89.96605122291051,90.36522898214658,106.37291404399667,67.06758367782805,13.81698749596422,0.012829659443175375,6.680000000028981,3.08,3.09,
B_low_ordinary_early_NATIVE_L3_R0_G1_C0,low_ordinary_early,NATIVE,B,3,VALID,True,False,19.450943309000195,20.329365937000148,500.31236780769825,90.14637257796366,90.60675633182063,109.03628266452156,55.53402369586584,14.348543900074295,0.01772405358034247,5.550000000023585,2.515,2.525,
B_low_ordinary_early_MATCHED_L3_R0_G0_C0,low_ordinary_early,MATCHED,B,3,VALID,True,True,22.725784521999685,23.490782969000065,599.0827734380309,90.08763510346328,90.48169896515064,106.25380197225698,66.58853433516039,13.808114505659095,0.01755643305025571,6.650000000028838,3.0700000000000003,3.0700000000000003,
B_low_ordinary_early_NATIVE_L3_R0_G1_C1,low_ordinary_early,NATIVE,B,3,VALID,True,False,19.034644430999833,19.986445903000003,497.0203226174243,89.79590291191045,90.28124410611025,109.77265277036896,55.64509947550148,14.182235697646208,0.017759536284986912,5.535000000023514,2.5100000000000002,2.515,
B_low_ordinary_early_MATCHED_L3_R0_G0_C1,low_ordinary_early,MATCHED,B,3,VALID,True,True,21.497499025999787,22.301098612999795,598.4145983930391,89.91954896965275,90.31913558272326,106.25067210663306,66.8707268790414,13.797984863142165,0.017634029813815757,6.655000000028862,3.065,3.08,
B_low_ordinary_early_NATIVE_L3_R0_G1_C2,low_ordinary_early,NATIVE,B,3,INFEASIBLE,False,False,11.20167211800026,11.937912641999901,,,,,,,0.019526452514484257,,,,NO_FEASIBLE_WAYPOINT:ValueError:COORDINATION_INFEASIBLE:baseline waypoint count exhausted
B_low_ordinary_early_NATIVE_L3_R1_G0_C0,low_ordinary_early,NATIVE,B,3,VALID,True,False,17.878184530999988,18.596926836999955,510.6979148790616,89.99082200512098,90.44600443236457,107.47054508636022,57.03220786054736,14.258506959736698,0.015875733022680718,5.675000000024182,2.64,2.525,
B_low_ordinary_early_MATCHED_L3_R0_G0_C2,low_ordinary_early,MATCHED,B,3,INFEASIBLE,False,False,2.962811409999631,3.633588471999701,,,,,,,0.021624066604358307,,,,NO_FEASIBLE_WAYPOINT:ValueError:COORDINATION_INFEASIBLE:target waypoint enters existing shank-table geometry (-3.811158 mm)
B_low_ordinary_early_MATCHED_L3_R0_G1_C0,low_ordinary_early,MATCHED,B,3,VALID,True,True,20.58812996000006,21.34549562700022,599.3251522973279,90.05637149471494,90.45078895763109,106.24418563037473,66.68588570643084,13.805694675564405,0.018042777707589535,6.655000000028862,3.0700000000000003,3.075,
B_low_ordinary_early_NATIVE_L3_R1_G0_C1,low_ordinary_early,NATIVE,B,3,VALID,True,False,17.859664133000024,18.648584242000197,497.0203226174243,89.79590291191045,90.28124410611025,109.77265277036896,55.64509947550148,14.182235697646208,0.017759536284986912,5.535000000023514,2.5100000000000002,2.515,
B_low_ordinary_early_MATCHED_L3_R0_G1_C1,low_ordinary_early,MATCHED,B,3,VALID,True,True,20.680537032999837,21.487690074000056,598.4145983930391,89.91954896965275,90.31913558272326,106.25067210663306,66.8707268790414,13.797984863142165,0.017634029813815757,6.655000000028862,3.065,3.08,
B_low_ordinary_early_NATIVE_L3_R1_G0_C2,low_ordinary_early,NATIVE,B,3,INFEASIBLE,False,False,10.676849180999852,11.413510789000156,,,,,,,0.017898703222604864,,,,NO_FEASIBLE_WAYPOINT:ValueError:COORDINATION_INFEASIBLE:baseline waypoint count exhausted
B_low_ordinary_early_NATIVE_L3_R1_G1_C0,low_ordinary_early,NATIVE,B,3,VALID,True,False,18.99546045499983,19.785772581999936,507.7807732830199,89.95230704747917,90.41172410673241,108.02084960785707,56.732618368660425,14.169526228642754,0.01672990707787669,5.645000000024039,2.61,2.525,
B_low_ordinary_early_MATCHED_L3_R0_G1_C2,low_ordinary_early,MATCHED,B,3,INFEASIBLE,False,False,12.72086088199967,13.478150901999925,,,,,,,0.017971517307582226,,,,NO_FEASIBLE_WAYPOINT:ValueError:COORDINATION_INFEASIBLE:target waypoint enters existing shank-table geometry (-8.749530 mm)
B_low_ordinary_early_MATCHED_L3_R1_G0_C0,low_ordinary_early,MATCHED,B,3,VALID,True,True,20.879961944000115,21.67050196299988,598.4145983930391,89.91954896965275,90.31913558272326,106.25067210663306,66.8707268790414,13.797984863142165,0.017634029813815757,6.655000000028862,3.065,3.08,
B_low_ordinary_early_NATIVE_L3_R1_G1_C1,low_ordinary_early,NATIVE,B,3,VALID,True,False,17.902496707999944,18.661739271000442,497.0203226174243,89.79590291191045,90.28124410611025,109.77265277036896,55.64509947550148,14.182235697646208,0.017759536284986912,5.535000000023514,2.5100000000000002,2.515,
B_low_ordinary_early_NATIVE_L3_R1_G1_C2,low_ordinary_early,NATIVE,B,3,INFEASIBLE,False,False,10.032691150000119,10.748036746000253,,,,,,,0.001714996294009727,,,,NO_FEASIBLE_WAYPOINT:ValueError:COORDINATION_INFEASIBLE:baseline waypoint count exhausted
B_low_ordinary_early_MATCHED_L3_R1_G0_C1,low_ordinary_early,MATCHED,B,3,VALID,True,True,19.72461856400014,20.48391427100023,598.4145983930391,89.91954896965275,90.31913558272326,106.25067210663306,66.8707268790414,13.797984863142165,0.017634029813815757,6.655000000028862,3.065,3.08,
B_low_ordinary_early_NATIVE_L3_R2_G0_C0,low_ordinary_early,NATIVE,B,3,VALID,True,False,17.75199004499973,18.53728449800019,497.7812379269225,89.77118808420603,90.25686519451554,109.85255367265579,55.76495277991502,14.212414089660214,0.017681559575262597,5.5450000000235615,2.5100000000000002,2.525,
B_low_ordinary_early_MATCHED_L3_R1_G0_C2,low_ordinary_early,MATCHED,B,3,INFEASIBLE,False,False,2.9278037320000294,3.582374431000062,,,,,,,0.021624066604358307,,,,NO_FEASIBLE_WAYPOINT:ValueError:COORDINATION_INFEASIBLE:candidate would regress the emitted reference away from the phase goal
B_low_ordinary_early_MATCHED_L3_R1_G1_C0,low_ordinary_early,MATCHED,B,3,VALID,True,True,20.585727285999837,21.38337952699976,598.4145983930391,89.91954896965275,90.31913558272326,106.25067210663306,66.8707268790414,13.797984863142165,0.017634029813815757,6.655000000028862,3.065,3.08,
B_low_ordinary_early_NATIVE_L3_R2_G0_C1,low_ordinary_early,NATIVE,B,3,VALID,True,False,17.326231127000028,18.075159986000017,497.0203226174243,89.79590291191045,90.28124410611025,109.77265277036896,55.64509947550148,14.182235697646208,0.017759536284986912,5.535000000023514,2.5100000000000002,2.515,
B_low_ordinary_early_NATIVE_L3_R2_G0_C2,low_ordinary_early,NATIVE,B,3,INFEASIBLE,False,False,2.869401152000137,3.5599316429998,,,,,,,0.021624066604358307,,,,NO_FEASIBLE_WAYPOINT:ValueError:COORDINATION_INFEASIBLE:candidate would regress the emitted reference away from the phase goal
B_low_ordinary_early_MATCHED_L3_R1_G1_C1,low_ordinary_early,MATCHED,B,3,VALID,True,True,19.877463685999828,20.63956317400016,598.4145983930391,89.91954896965275,90.31913558272326,106.25067210663306,66.8707268790414,13.797984863142165,0.017634029813815757,6.655000000028862,3.065,3.08,
B_low_ordinary_early_NATIVE_L3_R2_G1_C0,low_ordinary_early,NATIVE,B,3,VALID,True,False,16.928518147999966,17.67168865900021,497.811473795085,89.77664090082688,90.26205414212043,109.83356681128812,55.763291914494296,14.204637290491394,0.017691592315652285,5.5450000000235615,2.5100000000000002,2.525,
B_low_ordinary_early_NATIVE_L3_R2_G1_C1,low_ordinary_early,NATIVE,B,3,VALID,True,False,17.531003832999886,18.254538142,497.0203226174243,89.79590291191045,90.28124410611025,109.77265277036896,55.64509947550148,14.182235697646208,0.017759536284986912,5.535000000023514,2.5100000000000002,2.515,
B_low_ordinary_early_MATCHED_L3_R1_G1_C2,low_ordinary_early,MATCHED,B,3,INVALID,False,False,13.852440517000105,14.536625823000122,,,,,,,-3.6666377273261545e-05,,,,SESSION_CLEARANCE_LIMIT
B_low_ordinary_early_MATCHED_L3_R2_G0_C0,low_ordinary_early,MATCHED,B,3,VALID,True,True,20.391006829999696,21.145444387000225,598.9267144910965,90.06416759264609,90.45865883229327,106.22211998684851,66.62559003358902,13.802189665858299,0.018057194939819606,6.650000000028838,3.0700000000000003,3.0700000000000003,
B_low_ordinary_early_NATIVE_L3_R2_G1_C2,low_ordinary_early,NATIVE,B,3,INFEASIBLE,False,False,2.9596209370001816,3.5978554819998863,,,,,,,0.021624066604358307,,,,NO_FEASIBLE_WAYPOINT:ValueError:COORDINATION_INFEASIBLE:candidate would regress the emitted reference away from the phase goal
B_balanced_high_MATCHED_L1_R0_G0_C0,balanced_high,MATCHED,B,1,VALID,True,True,64.79690360099994,65.80145225199976,1207.1277930903273,87.28328221911259,87.88101807412089,108.97854368139807,79.22505065120805,15.353000464218518,0.012919583735192055,13.830000000023757,6.67,6.65,
B_low_ordinary_early_MATCHED_L3_R2_G0_C1,low_ordinary_early,MATCHED,B,3,VALID,True,True,19.824467759999607,20.59323521799979,598.4145983930391,89.91954896965275,90.31913558272326,106.25067210663306,66.8707268790414,13.797984863142165,0.017634029813815757,6.655000000028862,3.065,3.08,
B_low_ordinary_early_MATCHED_L3_R2_G0_C2,low_ordinary_early,MATCHED,B,3,INFEASIBLE,False,False,2.9616879549998885,3.648563184000068,,,,,,,0.021624066604358307,,,,NO_FEASIBLE_WAYPOINT:ValueError:COORDINATION_INFEASIBLE:target waypoint enters existing shank-table geometry (-12.588489 mm)
B_low_ordinary_early_MATCHED_L3_R2_G1_C0,low_ordinary_early,MATCHED,B,3,VALID,True,True,20.79502894699999,21.584038770999996,599.7085362367048,90.046326762268,90.44099831423414,106.22093985898321,66.75251283561656,13.801739276643133,0.017994485443227678,6.6600000000288855,3.075,3.075,
B_low_ordinary_early_MATCHED_L3_R2_G1_C1,low_ordinary_early,MATCHED,B,3,VALID,True,True,20.941536819000248,21.71756212499986,598.4145983930391,89.91954896965275,90.31913558272326,106.25067210663306,66.8707268790414,13.797984863142165,0.017634029813815757,6.655000000028862,3.065,3.08,
B_balanced_high_MATCHED_L1_R0_G0_C1,balanced_high,MATCHED,B,1,VALID,True,True,63.60996742599991,64.62627973999997,1190.9442634691795,86.11310654151696,86.59500390414355,105.74440142951816,82.17540299283951,15.414224453966247,0.01292356867301708,13.830000000023757,6.67,6.65,
B_low_ordinary_early_MATCHED_L3_R2_G1_C2,low_ordinary_early,MATCHED,B,3,INFEASIBLE,False,False,10.306656578000002,11.002039882999725,,,,,,,0.021624066604358307,,,,NO_FEASIBLE_WAYPOINT:ValueError:MATCHED_PACING_INFEASIBLE:fixed-duration reference exceeds registered causal 20 ms acceleration limits
B_balanced_high_NATIVE_L1_R0_G0_C0,balanced_high,NATIVE,B,1,VALID,True,True,54.160491115999776,55.10210927700018,942.0106554393506,87.2232088369769,88.13820250682033,114.47196792897195,62.503133235665544,16.71681071493684,0.010809984318849133,10.80000000000929,5.155,5.13,
B_balanced_high_MATCHED_L1_R0_G0_C2,balanced_high,MATCHED,B,1,VALID,True,True,63.37249658200017,64.39466467000011,1195.518275805388,86.44383772996296,87.00323230859222,107.161367599319,81.60068912686913,15.424405312024163,0.012708102545890523,13.830000000023757,6.67,6.65,
B_balanced_high_NATIVE_L1_R0_G0_C1,balanced_high,NATIVE,B,1,INFEASIBLE,False,False,55.32494495600031,56.25044201699984,,,,,,,0.01069995635019345,,,,NO_FEASIBLE_WAYPOINT:ValueError:COORDINATION_INFEASIBLE:baseline waypoint count exhausted
B_balanced_high_MATCHED_L1_R0_G1_C0,balanced_high,MATCHED,B,1,VALID,True,True,64.11312707099978,65.160392752,1201.2111137683587,86.85546737298328,87.41658799175262,107.77828875764614,80.41066940878255,15.389711568891656,0.012864463278381807,13.830000000023757,6.67,6.65,
B_balanced_high_NATIVE_L1_R0_G0_C2,balanced_high,NATIVE,B,1,INFEASIBLE,False,False,55.40522530899989,56.318494268999984,,,,,,,0.010650095545255336,,,,NO_FEASIBLE_WAYPOINT:ValueError:COORDINATION_INFEASIBLE:baseline waypoint count exhausted
B_balanced_high_MATCHED_L1_R0_G1_C1,balanced_high,MATCHED,B,1,VALID,True,True,64.32669343900034,65.32161816399957,1190.9442634691795,86.11310654151696,86.59500390414355,105.74440142951816,82.17540299283951,15.414224453966247,0.01292356867301708,13.830000000023757,6.67,6.65,
B_balanced_high_NATIVE_L1_R0_G1_C0,balanced_high,NATIVE,B,1,VALID,True,True,55.31222944000001,56.212631196000075,942.0106554393506,87.2232088369769,88.13820250682033,114.47196792897195,62.503133235665544,16.71681071493684,0.010809984318849133,10.80000000000929,5.155,5.13,
B_balanced_high_NATIVE_L1_R0_G1_C1,balanced_high,NATIVE,B,1,VALID,True,True,54.36046474700015,55.264907924,942.0106554393506,87.2232088369769,88.13820250682033,114.47196792897195,62.503133235665544,16.71681071493684,0.010809984318849133,10.80000000000929,5.155,5.13,
B_balanced_high_MATCHED_L1_R0_G1_C2,balanced_high,MATCHED,B,1,VALID,True,True,62.5452862850002,63.46900215000005,1207.7609498943166,87.3290636221487,87.88237877869156,108.18192616266344,79.3899475365126,15.390286193451628,0.013023032970825767,13.830000000023757,6.67,6.65,
B_balanced_high_NATIVE_L1_R0_G1_C2,balanced_high,NATIVE,B,1,VALID,True,False,55.671785981000085,56.6189037690001,946.1113967635024,87.27964914792459,88.18167410122524,114.52534254782259,62.078587230238284,16.625999364364702,0.010856622875372698,10.84000000000948,5.19,5.135,
B_balanced_high_MATCHED_L1_R1_G0_C0,balanced_high,MATCHED,B,1,VALID,True,True,66.1617526,67.09612103899963,1184.415951626238,85.64106663964124,86.09889042813923,104.95379644329145,83.37050960540938,15.450494674737818,0.012883052632701921,13.830000000023757,6.67,6.65,
B_balanced_high_NATIVE_L1_R1_G0_C0,balanced_high,NATIVE,B,1,VALID,True,False,57.08795441800021,58.06417350599986,983.2308343614757,86.097270959849,86.88866362115857,111.47545076885719,67.27165676234485,15.86416357236867,0.01025080568964173,11.42000000001225,5.265,5.13,
B_balanced_high_MATCHED_L1_R1_G0_C1,balanced_high,MATCHED,B,1,VALID,True,True,62.170061971999985,63.11178221299997,1193.5421871749604,86.30095351951991,86.80439685914865,105.98349042400115,81.92322976510346,15.444151405623805,0.012877858895012997,13.830000000023757,6.67,6.65,
B_balanced_high_NATIVE_L1_R1_G0_C1,balanced_high,NATIVE,B,1,VALID,True,False,54.343296702000316,55.26351730700026,943.9527442340295,86.68069276712853,87.5612143966507,112.69272732806343,65.1946490690683,16.32963731621407,0.01203215816198749,10.890000000009719,5.215,5.16,
B_balanced_high_MATCHED_L1_R1_G0_C2,balanced_high,MATCHED,B,1,INFEASIBLE,False,False,56.359416346000216,57.266205592000006,,,,,,,0.01634931566495942,,,,NO_FEASIBLE_WAYPOINT:ValueError:COORDINATION_INFEASIBLE:target waypoint enters existing shank-table geometry (-17.415302 mm)
B_balanced_high_NATIVE_L1_R1_G0_C2,balanced_high,NATIVE,B,1,VALID,True,False,56.34048863299995,57.25369713100008,993.2218450746822,85.65949504740684,86.4328932525757,109.63862102560635,69.61740692283517,15.956829363635045,0.011041700863818404,11.595000000013085,5.44,5.13,
B_balanced_high_MATCHED_L1_R1_G1_C0,balanced_high,MATCHED,B,1,VALID,True,True,62.624617927000145,63.5500482970001,1188.2149193323335,85.91575700161486,86.39033829281131,105.36303516127576,82.7319506237837,15.444783301701367,0.012880419386484262,13.830000000023757,6.67,6.65,
B_balanced_high_NATIVE_L1_R1_G1_C0,balanced_high,NATIVE,B,1,VALID,True,False,56.40960673499967,57.346475545999965,980.9844480471228,86.1646419013722,86.9772996868337,111.50547864428685,66.81104277203463,15.994373158106862,0.01110530314591487,11.385000000012083,5.235,5.125,
B_balanced_high_MATCHED_L1_R1_G1_C1,balanced_high,MATCHED,B,1,VALID,True,True,64.1946459259998,65.182707854,1184.415951626238,85.64106663964124,86.09889042813923,104.95379644329145,83.37050960540938,15.450494674737818,0.012883052632701921,13.830000000023757,6.67,6.65,
B_balanced_high_NATIVE_L1_R1_G1_C1,balanced_high,NATIVE,B,1,VALID,True,False,55.39086050500009,56.35310342999992,943.9527442340295,86.68069276712853,87.5612143966507,112.69272732806343,65.1946490690683,16.32963731621407,0.01203215816198749,10.890000000009719,5.215,5.16,
B_balanced_high_MATCHED_L1_R1_G1_C2,balanced_high,MATCHED,B,1,VALID,True,True,65.75015076099999,66.75695389400016,1179.9764415985874,85.32006085311549,85.83237608701623,105.84370240162676,84.34642903099387,15.426523085300424,0.012020446790936692,13.830000000023757,6.67,6.65,
B_balanced_high_NATIVE_L1_R1_G1_C2,balanced_high,NATIVE,B,1,VALID,True,False,59.08779686600019,60.028083159999824,985.8584569945004,85.50376903681702,86.27581537624398,113.04921856660992,70.21484012887171,15.12414649586949,0.011368508569429791,11.530000000012775,5.315,5.19,
B_balanced_high_MATCHED_L1_R2_G0_C0,balanced_high,MATCHED,B,1,VALID,True,True,69.32379554199997,70.2983054260003,1208.5308885036052,87.38473524971837,87.99363345684777,109.29306409066665,78.94450098050939,15.34275060050991,0.012922760883708997,13.830000000023757,6.67,6.65,
B_balanced_high_NATIVE_L1_R2_G0_C0,balanced_high,NATIVE,B,1,VALID,True,False,59.92446596700029,60.87701600599985,941.8724095660178,87.21040829314981,88.12355834892674,114.4406204257743,62.54809623743013,16.694068538520757,0.010799354942106484,10.80000000000929,5.155,5.13,
B_balanced_high_NATIVE_L1_R2_G0_C1,balanced_high,NATIVE,B,1,VALID,True,False,55.28199367099978,56.19533701799992,958.2266929287939,88.03185052170821,89.03367187703618,118.47470678846398,58.55723095391596,17.460155662367768,0.011253739053228014,10.885000000009695,5.24,5.13,
B_balanced_high_MATCHED_L1_R2_G0_C1,balanced_high,MATCHED,B,1,VALID,True,True,62.780319942999995,63.72154840400026,1218.4492094455945,88.10189511537197,88.70795041621705,110.08965572625628,77.02651263762715,15.32547344093065,0.013230363230887634,13.830000000023757,6.67,6.65,
B_balanced_high_NATIVE_L1_R2_G0_C2,balanced_high,NATIVE,B,1,INFEASIBLE,False,False,56.20896524700038,57.18074347999982,,,,,,,0.011020074968060675,,,,NO_FEASIBLE_WAYPOINT:ValueError:COORDINATION_INFEASIBLE:baseline waypoint count exhausted
B_balanced_high_MATCHED_L1_R2_G0_C2,balanced_high,MATCHED,B,1,INFEASIBLE,False,False,44.31408050600021,45.15943194200008,,,,,,,0.01634931566495942,,,,NO_FEASIBLE_WAYPOINT:ValueError:MATCHED_PACING_INFEASIBLE:fixed-duration reference exceeds registered velocity limits
B_balanced_high_NATIVE_L1_R2_G1_C0,balanced_high,NATIVE,B,1,VALID,True,False,59.171684575999734,60.09561004199986,943.2521091781792,87.41910187008149,88.35762405997937,115.5277089841398,61.28382501171368,16.97979005325786,0.010926107434489737,10.790000000009242,5.15,5.125,
B_balanced_high_MATCHED_L1_R2_G1_C0,balanced_high,MATCHED,B,1,VALID,True,True,68.46655388199997,69.38160961199992,1211.2719830991632,87.5829344251022,88.18988100524832,109.48707631978974,78.41288001988823,15.337236637696115,0.01304089656204865,13.830000000023757,6.67,6.65,
B_balanced_high_NATIVE_L1_R2_G1_C1,balanced_high,NATIVE,B,1,VALID,True,False,54.876956357999916,55.824418318000426,941.8724095660178,87.21040829314981,88.12355834892674,114.4406204257743,62.54809623743013,16.694068538520757,0.010799354942106484,10.80000000000929,5.155,5.13,
B_balanced_high_MATCHED_L1_R2_G1_C1,balanced_high,MATCHED,B,1,VALID,True,True,62.730856224000036,63.69047318699995,1208.5308885036052,87.38473524971837,87.99363345684777,109.29306409066665,78.94450098050939,15.34275060050991,0.012922760883708997,13.830000000023757,6.67,6.65,
B_balanced_high_NATIVE_L1_R2_G1_C2,balanced_high,NATIVE,B,1,VALID,True,False,54.68786822799984,55.589717844000006,943.9692047000545,87.20269789376945,88.1323667450744,114.96814485751679,62.402051121778015,16.738884276384628,0.011713904388982604,10.825000000009409,5.17,5.14,
B_balanced_high_MATCHED_L1_R2_G1_C2,balanced_high,MATCHED,B,1,VALID,True,True,62.84678128300038,63.805428801999824,1211.7887882016435,87.62030283453677,88.19581820279204,108.90633408446243,78.28550855809314,15.355124523849009,0.013229240367252978,13.830000000023757,6.67,6.65,
B_balanced_high_NATIVE_L2_R0_G0_C0,balanced_high,NATIVE,B,2,VALID,True,True,54.12333533099991,55.02248263599995,942.0106554393506,87.2232088369769,88.13820250682033,114.47196792897195,62.503133235665544,16.71681071493684,0.010809984318849133,10.80000000000929,5.155,5.13,
B_balanced_high_MATCHED_L2_R0_G0_C0,balanced_high,MATCHED,B,2,VALID,True,True,62.624997486999746,63.56322848900027,1207.1277930903273,87.28328221911259,87.88101807412089,108.97854368139807,79.22505065120805,15.353000464218518,0.012919583735192055,13.830000000023757,6.67,6.65,
B_balanced_high_NATIVE_L2_R0_G0_C1,balanced_high,NATIVE,B,2,VALID,True,False,54.80983616200001,55.70425083000009,941.8724095660178,87.21040829314981,88.12355834892674,114.4406204257743,62.54809623743013,16.694068538520757,0.010799354942106484,10.80000000000929,5.155,5.13,
B_balanced_high_MATCHED_L2_R0_G0_C1,balanced_high,MATCHED,B,2,VALID,True,True,63.936363477000214,65.01217165799972,1179.9764415985874,85.32006085311549,85.83237608701623,105.84370240162676,84.34642903099387,15.426523085300424,0.012020446790936692,13.830000000023757,6.67,6.65,
B_balanced_high_NATIVE_L2_R0_G0_C2,balanced_high,NATIVE,B,2,VALID,True,False,55.89785908499971,56.790201319999596,942.4238074662646,86.659660456668,87.56994199563722,113.86944382092025,65.21023747364374,16.385136223323844,0.011611774419670966,10.875000000009647,5.21,5.15,
B_balanced_high_MATCHED_L2_R0_G0_C2,balanced_high,MATCHED,B,2,INFEASIBLE,False,False,25.748152768000182,26.481703987999936,,,,,,,0.01634931566495942,,,,NO_FEASIBLE_WAYPOINT:ValueError:COORDINATION_INFEASIBLE:target waypoint enters existing shank-table geometry (-46.957587 mm)
B_balanced_high_NATIVE_L2_R0_G1_C0,balanced_high,NATIVE,B,2,VALID,True,False,54.355180777999976,55.24648175199991,941.1236066765641,87.22183565121075,88.13790994598014,114.49322788482247,62.46511722344215,16.726317968421135,0.010805131199282624,10.790000000009242,5.1450000000000005,5.13,
B_balanced_high_MATCHED_L2_R0_G1_C0,balanced_high,MATCHED,B,2,VALID,True,True,62.85257791899994,63.781126935999964,1203.2865307637417,87.0055336777832,87.58892995834515,108.42108399054885,79.97023963610275,15.369207931568754,0.012822379339069042,13.830000000023757,6.67,6.65,
B_balanced_high_NATIVE_L2_R0_G1_C1,balanced_high,NATIVE,B,2,VALID,True,False,54.307250868999745,55.236073927000234,941.8724095660178,87.21040829314981,88.12355834892674,114.4406204257743,62.54809623743013,16.694068538520757,0.010799354942106484,10.80000000000929,5.155,5.13,
B_balanced_high_MATCHED_L2_R0_G1_C1,balanced_high,MATCHED,B,2,VALID,True,True,63.233342945000004,64.18413821900003,1179.9764415985874,85.32006085311549,85.83237608701623,105.84370240162676,84.34642903099387,15.426523085300424,0.012020446790936692,13.830000000023757,6.67,6.65,
B_balanced_high_NATIVE_L2_R0_G1_C2,balanced_high,NATIVE,B,2,VALID,True,False,55.32838040099978,56.263988506999794,946.1870620997198,87.40758079443138,88.29466819474312,113.39704583190802,61.448209063865065,17.15778435799271,0.01120574398952717,10.825000000009409,5.18,5.13,
B_balanced_high_MATCHED_L2_R0_G1_C2,balanced_high,MATCHED,B,2,VALID,True,True,63.812787587,64.76855265199993,1198.6981044512027,86.67376026400598,87.17653067409785,106.08704010382776,80.70150407046728,15.449001313642338,0.012749303813328169,13.830000000023757,6.67,6.65,
B_balanced_high_NATIVE_L2_R1_G0_C0,balanced_high,NATIVE,B,2,VALID,True,False,57.11882318400012,58.029184003999944,983.2308343614757,86.097270959849,86.88866362115857,111.47545076885719,67.27165676234485,15.86416357236867,0.01025080568964173,11.42000000001225,5.265,5.13,
B_balanced_high_MATCHED_L2_R1_G0_C0,balanced_high,MATCHED,B,2,VALID,True,True,67.54131697899993,68.55748622100009,1184.415951626238,85.64106663964124,86.09889042813923,104.95379644329145,83.37050960540938,15.450494674737818,0.012883052632701921,13.830000000023757,6.67,6.65,
B_balanced_high_NATIVE_L2_R1_G0_C1,balanced_high,NATIVE,B,2,VALID,True,False,58.71769247900011,59.60396141399997,941.1236066765641,87.22183565121075,88.13790994598014,114.49322788482247,62.46511722344215,16.726317968421135,0.010805131199282624,10.790000000009242,5.1450000000000005,5.13,
B_balanced_high_MATCHED_L2_R1_G0_C1,balanced_high,MATCHED,B,2,VALID,True,True,67.00526020100006,68.00148609899952,1179.9764415985874,85.32006085311549,85.83237608701623,105.84370240162676,84.34642903099387,15.426523085300424,0.012020446790936692,13.830000000023757,6.67,6.65,
B_balanced_high_NATIVE_L2_R1_G0_C2,balanced_high,NATIVE,B,2,VALID,True,False,60.28040965299988,61.212425595999775,1012.333042963797,83.97619601524653,84.64468917291575,109.10448033998365,78.59075222239537,14.853157471039095,0.011776412405832767,12.055000000015282,5.76,5.275,
B_balanced_high_NATIVE_L2_R1_G1_C0,balanced_high,NATIVE,B,2,VALID,True,False,57.289064325000254,58.26820298200073,981.1004953137561,86.28852201528198,87.10864226111937,111.87620691537776,66.14121759909052,16.062336764279063,0.010393479554512749,11.370000000012011,5.215,5.13,
B_balanced_high_MATCHED_L2_R1_G0_C2,balanced_high,MATCHED,B,2,INFEASIBLE,False,False,28.86983170500025,29.674343849000252,,,,,,,0.01634931566495942,,,,NO_FEASIBLE_WAYPOINT:ValueError:MATCHED_PACING_INFEASIBLE:fixed-duration reference exceeds registered velocity limits
B_balanced_high_MATCHED_L2_R1_G1_C0,balanced_high,MATCHED,B,2,VALID,True,True,61.72159113899943,62.70884772200043,1183.5492106420902,85.5783955634194,86.04657652396962,105.15400286728737,83.55938113128636,15.444868951716064,0.012718339377940185,13.830000000023757,6.67,6.65,
B_balanced_high_NATIVE_L2_R1_G1_C1,balanced_high,NATIVE,B,2,VALID,True,False,54.408838659999674,55.29636918599954,941.1236066765641,87.22183565121075,88.13790994598014,114.49322788482247,62.46511722344215,16.726317968421135,0.010805131199282624,10.790000000009242,5.1450000000000005,5.13,
B_balanced_high_MATCHED_L2_R1_G1_C1,balanced_high,MATCHED,B,2,VALID,True,True,61.96205698100039,63.004069958999935,1179.9764415985874,85.32006085311549,85.83237608701623,105.84370240162676,84.34642903099387,15.426523085300424,0.012020446790936692,13.830000000023757,6.67,6.65,
B_balanced_high_NATIVE_L2_R1_G1_C2,balanced_high,NATIVE,B,2,VALID,True,False,56.12098899400007,57.01941697500024,1000.2402533676043,85.38115692425131,86.11070015336922,109.08738203611476,71.31236473087937,15.621036274016486,0.010985460095052173,11.715000000013658,5.555,5.14,
B_balanced_high_MATCHED_L2_R1_G1_C2,balanced_high,MATCHED,B,2,INFEASIBLE,False,False,25.116203386999587,25.863167996999437,,,,,,,0.01634931566495942,,,,NO_FEASIBLE_WAYPOINT:ValueError:MATCHED_PACING_INFEASIBLE:fixed-duration reference exceeds registered velocity limits
B_balanced_high_NATIVE_L2_R2_G0_C0,balanced_high,NATIVE,B,2,VALID,True,False,56.08817961300065,56.967591456000264,941.8724095660178,87.21040829314981,88.12355834892674,114.4406204257743,62.54809623743013,16.694068538520757,0.010799354942106484,10.80000000000929,5.155,5.13,
B_balanced_high_MATCHED_L2_R2_G0_C0,balanced_high,MATCHED,B,2,VALID,True,True,63.477542927000286,64.43108910699993,1206.94477012384,87.27004845436296,87.8663425948107,108.9372364192141,79.26171865181112,15.354333868532095,0.012919187758198416,13.830000000023757,6.67,6.65,
B_balanced_high_NATIVE_L2_R2_G0_C1,balanced_high,NATIVE,B,2,VALID,True,False,53.737764061000235,54.60721780299991,941.1236066765641,87.22183565121075,88.13790994598014,114.49322788482247,62.46511722344215,16.726317968421135,0.010805131199282624,10.790000000009242,5.1450000000000005,5.13,
B_balanced_high_MATCHED_L2_R2_G0_C1,balanced_high,MATCHED,B,2,VALID,True,True,62.91273156399984,63.848551050000424,1179.9764415985874,85.32006085311549,85.83237608701623,105.84370240162676,84.34642903099387,15.426523085300424,0.012020446790936692,13.830000000023757,6.67,6.65,
B_balanced_high_NATIVE_L2_R2_G0_C2,balanced_high,NATIVE,B,2,VALID,True,False,56.24540691900074,57.141265839999505,986.8190852303927,85.95985062982514,86.88707759151094,116.88840791370012,68.14021965106832,15.469853764317008,0.010330417812814071,11.480000000012536,5.255,5.2,
B_balanced_high_MATCHED_L2_R2_G0_C2,balanced_high,MATCHED,B,2,INFEASIBLE,False,False,55.040292844999385,55.95544475499992,,,,,,,0.01634931566495942,,,,NO_FEASIBLE_WAYPOINT:ValueError:COORDINATION_INFEASIBLE:target waypoint enters existing shank-table geometry (-36.677721 mm)
B_balanced_high_NATIVE_L2_R2_G1_C0,balanced_high,NATIVE,B,2,VALID,True,False,54.13787750499978,55.04246401299952,942.3130217712735,87.21083033514795,88.12363325262521,114.42523520093054,62.567890911838305,16.68699776074571,0.010803389053831266,10.805000000009313,5.16,5.13,
B_balanced_high_MATCHED_L2_R2_G1_C0,balanced_high,MATCHED,B,2,VALID,True,True,63.35308627499944,64.32093063100001,1203.1381952038441,86.99480804076963,87.57708230629513,108.38899848411255,79.9987477126423,15.370136767599549,0.012822096049733899,13.830000000023757,6.67,6.65,
B_balanced_high_NATIVE_L2_R2_G1_C1,balanced_high,NATIVE,B,2,VALID,True,False,54.73925322100058,55.661671482999736,941.1236066765641,87.22183565121075,88.13790994598014,114.49322788482247,62.46511722344215,16.726317968421135,0.010805131199282624,10.790000000009242,5.1450000000000005,5.13,
B_balanced_high_MATCHED_L2_R2_G1_C1,balanced_high,MATCHED,B,2,VALID,True,True,65.49356428699957,66.45076367099955,1179.9764415985874,85.32006085311549,85.83237608701623,105.84370240162676,84.34642903099387,15.426523085300424,0.012020446790936692,13.830000000023757,6.67,6.65,
B_balanced_high_NATIVE_L2_R2_G1_C2,balanced_high,NATIVE,B,2,VALID,True,False,56.90587368400065,57.80205203700007,938.5814279484096,86.94594052324311,87.8705882205362,114.66854622558024,63.558021253251724,16.58380559451237,0.011377044938488647,10.795000000009265,5.155,5.125,
B_balanced_high_MATCHED_L2_R2_G1_C2,balanced_high,MATCHED,B,2,VALID,True,True,63.66883067300023,64.75489837199984,1191.9487250278298,86.18573572146276,86.87020714530587,108.95473083292194,82.29950619937222,15.37587181833163,0.012020679000425635,13.830000000023757,6.67,6.65,
B_balanced_high_NATIVE_L3_R0_G0_C0,balanced_high,NATIVE,B,3,VALID,True,True,56.05975828899955,56.995481474999906,942.0106554393506,87.2232088369769,88.13820250682033,114.47196792897195,62.503133235665544,16.71681071493684,0.010809984318849133,10.80000000000929,5.155,5.13,
B_balanced_high_MATCHED_L3_R0_G0_C0,balanced_high,MATCHED,B,3,VALID,True,True,63.535293019000164,64.47245300099985,1207.1277930903273,87.28328221911259,87.88101807412089,108.97854368139807,79.22505065120805,15.353000464218518,0.012919583735192055,13.830000000023757,6.67,6.65,
B_balanced_high_NATIVE_L3_R0_G0_C1,balanced_high,NATIVE,B,3,VALID,True,False,54.57526934299949,55.473162386000695,938.5814279484096,86.94594052324311,87.8705882205362,114.66854622558024,63.558021253251724,16.58380559451237,0.011377044938488647,10.795000000009265,5.155,5.125,
B_balanced_high_NATIVE_L3_R0_G0_C2,balanced_high,NATIVE,B,3,INFEASIBLE,False,False,45.31095756000013,46.19208913900002,,,,,,,0.01634931566495942,,,,NO_FEASIBLE_WAYPOINT:ValueError:COORDINATION_INFEASIBLE:candidate would regress the emitted reference away from the phase goal
B_balanced_high_MATCHED_L3_R0_G0_C1,balanced_high,MATCHED,B,3,VALID,True,True,62.29421394899964,63.24054584199985,1179.9764415985874,85.32006085311549,85.83237608701623,105.84370240162676,84.34642903099387,15.426523085300424,0.012020446790936692,13.830000000023757,6.67,6.65,
B_balanced_high_NATIVE_L3_R0_G1_C0,balanced_high,NATIVE,B,3,VALID,True,False,54.46084366000014,55.37398729100005,940.8515140579007,87.15623103824923,88.07432618917086,114.49578042339387,62.75292422781478,16.698180032370026,0.011003897743026566,10.795000000009265,5.15,5.13,
B_balanced_high_MATCHED_L3_R0_G0_C2,balanced_high,MATCHED,B,3,INFEASIBLE,False,False,24.965037549000044,25.696710614999574,,,,,,,0.01634931566495942,,,,NO_FEASIBLE_WAYPOINT:ValueError:COORDINATION_INFEASIBLE:candidate would regress the emitted reference away from the phase goal
B_balanced_high_MATCHED_L3_R0_G1_C0,balanced_high,MATCHED,B,3,VALID,True,True,69.96109097899989,70.93896732199937,1203.2865307637417,87.0055336777832,87.58892995834515,108.42108399054885,79.97023963610275,15.369207931568754,0.012822379339069042,13.830000000023757,6.67,6.65,
B_balanced_high_NATIVE_L3_R0_G1_C1,balanced_high,NATIVE,B,3,VALID,True,False,59.978093495000394,60.95746091100045,938.5814279484096,86.94594052324311,87.8705882205362,114.66854622558024,63.558021253251724,16.58380559451237,0.011377044938488647,10.795000000009265,5.155,5.125,
B_balanced_high_NATIVE_L3_R0_G1_C2,balanced_high,NATIVE,B,3,VALID,True,False,56.16763747100049,57.19740682199972,957.8018985614142,86.75741834795417,87.7864290074807,119.35531187500808,66.02619402204448,15.640542244239247,0.011099499805754805,11.040000000010435,5.345,5.18,
B_balanced_high_MATCHED_L3_R0_G1_C1,balanced_high,MATCHED,B,3,VALID,True,True,64.52315832800014,65.45792672300013,1179.9764415985874,85.32006085311549,85.83237608701623,105.84370240162676,84.34642903099387,15.426523085300424,0.012020446790936692,13.830000000023757,6.67,6.65,
B_balanced_high_NATIVE_L3_R1_G0_C0,balanced_high,NATIVE,B,3,VALID,True,False,58.12028393200035,59.13447560199984,983.2308343614757,86.097270959849,86.88866362115857,111.47545076885719,67.27165676234485,15.86416357236867,0.01025080568964173,11.42000000001225,5.265,5.13,
B_balanced_high_MATCHED_L3_R0_G1_C2,balanced_high,MATCHED,B,3,INFEASIBLE,False,False,61.81042075900041,62.75307500599956,,,,,,,0.01634931566495942,,,,NO_FEASIBLE_WAYPOINT:ValueError:MATCHED_PACING_INFEASIBLE:fixed-duration reference exceeds registered velocity limits
B_balanced_high_NATIVE_L3_R1_G0_C1,balanced_high,NATIVE,B,3,VALID,True,False,56.120630372999585,57.06542386399997,938.5814279484096,86.94594052324311,87.8705882205362,114.66854622558024,63.558021253251724,16.58380559451237,0.011377044938488647,10.795000000009265,5.155,5.125,
B_balanced_high_MATCHED_L3_R1_G0_C0,balanced_high,MATCHED,B,3,VALID,True,True,63.238469011000234,64.19211189100042,1184.415951626238,85.64106663964124,86.09889042813923,104.95379644329145,83.37050960540938,15.450494674737818,0.012883052632701921,13.830000000023757,6.67,6.65,
B_balanced_high_NATIVE_L3_R1_G0_C2,balanced_high,NATIVE,B,3,INFEASIBLE,False,False,24.99649454900009,25.769010917999367,,,,,,,0.01634931566495942,,,,NO_FEASIBLE_WAYPOINT:ValueError:COORDINATION_INFEASIBLE:target waypoint enters existing shank-table geometry (-150.021128 mm)
B_balanced_high_MATCHED_L3_R1_G0_C1,balanced_high,MATCHED,B,3,VALID,True,True,64.19659458099977,65.13998204600011,1179.9764415985874,85.32006085311549,85.83237608701623,105.84370240162676,84.34642903099387,15.426523085300424,0.012020446790936692,13.830000000023757,6.67,6.65,
B_balanced_high_NATIVE_L3_R1_G1_C0,balanced_high,NATIVE,B,3,VALID,True,False,57.54940422100026,58.47740506700029,979.8031524995315,86.21233194012595,87.03613933593304,112.3204939492812,66.46637498710044,16.003809250670788,0.010944762740860158,11.365000000011987,5.21,5.13,
B_balanced_high_NATIVE_L3_R1_G1_C1,balanced_high,NATIVE,B,3,VALID,True,False,53.70555121800044,54.63554495599965,938.5814279484096,86.94594052324311,87.8705882205362,114.66854622558024,63.558021253251724,16.58380559451237,0.011377044938488647,10.795000000009265,5.155,5.125,
B_balanced_high_MATCHED_L3_R1_G0_C2,balanced_high,MATCHED,B,3,INFEASIBLE,False,False,25.19903135000004,25.932785885999692,,,,,,,0.01634931566495942,,,,NO_FEASIBLE_WAYPOINT:ValueError:MATCHED_PACING_INFEASIBLE:fixed-duration reference exceeds registered velocity limits
B_balanced_high_MATCHED_L3_R1_G1_C0,balanced_high,MATCHED,B,3,VALID,True,True,62.071185955000146,63.032801958000164,1183.5492106420902,85.5783955634194,86.04657652396962,105.15400286728737,83.55938113128636,15.444868951716064,0.012718339377940185,13.830000000023757,6.67,6.65,
B_balanced_high_NATIVE_L3_R1_G1_C2,balanced_high,NATIVE,B,3,INFEASIBLE,False,False,49.04040070299925,49.91270463299952,,,,,,,0.01634931566495942,,,,NO_FEASIBLE_WAYPOINT:ValueError:COORDINATION_INFEASIBLE:target waypoint enters existing shank-table geometry (-32.477235 mm)
B_balanced_high_MATCHED_L3_R1_G1_C1,balanced_high,MATCHED,B,3,VALID,True,True,63.76773216899983,64.74973321699963,1179.9764415985874,85.32006085311549,85.83237608701623,105.84370240162676,84.34642903099387,15.426523085300424,0.012020446790936692,13.830000000023757,6.67,6.65,
B_balanced_high_NATIVE_L3_R2_G0_C0,balanced_high,NATIVE,B,3,VALID,True,False,55.786708732999614,56.687484963000315,941.8724095660178,87.21040829314981,88.12355834892674,114.4406204257743,62.54809623743013,16.694068538520757,0.010799354942106484,10.80000000000929,5.155,5.13,
B_balanced_high_MATCHED_L3_R1_G1_C2,balanced_high,MATCHED,B,3,INFEASIBLE,False,False,28.909837014000004,29.730017159000454,,,,,,,0.01634931566495942,,,,NO_FEASIBLE_WAYPOINT:ValueError:MATCHED_PACING_INFEASIBLE:fixed-duration reference exceeds registered velocity limits
B_balanced_high_NATIVE_L3_R2_G0_C1,balanced_high,NATIVE,B,3,VALID,True,False,54.38847734400042,55.31982369100024,938.5814279484096,86.94594052324311,87.8705882205362,114.66854622558024,63.558021253251724,16.58380559451237,0.011377044938488647,10.795000000009265,5.155,5.125,
B_balanced_high_MATCHED_L3_R2_G0_C0,balanced_high,MATCHED,B,3,VALID,True,True,62.86728679799944,63.81755235400033,1207.5989144324208,87.3173473920767,87.91880964961912,109.08458222089311,79.13073531513825,15.34956436657646,0.012920624362797502,13.830000000023757,6.67,6.65,
B_balanced_high_NATIVE_L3_R2_G0_C2,balanced_high,NATIVE,B,3,INFEASIBLE,False,False,49.43847584000014,50.28656744499949,,,,,,,0.01634931566495942,,,,NO_FEASIBLE_WAYPOINT:ValueError:COORDINATION_INFEASIBLE:target waypoint enters existing shank-table geometry (-24.679506 mm)
B_balanced_high_MATCHED_L3_R2_G0_C1,balanced_high,MATCHED,B,3,VALID,True,True,61.80078072800006,62.81459411099968,1179.9764415985874,85.32006085311549,85.83237608701623,105.84370240162676,84.34642903099387,15.426523085300424,0.012020446790936692,13.830000000023757,6.67,6.65,
B_balanced_high_NATIVE_L3_R2_G1_C0,balanced_high,NATIVE,B,3,VALID,True,False,55.4811167529997,56.39712554699963,940.3074660884001,87.14619704248378,88.06378553069149,114.56869821673135,62.77726405555974,16.667899579793882,0.011002780448967086,10.790000000009242,5.1450000000000005,5.13,
B_balanced_high_MATCHED_L3_R2_G0_C2,balanced_high,MATCHED,B,3,INFEASIBLE,False,False,26.880180301999644,27.667339531000835,,,,,,,0.01634931566495942,,,,NO_FEASIBLE_WAYPOINT:ValueError:COORDINATION_INFEASIBLE:target waypoint enters existing shank-table geometry (-192.619331 mm)
B_balanced_high_NATIVE_L3_R2_G1_C1,balanced_high,NATIVE,B,3,VALID,True,False,55.335173302999465,56.266006428000765,938.5814279484096,86.94594052324311,87.8705882205362,114.66854622558024,63.558021253251724,16.58380559451237,0.011377044938488647,10.795000000009265,5.155,5.125,
B_balanced_high_MATCHED_L3_R2_G1_C0,balanced_high,MATCHED,B,3,VALID,True,True,64.00525909600037,64.98148803099957,1203.6687914691424,87.03317364202043,87.61947140161602,108.50363950182067,79.89684072794549,15.36681250757655,0.012823117926335972,13.830000000023757,6.67,6.65,
B_balanced_high_NATIVE_L3_R2_G1_C2,balanced_high,NATIVE,B,3,VALID,True,False,56.281897801000014,57.19193964999977,974.953694744791,85.11162765122575,85.9292200901637,114.33423713009314,74.60717327531346,15.05058381492233,0.010528825760103413,11.455000000012417,5.495,5.45,
B_balanced_high_MATCHED_L3_R2_G1_C1,balanced_high,MATCHED,B,3,VALID,True,True,62.89841456100021,63.927836304000266,1179.9764415985874,85.32006085311549,85.83237608701623,105.84370240162676,84.34642903099387,15.426523085300424,0.012020446790936692,13.830000000023757,6.67,6.65,
B_variable_start_120_MATCHED_L1_R0_G0_C0,variable_start_120,MATCHED,B,1,VALID,True,True,79.65246503300023,80.66848618099993,1521.9383935276433,78.5111371435462,80.37062000735658,112.70494964648667,95.17299859675911,14.598832838988034,0.012187974861477251,19.385000000050283,9.525,9.35,
B_balanced_high_MATCHED_L3_R2_G1_C2,balanced_high,MATCHED,B,3,VALID,True,True,63.87497522800004,64.8640624339996,1200.4606152049657,86.80120138864538,87.53449191192853,110.10539039500416,81.01293202110203,15.350941985987061,0.011861099459156112,13.830000000023757,6.67,6.65,
B_variable_start_120_MATCHED_L1_R0_G0_C1,variable_start_120,MATCHED,B,1,VALID,False,False,83.30890562000059,84.37005684499945,1468.111061040589,75.55898409884657,77.37692419231566,111.90123740368516,99.81809412825459,14.690234278844986,0.010781541536463515,19.430000000050498,9.53,9.39,
B_variable_start_120_NATIVE_L1_R0_G0_C0,variable_start_120,NATIVE,B,1,VALID,True,True,72.69585686299979,73.67816783299986,1231.6519556980702,77.58437516208316,79.70995361449674,115.48403013232371,77.66685597114217,15.474901076421958,0.008246494181183252,15.875000000033522,7.44,7.415,
B_variable_start_120_MATCHED_L1_R0_G0_C2,variable_start_120,MATCHED,B,1,VALID,True,True,80.9066599859998,82.01870749499994,1551.630173104466,80.04282554059664,82.08817423374718,115.16521090076728,92.66431612555687,14.367836888458793,0.012228199402879027,19.385000000050283,9.525,9.35,
B_variable_start_120_NATIVE_L1_R0_G0_C1,variable_start_120,NATIVE,B,1,VALID,True,False,69.60119312200004,70.6083850340001,1217.5657655180148,77.30576289003268,79.55647269796218,117.00561629882891,79.01055428824603,15.67793990658674,0.00743978574561793,15.750000000032925,7.355,7.375,
B_variable_start_120_NATIVE_L1_R0_G0_C2,variable_start_120,NATIVE,B,1,VALID,True,False,68.09492171399961,69.0934426519998,1206.5754200794343,76.58365090951662,78.4091720423116,112.12078671792266,78.75289115040087,15.062218068437048,0.009171506275279417,15.755000000032949,7.55,7.1850000000000005,
B_variable_start_120_MATCHED_L1_R0_G1_C0,variable_start_120,MATCHED,B,1,VALID,True,True,78.34842454299996,79.64907313099957,1526.4936562491412,78.74612619288838,80.62585836040047,112.96665309592584,94.83451431564865,14.575639433144657,0.01220684906661362,19.385000000050283,9.525,9.35,
B_variable_start_120_NATIVE_L1_R0_G1_C0,variable_start_120,NATIVE,B,1,VALID,True,False,68.24537890799911,69.19603544199981,1227.154751442957,77.32544117472949,79.3933191689976,115.05515831850795,78.86724066566515,15.407876137830362,0.008234740314583069,15.870000000033498,7.44,7.41,
B_variable_start_120_MATCHED_L1_R0_G1_C1,variable_start_120,MATCHED,B,1,VALID,True,True,77.88793616399926,78.95083790599983,1521.9383935276433,78.5111371435462,80.37062000735658,112.70494964648667,95.17299859675911,14.598832838988034,0.012187974861477251,19.385000000050283,9.525,9.35,
B_variable_start_120_NATIVE_L1_R0_G1_C1,variable_start_120,NATIVE,B,1,VALID,True,False,67.46131707899985,68.43956055200033,1206.5754200794343,76.58365090951662,78.4091720423116,112.12078671792266,78.75289115040087,15.062218068437048,0.009171506275279417,15.755000000032949,7.55,7.1850000000000005,
B_variable_start_120_MATCHED_L1_R0_G1_C2,variable_start_120,MATCHED,B,1,VALID,False,False,77.13558580300014,78.1812806400003,1535.4913164119475,79.97350606312226,81.89428319032042,113.53110868623699,90.80130531579405,14.517313352686813,0.012708675510435124,19.2000000000494,9.52,9.17,
B_variable_start_120_NATIVE_L1_R0_G1_C2,variable_start_120,NATIVE,B,1,VALID,True,False,67.86737468799947,68.82313294699998,1222.2110864138558,77.13544250008557,79.16322282066088,114.99196104090967,79.79017358456564,15.407119421360132,0.008080994480187394,15.845000000033378,7.415,7.41,
B_variable_start_120_MATCHED_L1_R1_G0_C0,variable_start_120,MATCHED,B,1,VALID,True,True,78.54304894600045,79.55874638300065,1482.1767594435482,76.44026608785704,78.11906997332697,110.09745146892436,98.01710435909465,14.801104505740106,0.012181419159628778,19.390000000050307,9.53,9.35,
B_variable_start_120_NATIVE_L1_R1_G0_C0,variable_start_120,NATIVE,B,1,VALID,True,False,69.06560659499974,70.05867554499946,1217.9087879442277,76.35791773945,78.17623223077011,111.92358788494236,84.00442215862847,15.040698362756203,0.008239488799256286,15.95000000003388,7.515000000000001,7.415,
B_variable_start_120_MATCHED_L1_R1_G0_C1,variable_start_120,MATCHED,B,1,VALID,True,True,81.39223885400042,82.47119188599936,1475.1223902790762,76.05683889038804,77.70790766613607,108.96824868962588,98.73387644718744,14.857395304288804,0.012095853279610654,19.39500000005033,9.53,9.355,
B_variable_start_120_NATIVE_L1_R1_G0_C1,variable_start_120,NATIVE,B,1,VALID,True,False,69.48813693200009,70.49192222200054,1193.5982726634466,76.88233640344261,78.66868037565374,111.83106655864015,83.8911832048269,15.032281744439803,0.009551229733944535,15.52500000003185,7.57,7.445,
B_variable_start_120_MATCHED_L1_R1_G0_C2,variable_start_120,MATCHED,B,1,VALID,False,False,79.72559025400005,80.82076521800082,1482.1972402527954,76.30359023180412,78.11672761892912,111.63924769308304,98.55867581540545,14.701819668572936,0.011238238920433376,19.425000000050474,9.535,9.38,
B_variable_start_120_NATIVE_L1_R1_G0_C2,variable_start_120,NATIVE,B,1,VALID,True,False,72.06641389300057,73.03777290100061,1192.8195771747596,74.8318429846148,76.32441767633678,105.42396834167913,91.4028299562936,14.933147761445085,0.007764642338699693,15.940000000033832,7.57,7.3500000000000005,
B_variable_start_120_MATCHED_L1_R1_G1_C0,variable_start_120,MATCHED,B,1,VALID,True,True,78.87933267100016,79.93815309799993,1480.325413171066,76.34478665142166,78.01686812342692,109.81141582824542,98.182934100394,14.816179139474848,0.012164328204297411,19.390000000050307,9.53,9.35,
B_variable_start_120_NATIVE_L1_R1_G1_C0,variable_start_120,NATIVE,B,1,VALID,True,False,68.98950585900002,69.95128941700023,1215.2828870335547,76.0978639344743,77.88012300014452,111.31882006902593,85.18681646386406,14.979300619314511,0.008225454202748252,15.970000000033975,7.54,7.41,
B_variable_start_120_NATIVE_L1_R1_G1_C1,variable_start_120,NATIVE,B,1,VALID,True,False,69.88634985699991,70.90672537799946,1192.8195771747596,74.8318429846148,76.32441767633678,105.42396834167913,91.4028299562936,14.933147761445085,0.007764642338699693,15.940000000033832,7.57,7.3500000000000005,
B_variable_start_120_MATCHED_L1_R1_G1_C1,variable_start_120,MATCHED,B,1,VALID,True,True,80.53771097400022,81.58801967,1475.1223902790762,76.05683889038804,77.70790766613607,108.96824868962588,98.73387644718744,14.857395304288804,0.012095853279610654,19.39500000005033,9.53,9.355,
B_variable_start_120_NATIVE_L1_R1_G1_C2,variable_start_120,NATIVE,B,1,VALID,True,False,68.87984216800032,69.94737695899948,1205.2067274825008,75.25486902794262,76.86970131230176,107.822280022365,89.89968638124348,14.906237169829163,0.00843220036778591,16.015000000034192,7.545,7.45,
B_variable_start_120_MATCHED_L1_R1_G1_C2,variable_start_120,MATCHED,B,1,VALID,False,False,77.86496674499995,78.89389738699992,1492.0693063913761,77.67148914062342,79.39961286022834,110.96965573252174,93.94043185969983,14.73698323893888,0.01272971754739349,19.210000000049448,9.53,9.17,
B_variable_start_120_NATIVE_L1_R2_G0_C0,variable_start_120,NATIVE,B,1,VALID,True,False,68.06699483500051,69.0206689709994,1220.802769722769,78.1563873061952,80.33332445966349,117.3411218364636,75.56225427633271,15.948967729191294,0.008252110703302059,15.620000000032304,7.1850000000000005,7.415,
B_variable_start_120_MATCHED_L1_R2_G0_C0,variable_start_120,MATCHED,B,1,VALID,True,True,79.31419792799988,80.34050082700014,1515.6569064205346,78.18709860307118,80.01543001174896,112.34185048669725,95.62190761029103,14.631212178477993,0.012187207262408708,19.385000000050283,9.525,9.35,
B_variable_start_120_NATIVE_L1_R2_G0_C1,variable_start_120,NATIVE,B,1,VALID,True,False,66.35246205199928,67.34290682200026,1213.5093379581995,78.74817248268653,80.89208912375831,117.39258628966161,68.44690693780753,15.918927370924145,0.010338468893588661,15.410000000031301,7.235,7.155,
B_variable_start_120_MATCHED_L1_R2_G0_C1,variable_start_120,MATCHED,B,1,VALID,False,False,78.65555336299985,79.64214266199997,1516.1141955904059,78.06973200774489,80.15775418546099,113.58683126630082,96.69425001442806,14.508735780912504,0.010626215689374243,19.42000000005045,9.52,9.39,
B_variable_start_120_NATIVE_L1_R2_G0_C2,variable_start_120,NATIVE,B,1,VALID,True,False,69.16014959800032,70.16578777799987,1239.0660921998078,78.42190456960809,80.7050222184909,118.25412169074778,73.7550109196714,15.823818889895948,0.008280986984172008,15.800000000033164,7.365,7.415,
B_variable_start_120_MATCHED_L1_R2_G0_C2,variable_start_120,MATCHED,B,1,VALID,False,False,81.16579794399968,82.30802370200036,1543.0593534162133,80.45147828030309,82.23875099857536,112.88011519035032,89.67079605083926,14.583332710169087,0.014650718557309424,19.180000000049304,9.525,9.145,
B_variable_start_120_NATIVE_L1_R2_G1_C0,variable_start_120,NATIVE,B,1,VALID,True,False,71.99337407799976,73.010709829,1225.253292122452,78.3410033326376,80.49496679906561,117.31045411745322,74.71243516704808,15.948501550364366,0.00853778034629053,15.6400000000324,7.195,7.425,
B_variable_start_120_MATCHED_L1_R2_G1_C0,variable_start_120,MATCHED,B,1,VALID,True,True,85.24755093899967,86.42810427400036,1515.6569064205346,78.18709860307118,80.01543001174896,112.34185048669725,95.62190761029103,14.631212178477993,0.012187207262408708,19.385000000050283,9.525,9.35,
B_variable_start_120_NATIVE_L1_R2_G1_C1,variable_start_120,NATIVE,B,1,VALID,True,False,73.28021595599967,74.31203056499999,1213.5093379581995,78.74817248268653,80.89208912375831,117.39258628966161,68.44690693780753,15.918927370924145,0.010338468893588661,15.410000000031301,7.235,7.155,
B_variable_start_120_NATIVE_L1_R2_G1_C2,variable_start_120,NATIVE,B,1,VALID,True,False,68.92640960400058,69.91512509600034,1224.158536431767,78.09623836885275,80.28207461296846,117.38937129484276,75.32133419447284,15.984468097975675,0.00840048295366921,15.675000000032567,7.235,7.42,
B_variable_start_120_MATCHED_L1_R2_G1_C1,variable_start_120,MATCHED,B,1,VALID,True,True,79.1074446040002,80.15447466299975,1515.6569064205346,78.18709860307118,80.01543001174896,112.34185048669725,95.62190761029103,14.631212178477993,0.012187207262408708,19.385000000050283,9.525,9.35,
B_variable_start_120_NATIVE_L2_R0_G0_C0,variable_start_120,NATIVE,B,2,VALID,True,True,72.65784456099937,73.80719254899941,1231.6519556980702,77.58437516208316,79.70995361449674,115.48403013232371,77.66685597114217,15.474901076421958,0.008246494181183252,15.875000000033522,7.44,7.415,
B_variable_start_120_MATCHED_L1_R2_G1_C2,variable_start_120,MATCHED,B,1,VALID,True,True,85.33181195799989,86.38711906699973,1487.2607520134775,76.64317196668269,78.50042448621679,111.40080335020548,98.05229603460532,14.702456397081741,0.011594125766312507,19.40500000005038,9.525,9.370000000000001,
B_variable_start_120_NATIVE_L2_R0_G0_C1,variable_start_120,NATIVE,B,2,VALID,True,False,71.73579156100004,72.72359221899933,1192.8195771747596,74.8318429846148,76.32441767633678,105.42396834167913,91.4028299562936,14.933147761445085,0.007764642338699693,15.940000000033832,7.57,7.3500000000000005,
B_variable_start_120_MATCHED_L2_R0_G0_C0,variable_start_120,MATCHED,B,2,VALID,True,True,80.19345630400039,81.27653935099988,1521.9383935276433,78.5111371435462,80.37062000735658,112.70494964648667,95.17299859675911,14.598832838988034,0.012187974861477251,19.385000000050283,9.525,9.35,
B_variable_start_120_NATIVE_L2_R0_G0_C2,variable_start_120,NATIVE,B,2,VALID,True,False,66.69367604000035,67.67388882100022,1217.9554765935636,80.28711117953618,82.42978673974355,116.61004609629461,70.221205066616,15.900119975353459,0.008138626710156329,15.170000000030155,7.2250000000000005,7.4350000000000005,
B_variable_start_120_MATCHED_L2_R0_G0_C1,variable_start_120,MATCHED,B,2,VALID,True,True,78.4819735709998,79.5421676800006,1475.1223902790762,76.05683889038804,77.70790766613607,108.96824868962588,98.73387644718744,14.857395304288804,0.012095853279610654,19.39500000005033,9.53,9.355,
B_variable_start_120_NATIVE_L2_R0_G1_C0,variable_start_120,NATIVE,B,2,VALID,True,False,68.16490950299976,69.16807404199972,1227.2091504863877,77.67146522065745,79.71654641098112,114.84757450615466,78.03687076186011,15.386726925067011,0.008138333653304821,15.800000000033164,7.375,7.405,
B_variable_start_120_MATCHED_L2_R0_G0_C2,variable_start_120,MATCHED,B,2,INFEASIBLE,False,False,24.888089024000692,25.59982570399916,,,,,,,0.0162271337815269,,,,NO_FEASIBLE_WAYPOINT:ValueError:MATCHED_PACING_INFEASIBLE:fixed-duration reference exceeds registered velocity limits
B_variable_start_120_NATIVE_L2_R0_G1_C1,variable_start_120,NATIVE,B,2,VALID,True,False,71.65107219099991,72.65187916100058,1192.8195771747596,74.8318429846148,76.32441767633678,105.42396834167913,91.4028299562936,14.933147761445085,0.007764642338699693,15.940000000033832,7.57,7.3500000000000005,
B_variable_start_120_MATCHED_L2_R0_G1_C0,variable_start_120,MATCHED,B,2,VALID,True,True,81.79833236200011,82.83489606400053,1510.8661942440572,77.9399635926777,79.74847717526798,112.04256717814143,95.97454172342798,14.655606706551337,0.01216912817734683,19.385000000050283,9.525,9.35,
B_variable_start_120_NATIVE_L2_R0_G1_C2,variable_start_120,NATIVE,B,2,VALID,True,False,66.75381559699963,67.83016586200029,1213.919394360405,79.75817308544053,81.64582230147005,115.73705549974582,73.43499331022457,15.46292065581155,0.00862230755868534,15.220000000030394,7.24,7.47,
B_variable_start_120_MATCHED_L2_R0_G1_C1,variable_start_120,MATCHED,B,2,VALID,True,True,79.16536421399996,80.1921360589995,1475.1223902790762,76.05683889038804,77.70790766613607,108.96824868962588,98.73387644718744,14.857395304288804,0.012095853279610654,19.39500000005033,9.53,9.355,
B_variable_start_120_NATIVE_L2_R1_G0_C0,variable_start_120,NATIVE,B,2,VALID,True,False,67.90352372800044,68.90726078100033,1217.9087879442277,76.35791773945,78.17623223077011,111.92358788494236,84.00442215862847,15.040698362756203,0.008239488799256286,15.95000000003388,7.515000000000001,7.415,
B_variable_start_120_MATCHED_L2_R0_G1_C2,variable_start_120,MATCHED,B,2,VALID,False,False,78.85581867499968,79.90594633100045,1506.6810760391313,78.45254236079829,80.23963892621349,111.25171523145005,93.36424733927953,14.696015520093953,0.012444323838086854,19.205000000049424,9.515,9.18,
B_variable_start_120_NATIVE_L2_R1_G0_C1,variable_start_120,NATIVE,B,2,VALID,True,False,68.26337411200075,69.29231939200054,1192.8195771747596,74.8318429846148,76.32441767633678,105.42396834167913,91.4028299562936,14.933147761445085,0.007764642338699693,15.940000000033832,7.57,7.3500000000000005,
B_variable_start_120_MATCHED_L2_R1_G0_C0,variable_start_120,MATCHED,B,2,VALID,True,True,79.4627358380003,80.51682687799985,1473.7898271312547,76.0469467043991,77.58939859128759,108.2317854418564,98.80212335996768,14.901382641188299,0.012181411911561173,19.38000000005026,9.52,9.35,
B_variable_start_120_NATIVE_L2_R1_G0_C2,variable_start_120,NATIVE,B,2,VALID,True,False,67.40915318899988,68.42143642500014,1172.5463878953055,76.86308671880076,78.02192522360683,102.01462378703032,83.18544488998313,14.887719851625803,0.01392032514162114,15.255000000030561,7.545,7.2,
B_variable_start_120_MATCHED_L2_R1_G0_C1,variable_start_120,MATCHED,B,2,VALID,True,True,81.98988569700032,83.14628691800044,1475.1223902790762,76.05683889038804,77.70790766613607,108.96824868962588,98.73387644718744,14.857395304288804,0.012095853279610654,19.39500000005033,9.53,9.355,
B_variable_start_120_NATIVE_L2_R1_G1_C0,variable_start_120,NATIVE,B,2,VALID,True,False,69.8945657839995,70.91218688299978,1195.164461728722,76.05246336167497,77.66935306641417,109.0905443514671,82.69699260835313,14.90265747788358,0.008809761351587727,15.715000000032758,7.525,7.17,
B_variable_start_120_MATCHED_L2_R1_G0_C2,variable_start_120,MATCHED,B,2,VALID,False,False,82.51231349300087,83.58018580899989,1517.2262068391994,79.14586368488261,80.65132210135368,108.05117036480128,91.89869601378756,14.893213148563717,0.010578332173714313,19.170000000049257,9.515,9.145,
B_variable_start_120_NATIVE_L2_R1_G1_C1,variable_start_120,NATIVE,B,2,VALID,True,False,70.4779379849997,71.50822693999999,1172.5463878953055,76.86308671880076,78.02192522360683,102.01462378703032,83.18544488998313,14.887719851625803,0.01392032514162114,15.255000000030561,7.545,7.2,
B_variable_start_120_NATIVE_L2_R1_G1_C2,variable_start_120,NATIVE,B,2,VALID,True,False,65.77652498399948,66.81938903799983,1174.8662604103333,78.82363370750308,81.02850363068612,115.38416198659068,71.67665401198448,15.548208481825592,0.010561842049942285,14.90500000002889,7.33,7.065,
B_variable_start_120_MATCHED_L2_R1_G1_C0,variable_start_120,MATCHED,B,2,VALID,True,True,78.71019529899968,79.74975040499976,1473.6210089236497,76.03823575457429,77.6071941678613,108.3633716496566,98.78045404535852,14.892733960717491,0.012165541348643085,19.38000000005026,9.52,9.35,
B_variable_start_120_NATIVE_L2_R2_G0_C0,variable_start_120,NATIVE,B,2,VALID,True,False,67.87560277600005,68.85472230400046,1220.802769722769,78.1563873061952,80.33332445966349,117.3411218364636,75.56225427633271,15.948967729191294,0.008252110703302059,15.620000000032304,7.1850000000000005,7.415,
B_variable_start_120_MATCHED_L2_R1_G1_C1,variable_start_120,MATCHED,B,2,VALID,True,True,78.46794554600001,80.0888228949998,1473.7898271312547,76.0469467043991,77.58939859128759,108.2317854418564,98.80212335996768,14.901382641188299,0.012181411911561173,19.38000000005026,9.52,9.35,
B_variable_start_120_NATIVE_L2_R2_G0_C1,variable_start_120,NATIVE,B,2,VALID,True,False,67.89929707200008,68.8825743970001,1172.5463878953055,76.86308671880076,78.02192522360683,102.01462378703032,83.18544488998313,14.887719851625803,0.01392032514162114,15.255000000030561,7.545,7.2,
B_variable_start_120_MATCHED_L2_R1_G1_C2,variable_start_120,MATCHED,B,2,INFEASIBLE,False,False,25.19985838499997,25.931134646999453,,,,,,,0.0162271337815269,,,,NO_FEASIBLE_WAYPOINT:ValueError:MATCHED_PACING_INFEASIBLE:fixed-duration reference exceeds registered velocity limits
B_variable_start_120_MATCHED_L2_R2_G0_C0,variable_start_120,MATCHED,B,2,VALID,True,True,83.28458043499995,84.33163961799983,1520.6254647986189,78.44340803707088,80.2963006248545,112.63006873014734,95.26687421559814,14.605621383433057,0.012187760533449134,19.385000000050283,9.525,9.35,
B_variable_start_120_NATIVE_L2_R2_G0_C2,variable_start_120,NATIVE,B,2,VALID,True,False,71.23296642399964,72.2039644510005,1175.138122904173,79.42805832404008,81.7160622432341,118.28768340684917,69.52648697410324,15.90591638360573,0.010994924361276536,14.795000000028365,7.18,7.105,
B_variable_start_120_MATCHED_L2_R2_G0_C1,variable_start_120,MATCHED,B,2,VALID,True,True,82.73072973499984,83.92645042099957,1473.6210089236497,76.03823575457429,77.6071941678613,108.3633716496566,98.78045404535852,14.892733960717491,0.012165541348643085,19.38000000005026,9.52,9.35,
B_variable_start_120_NATIVE_L2_R2_G1_C0,variable_start_120,NATIVE,B,2,VALID,True,False,69.38240737900105,70.35703039999953,1204.2834997054483,77.69570965841604,79.67834111156206,114.83349728715605,74.31702912893014,15.267686409818921,0.009823012695452712,15.500000000031731,7.33,7.15,
B_variable_start_120_NATIVE_L2_R2_G1_C1,variable_start_120,NATIVE,B,2,VALID,True,False,67.30409863500063,68.35643629900005,1172.5463878953055,76.86308671880076,78.02192522360683,102.01462378703032,83.18544488998313,14.887719851625803,0.01392032514162114,15.255000000030561,7.545,7.2,
B_variable_start_120_MATCHED_L2_R2_G0_C2,variable_start_120,MATCHED,B,2,INFEASIBLE,False,False,25.059183948000282,25.802462263000052,,,,,,,0.0162271337815269,,,,NO_FEASIBLE_WAYPOINT:ValueError:MATCHED_PACING_INFEASIBLE:fixed-duration reference exceeds registered velocity limits
B_variable_start_120_MATCHED_L2_R2_G1_C0,variable_start_120,MATCHED,B,2,VALID,True,True,77.55977910599904,78.60491660699881,1509.4984077494437,77.86940457825347,79.65266930497899,111.83286147917998,96.10263740527817,14.67218068846264,0.0121825217749521,19.385000000050283,9.525,9.35,
B_variable_start_120_NATIVE_L2_R2_G1_C2,variable_start_120,NATIVE,B,2,VALID,True,False,66.42907423900033,67.40502237799956,1172.543336106276,76.51180007218767,77.91451199514404,106.93162130143163,88.38774035308569,14.901993172591347,0.00764099461797271,15.325000000030895,7.415,7.4,
B_variable_start_120_MATCHED_L2_R2_G1_C1,variable_start_120,MATCHED,B,2,VALID,True,True,79.81300545100021,80.81963342800009,1473.6210089236497,76.03823575457429,77.6071941678613,108.3633716496566,98.78045404535852,14.892733960717491,0.012165541348643085,19.38000000005026,9.52,9.35,
B_variable_start_120_NATIVE_L3_R0_G0_C0,variable_start_120,NATIVE,B,3,VALID,True,True,69.98949012199955,70.98330461399928,1231.6519556980702,77.58437516208316,79.70995361449674,115.48403013232371,77.66685597114217,15.474901076421958,0.008246494181183252,15.875000000033522,7.44,7.415,
B_variable_start_120_MATCHED_L2_R2_G1_C2,variable_start_120,MATCHED,B,2,VALID,False,False,78.37177731400152,79.46288105000167,1502.451514391129,78.3138657488209,80.09526417522395,110.87276137406475,92.21417017774736,14.739961171975773,0.015897343426421125,19.185000000049328,9.53,9.145,
B_variable_start_120_NATIVE_L3_R0_G0_C1,variable_start_120,NATIVE,B,3,VALID,True,False,67.67948425800023,68.66245241400065,1172.543336106276,76.51180007218767,77.91451199514404,106.93162130143163,88.38774035308569,14.901993172591347,0.00764099461797271,15.325000000030895,7.415,7.4,
B_variable_start_120_MATCHED_L3_R0_G0_C0,variable_start_120,MATCHED,B,3,VALID,True,True,77.91553999200005,79.00336026300101,1521.9383935276433,78.5111371435462,80.37062000735658,112.70494964648667,95.17299859675911,14.598832838988034,0.012187974861477251,19.385000000050283,9.525,9.35,
B_variable_start_120_NATIVE_L3_R0_G0_C2,variable_start_120,NATIVE,B,3,INFEASIBLE,False,False,24.77616091500022,25.524037012999543,,,,,,,0.0162271337815269,,,,NO_FEASIBLE_WAYPOINT:ValueError:COORDINATION_INFEASIBLE:candidate would regress the emitted reference away from the phase goal
B_variable_start_120_NATIVE_L3_R0_G1_C0,variable_start_120,NATIVE,B,3,VALID,True,False,67.90098452700113,68.84312132699961,1223.9815956709856,77.22281360700224,79.18374877761539,113.91533296158039,80.35439628742517,15.189381976928368,0.00803023108913611,15.850000000033402,7.415,7.415,
B_variable_start_120_MATCHED_L3_R0_G0_C1,variable_start_120,MATCHED,B,3,VALID,True,True,84.14456155900007,85.18206295800155,1473.6210089236497,76.03823575457429,77.6071941678613,108.3633716496566,98.78045404535852,14.892733960717491,0.012165541348643085,19.38000000005026,9.52,9.35,
B_variable_start_120_NATIVE_L3_R0_G1_C1,variable_start_120,NATIVE,B,3,VALID,True,False,71.53911808799967,72.49324697299926,1172.543336106276,76.51180007218767,77.91451199514404,106.93162130143163,88.38774035308569,14.901993172591347,0.00764099461797271,15.325000000030895,7.415,7.4,
B_variable_start_120_MATCHED_L3_R0_G0_C2,variable_start_120,MATCHED,B,3,INFEASIBLE,False,False,51.851417395999306,52.9217724680002,,,,,,,0.0162271337815269,,,,NO_FEASIBLE_WAYPOINT:ValueError:MATCHED_PACING_INFEASIBLE:fixed-duration reference exceeds registered causal 20 ms acceleration limits
B_variable_start_120_NATIVE_L3_R0_G1_C2,variable_start_120,NATIVE,B,3,INFEASIBLE,False,False,47.387092188999304,48.242084329000136,,,,,,,0.0162271337815269,,,,NO_FEASIBLE_WAYPOINT:ValueError:COORDINATION_INFEASIBLE:candidate would regress the emitted reference away from the phase goal
B_variable_start_120_MATCHED_L3_R0_G1_C0,variable_start_120,MATCHED,B,3,VALID,True,True,81.03442510600144,82.08525665900015,1510.502685553432,77.9212115322895,79.70935377187799,111.89749836152106,96.03058006413451,14.666906930274177,0.012182606295880579,19.385000000050283,9.525,9.35,
B_variable_start_120_NATIVE_L3_R1_G0_C0,variable_start_120,NATIVE,B,3,VALID,True,False,68.5810904000009,69.6493527449984,1217.9087879442277,76.35791773945,78.17623223077011,111.92358788494236,84.00442215862847,15.040698362756203,0.008239488799256286,15.95000000003388,7.515000000000001,7.415,
B_variable_start_120_NATIVE_L3_R1_G0_C1,variable_start_120,NATIVE,B,3,VALID,True,False,66.1168082740005,67.05406372700054,1172.543336106276,76.51180007218767,77.91451199514404,106.93162130143163,88.38774035308569,14.901993172591347,0.00764099461797271,15.325000000030895,7.415,7.4,
B_variable_start_120_MATCHED_L3_R0_G1_C1,variable_start_120,MATCHED,B,3,VALID,True,True,78.13404756599994,79.17882781799926,1473.6210089236497,76.03823575457429,77.6071941678613,108.3633716496566,98.78045404535852,14.892733960717491,0.012165541348643085,19.38000000005026,9.52,9.35,
B_variable_start_120_NATIVE_L3_R1_G0_C2,variable_start_120,NATIVE,B,3,INFEASIBLE,False,False,57.15351007500067,58.075461231999725,,,,,,,0.0162271337815269,,,,NO_FEASIBLE_WAYPOINT:ValueError:COORDINATION_INFEASIBLE:target waypoint enters existing shank-table geometry (-86.401785 mm)
B_variable_start_120_MATCHED_L3_R0_G1_C2,variable_start_120,MATCHED,B,3,INFEASIBLE,False,False,25.00516149700161,25.767580341998837,,,,,,,0.0162271337815269,,,,NO_FEASIBLE_WAYPOINT:ValueError:MATCHED_PACING_INFEASIBLE:fixed-duration reference exceeds registered velocity limits
B_variable_start_120_MATCHED_L3_R1_G0_C0,variable_start_120,MATCHED,B,3,VALID,True,True,81.05521034999947,82.09865045199876,1473.7898271312547,76.0469467043991,77.58939859128759,108.2317854418564,98.80212335996768,14.901382641188299,0.012181411911561173,19.38000000005026,9.52,9.35,
B_variable_start_120_NATIVE_L3_R1_G1_C0,variable_start_120,NATIVE,B,3,VALID,True,False,70.42982370699974,71.47605110199947,1213.345876309851,76.23913768833499,77.97024301404454,110.90929997991454,85.18467532837542,14.956387958575625,0.00802160534991601,15.915000000033713,7.48,7.415,
B_variable_start_120_NATIVE_L3_R1_G1_C1,variable_start_120,NATIVE,B,3,VALID,True,False,67.12009736300024,68.159551353001,1172.543336106276,76.51180007218767,77.91451199514404,106.93162130143163,88.38774035308569,14.901993172591347,0.00764099461797271,15.325000000030895,7.415,7.4,
B_variable_start_120_MATCHED_L3_R1_G0_C1,variable_start_120,MATCHED,B,3,VALID,True,True,79.27260454500174,80.28488253900105,1473.6210089236497,76.03823575457429,77.6071941678613,108.3633716496566,98.78045404535852,14.892733960717491,0.012165541348643085,19.38000000005026,9.52,9.35,
B_variable_start_120_NATIVE_L3_R1_G1_C2,variable_start_120,NATIVE,B,3,VALID,True,False,68.67101367600117,69.68071821100057,1208.5180765202215,77.27097675960496,78.76957844825905,109.52840709239571,86.47268388884342,14.905759920993654,0.007353049049643315,15.6400000000324,7.2250000000000005,7.3950000000000005,
B_variable_start_120_MATCHED_L3_R1_G0_C2,variable_start_120,MATCHED,B,3,INFEASIBLE,False,False,24.865261028000532,25.607364220999443,,,,,,,0.0162271337815269,,,,NO_FEASIBLE_WAYPOINT:ValueError:COORDINATION_INFEASIBLE:candidate would regress the emitted reference away from the phase goal
B_variable_start_120_MATCHED_L3_R1_G1_C0,variable_start_120,MATCHED,B,3,VALID,True,True,77.1109402309994,78.12252285799877,1473.7305950249374,76.04389035216397,77.59287055481363,108.26039239153766,98.79765373333314,14.89937334993593,0.012177812189417516,19.38000000005026,9.52,9.35,
B_variable_start_120_NATIVE_L3_R2_G0_C0,variable_start_120,NATIVE,B,3,VALID,True,False,66.7552217400007,67.74496783299946,1220.802769722769,78.1563873061952,80.33332445966349,117.3411218364636,75.56225427633271,15.948967729191294,0.008252110703302059,15.620000000032304,7.1850000000000005,7.415,
B_variable_start_120_MATCHED_L3_R1_G1_C1,variable_start_120,MATCHED,B,3,VALID,True,True,79.99487064900131,81.16057624399946,1473.6210089236497,76.03823575457429,77.6071941678613,108.3633716496566,98.78045404535852,14.892733960717491,0.012165541348643085,19.38000000005026,9.52,9.35,
B_variable_start_120_NATIVE_L3_R2_G0_C1,variable_start_120,NATIVE,B,3,VALID,True,False,69.26162686499993,70.23608376999982,1172.543336106276,76.51180007218767,77.91451199514404,106.93162130143163,88.38774035308569,14.901993172591347,0.00764099461797271,15.325000000030895,7.415,7.4,
B_variable_start_120_MATCHED_L3_R1_G1_C2,variable_start_120,MATCHED,B,3,INFEASIBLE,False,False,25.905205660999854,26.72500190900064,,,,,,,0.0162271337815269,,,,NO_FEASIBLE_WAYPOINT:ValueError:MATCHED_PACING_INFEASIBLE:fixed-duration reference exceeds registered velocity limits
B_variable_start_120_NATIVE_L3_R2_G0_C2,variable_start_120,NATIVE,B,3,INFEASIBLE,False,False,41.89353020099952,42.737132976000794,,,,,,,0.0162271337815269,,,,NO_FEASIBLE_WAYPOINT:ValueError:COORDINATION_INFEASIBLE:target lies outside registered task q bounds
B_variable_start_120_MATCHED_L3_R2_G0_C0,variable_start_120,MATCHED,B,3,VALID,True,True,79.13288725100028,80.14358347699999,1520.9251211574847,78.4588661933188,80.31325925755917,112.64714077503474,95.24544986724085,14.604067278866735,0.012187808010925404,19.385000000050283,9.525,9.35,
B_variable_start_120_NATIVE_L3_R2_G1_C0,variable_start_120,NATIVE,B,3,VALID,True,False,68.75503401900096,69.69854847500028,1217.7462475160596,77.53876138274815,79.54886322702826,115.44842456410909,78.80412040230439,15.400312421211783,0.00792925098326688,15.70500000003271,7.28,7.405,
B_variable_start_120_MATCHED_L3_R2_G0_C1,variable_start_120,MATCHED,B,3,VALID,True,True,79.92828280499998,80.96110317999955,1473.6210089236497,76.03823575457429,77.6071941678613,108.3633716496566,98.78045404535852,14.892733960717491,0.012165541348643085,19.38000000005026,9.52,9.35,
B_variable_start_120_NATIVE_L3_R2_G1_C1,variable_start_120,NATIVE,B,3,VALID,True,False,67.1038625050005,68.117045727,1172.543336106276,76.51180007218767,77.91451199514404,106.93162130143163,88.38774035308569,14.901993172591347,0.00764099461797271,15.325000000030895,7.415,7.4,
B_variable_start_120_MATCHED_L3_R2_G0_C2,variable_start_120,MATCHED,B,3,INFEASIBLE,False,False,24.857739466000567,25.60761311400165,,,,,,,0.0162271337815269,,,,NO_FEASIBLE_WAYPOINT:ValueError:MATCHED_PACING_INFEASIBLE:fixed-duration reference exceeds registered velocity limits
B_variable_start_120_NATIVE_L3_R2_G1_C2,variable_start_120,NATIVE,B,3,INFEASIBLE,False,False,42.77075158200023,43.62908246900042,,,,,,,0.0162271337815269,,,,NO_FEASIBLE_WAYPOINT:ValueError:COORDINATION_INFEASIBLE:target lies outside registered task q bounds
B_variable_start_120_MATCHED_L3_R2_G1_C0,variable_start_120,MATCHED,B,3,VALID,True,True,81.26479974299946,82.34636718299953,1509.7275824247024,77.8812268467734,79.66560241073373,111.84765305064259,96.08619741338214,14.670980917242952,0.012182540656077902,19.385000000050283,9.525,9.35,
B_sync_120_MATCHED_L1_R0_G0_C0,sync_120,MATCHED,B,1,VALID,True,True,80.89729258799889,81.95030271300129,1529.600078270632,78.24041321077402,80.09461596514583,112.62392516902325,97.00437546671004,14.80276787354759,0.009888711678509323,19.55000000005107,9.63,9.41,
B_variable_start_120_MATCHED_L3_R2_G1_C1,variable_start_120,MATCHED,B,3,VALID,True,True,79.25895718100037,80.51244683699952,1473.6210089236497,76.03823575457429,77.6071941678613,108.3633716496566,98.78045404535852,14.892733960717491,0.012165541348643085,19.38000000005026,9.52,9.35,
B_sync_120_MATCHED_L1_R0_G0_C1,sync_120,MATCHED,B,1,VALID,False,False,79.02153203499984,80.02391689999968,1518.7747015012117,78.38837169038511,79.96924864240228,110.0343165718326,95.27920024479968,14.96397989495743,0.010095198370062088,19.375000000050235,9.63,9.235,
B_variable_start_120_MATCHED_L3_R2_G1_C2,variable_start_120,MATCHED,B,3,INFEASIBLE,False,False,25.16524779700012,25.922404977000042,,,,,,,0.0162271337815269,,,,NO_FEASIBLE_WAYPOINT:ValueError:MATCHED_PACING_INFEASIBLE:fixed-duration reference exceeds registered velocity limits
B_sync_120_MATCHED_L1_R0_G0_C2,sync_120,MATCHED,B,1,VALID,False,False,80.73589862799963,81.82515446700017,1506.4086712485323,76.9164498978061,78.97161001373159,113.07721440067344,99.50808557268219,14.763210793066717,0.008460302907728725,19.585000000051238,9.625,9.450000000000001,
B_sync_120_NATIVE_L1_R0_G0_C0,sync_120,NATIVE,B,1,VALID,True,True,70.62777940300111,71.70922541400068,1236.9808538786324,77.3354707020089,79.44632130583314,115.4824227986645,79.00140138846885,15.709068796272138,0.006334888262866459,15.995000000034095,7.525,7.45,
B_sync_120_NATIVE_L1_R0_G0_C1,sync_120,NATIVE,B,1,VALID,True,False,68.58179905100042,69.58519233800143,1209.7793535867459,76.08675179790855,78.10502255387303,113.10544341035244,85.15977059740416,15.338968447086867,0.0062045630028619405,15.900000000033641,7.525,7.355,
B_sync_120_MATCHED_L1_R0_G1_C0,sync_120,MATCHED,B,1,VALID,True,True,79.36724102300104,80.39814998400107,1529.600078270632,78.24041321077402,80.09461596514583,112.62392516902325,97.00437546671004,14.80276787354759,0.009888711678509323,19.55000000005107,9.63,9.41,
B_sync_120_NATIVE_L1_R0_G0_C2,sync_120,NATIVE,B,1,VALID,True,False,70.6706586170003,71.72495255400099,1245.8092010487885,77.11601368299526,78.5370203450475,109.55622264872119,83.1079498749026,15.08316610684881,0.006498470088421968,16.15500000003486,7.59,7.545,
B_sync_120_MATCHED_L1_R0_G1_C1,sync_120,MATCHED,B,1,VALID,True,True,81.0149580060006,82.11541073499939,1529.600078270632,78.24041321077402,80.09461596514583,112.62392516902325,97.00437546671004,14.80276787354759,0.009888711678509323,19.55000000005107,9.63,9.41,
B_sync_120_NATIVE_L1_R0_G1_C0,sync_120,NATIVE,B,1,VALID,True,False,69.43988478500069,70.48614264800017,1233.129529969831,77.11879486990813,79.21071219438252,115.18499492390507,80.12756241213248,15.670990338693967,0.006282665691229536,15.99000000003407,7.525,7.445,
B_sync_120_MATCHED_L1_R0_G1_C2,sync_120,MATCHED,B,1,VALID,False,False,78.13831701399977,79.16833392099943,1514.3277174904197,78.13868511302475,79.98568693130211,112.45112205946796,94.92627517749375,14.817843595806258,0.009926198493103163,19.38000000005026,9.63,9.24,
B_sync_120_NATIVE_L1_R0_G1_C1,sync_120,NATIVE,B,1,VALID,True,False,68.13362690000031,69.11869182100054,1209.7793535867459,76.08675179790855,78.10502255387303,113.10544341035244,85.15977059740416,15.338968447086867,0.0062045630028619405,15.900000000033641,7.525,7.355,
B_sync_120_MATCHED_L1_R1_G0_C0,sync_120,MATCHED,B,1,VALID,True,True,78.86205669400078,79.86680541399983,1468.4212578554857,75.09185670444825,76.67508519090012,108.16211644064138,101.34930406147676,15.08330495807549,0.009885013176891912,19.555000000051095,9.635,9.41,
B_sync_120_NATIVE_L1_R0_G1_C2,sync_120,NATIVE,B,1,VALID,True,False,67.890470276001,68.86622686299961,1216.9973533102352,76.32470074068581,78.31656227462827,113.93054492205657,83.81263216351371,15.501991211459009,0.0060047484914376005,15.945000000033856,7.53,7.3950000000000005,
B_sync_120_MATCHED_L1_R1_G0_C1,sync_120,MATCHED,B,1,INFEASIBLE,False,False,73.38788624699919,74.38495474899901,,,,,,,0.013883156560032358,,,,NO_FEASIBLE_WAYPOINT:ValueError:MATCHED_PACING_INFEASIBLE:fixed-duration reference exceeds registered velocity limits
B_sync_120_NATIVE_L1_R1_G0_C0,sync_120,NATIVE,B,1,VALID,True,False,68.66913106399988,69.64650331099983,1222.018306187581,76.09080362313705,77.88250410524427,111.79989561501739,85.48402253803557,15.231108251408298,0.0063344788656314295,16.060000000034407,7.59,7.45,
B_sync_120_MATCHED_L1_R1_G0_C2,sync_120,MATCHED,B,1,VALID,True,True,95.24513876399942,96.4625609499999,1465.6263645168624,74.94893196199757,76.60194968278871,109.90313785662826,101.24282261485754,15.017822093377257,0.009812666660051466,19.555000000051095,9.635,9.41,
B_sync_120_NATIVE_L1_R1_G0_C1,sync_120,NATIVE,B,1,VALID,True,False,89.07274497700018,90.1875551059984,1232.691260524989,74.93563893768929,76.66061396301886,110.45685069326807,86.14707217951016,15.188852168074359,0.008095421502514629,16.45000000003627,8.22,7.21,
B_sync_120_MATCHED_L1_R1_G1_C0,sync_120,MATCHED,B,1,VALID,True,True,99.80155567199836,101.07643081800052,1468.3485571766246,75.08813895047938,76.68811260658858,108.61429990798493,101.28960765096633,15.066435525977703,0.009867028746210368,19.555000000051095,9.635,9.41,
B_sync_120_NATIVE_L1_R1_G0_C2,sync_120,NATIVE,B,1,VALID,True,False,89.43158084300012,90.64651312300157,1202.3742499584853,75.76397290223599,77.39022472289234,109.38078497070074,84.22549220110996,15.098855609025012,0.006617327035934509,15.870000000033498,7.595,7.255,
B_sync_120_MATCHED_L1_R1_G1_C1,sync_120,MATCHED,B,1,VALID,True,True,99.35652689800008,100.7032215299987,1465.6263645168624,74.94893196199757,76.60194968278871,109.90313785662826,101.24282261485754,15.017822093377257,0.009812666660051466,19.555000000051095,9.635,9.41,
B_sync_120_NATIVE_L1_R1_G1_C0,sync_120,NATIVE,B,1,VALID,True,False,89.25245044799885,90.47178833500038,1222.8829717805565,76.04993605600477,77.79998304321431,111.33300653016275,85.92584678731882,15.19653078910221,0.006470163998693238,16.080000000034502,7.59,7.47,
B_sync_120_NATIVE_L1_R1_G1_C1,sync_120,NATIVE,B,1,VALID,True,False,90.51170401899981,91.65675432999888,1202.3742499584853,75.76397290223599,77.39022472289234,109.38078497070074,84.22549220110996,15.098855609025012,0.006617327035934509,15.870000000033498,7.595,7.255,
B_sync_120_MATCHED_L1_R1_G1_C2,sync_120,MATCHED,B,1,VALID,False,False,102.68251861599856,103.83670200600136,1455.9652531979664,75.12720604736668,76.73240254104607,109.42936697566006,98.86508953427503,15.041739554450903,0.00992580205197149,19.38000000005026,9.63,9.24,
B_sync_120_NATIVE_L1_R1_G1_C2,sync_120,NATIVE,B,1,VALID,True,False,88.00791653699889,89.18664023699966,1210.8037431504974,76.39140335334368,78.0964878853365,110.83775557946473,80.89505078460029,15.171064126816992,0.007027284477381599,15.850000000033402,7.59,7.24,
B_sync_120_MATCHED_L1_R2_G0_C0,sync_120,MATCHED,B,1,VALID,True,True,102.2077020960005,103.4599385829988,1529.8004665877593,78.25066325257082,80.1058898186187,112.63555000443867,96.98989753058325,14.8017877184808,0.009888675705910979,19.55000000005107,9.63,9.41,
B_sync_120_NATIVE_L1_R2_G0_C0,sync_120,NATIVE,B,1,VALID,True,False,83.12819360399953,84.42243637200045,1205.2664564575557,76.62215234949497,78.42153066935336,112.49949251052944,84.5413157760084,15.335906186047168,0.006320674429902137,15.73000000003283,7.775,7.445,
B_sync_120_MATCHED_L1_R2_G0_C1,sync_120,MATCHED,B,1,VALID,False,False,102.3801809659999,103.61009557199941,1555.286652483907,80.48055122814523,82.34832018768687,113.60069696835463,90.986857597781,14.715787809044942,0.012039266338228615,19.325000000049997,9.615,9.200000000000001,
B_sync_120_NATIVE_L1_R2_G0_C1,sync_120,NATIVE,B,1,VALID,True,False,87.4668048099993,88.75018637700123,1191.4898064173535,79.72497868299455,81.84032262034661,116.79549218662808,69.34717402395738,15.896978807825082,0.011165149169622381,14.945000000029081,7.265000000000001,7.17,
B_sync_120_MATCHED_L1_R2_G0_C2,sync_120,MATCHED,B,1,VALID,False,False,95.52958488600052,96.70789795900055,1566.9203489608697,81.0406179964246,82.99962506055468,113.08553970681183,91.16113761869204,14.732037514093788,0.0106588884361099,19.335000000050044,9.61,9.215,
B_sync_120_NATIVE_L1_R2_G0_C2,sync_120,NATIVE,B,1,VALID,True,False,83.77548363300048,84.92672273599965,1218.040758372711,76.2466828402323,78.27804210074902,114.19784674203919,82.54346661526299,15.536229639240348,0.0058849709406262165,15.975000000034,7.62,7.335,
B_sync_120_MATCHED_L1_R2_G1_C0,sync_120,MATCHED,B,1,VALID,True,True,102.66585317099998,103.82855886900143,1529.8004665877593,78.25066325257082,80.1058898186187,112.63555000443867,96.98989753058325,14.8017877184808,0.009888675705910979,19.55000000005107,9.63,9.41,
B_sync_120_NATIVE_L1_R2_G1_C0,sync_120,NATIVE,B,1,VALID,True,False,87.21091597099985,88.38821690199984,1208.6603259216256,77.05835676899112,78.92876235540442,113.41274917079457,82.58359213534874,15.437680103220115,0.006543453186669751,15.685000000032614,7.71,7.465,
B_sync_120_MATCHED_L1_R2_G1_C1,sync_120,MATCHED,B,1,VALID,True,True,97.32386180899994,98.60879354600002,1529.8004665877593,78.25066325257082,80.1058898186187,112.63555000443867,96.98989753058325,14.8017877184808,0.009888675705910979,19.55000000005107,9.63,9.41,
B_sync_120_NATIVE_L1_R2_G1_C1,sync_120,NATIVE,B,1,VALID,True,False,81.34179528999994,82.46507674599889,1191.4898064173535,79.72497868299455,81.84032262034661,116.79549218662808,69.34717402395738,15.896978807825082,0.011165149169622381,14.945000000029081,7.265000000000001,7.17,
B_sync_120_NATIVE_L1_R2_G1_C2,sync_120,NATIVE,B,1,VALID,True,False,83.38197032000062,84.55321821899997,1195.5070507886076,77.55478759575787,79.52197712896579,114.00034378394864,76.87719618881286,15.493595739702636,0.006710051590893493,15.415000000031325,7.7,7.205,
B_sync_120_MATCHED_L1_R2_G1_C2,sync_120,MATCHED,B,1,VALID,False,False,99.34970483799952,100.6792198990006,1525.2225837239573,78.72116561155909,80.61159157449632,112.9634197415009,94.11600053807086,14.773155510475206,0.01000895381884567,19.375000000050235,9.625,9.24,
B_sync_120_NATIVE_L2_R0_G0_C0,sync_120,NATIVE,B,2,VALID,True,True,86.25729145900004,87.40978034100044,1236.9808538786324,77.3354707020089,79.44632130583314,115.4824227986645,79.00140138846885,15.709068796272138,0.006334888262866459,15.995000000034095,7.525,7.45,
B_sync_120_MATCHED_L2_R0_G0_C0,sync_120,MATCHED,B,2,VALID,True,True,97.52583074600079,98.69939284900101,1529.600078270632,78.24041321077402,80.09461596514583,112.62392516902325,97.00437546671004,14.80276787354759,0.009888711678509323,19.55000000005107,9.63,9.41,
B_sync_120_NATIVE_L2_R0_G0_C1,sync_120,NATIVE,B,2,VALID,True,False,82.17755326999941,83.36021467899991,1191.4898064173535,79.72497868299455,81.84032262034661,116.79549218662808,69.34717402395738,15.896978807825082,0.011165149169622381,14.945000000029081,7.265000000000001,7.17,
B_sync_120_MATCHED_L2_R0_G0_C1,sync_120,MATCHED,B,2,VALID,True,True,99.3264029359998,100.6357478989994,1465.6263645168624,74.94893196199757,76.60194968278871,109.90313785662826,101.24282261485754,15.017822093377257,0.009812666660051466,19.555000000051095,9.635,9.41,
B_sync_120_NATIVE_L2_R0_G0_C2,sync_120,NATIVE,B,2,VALID,True,False,84.41725513399979,85.66062090700143,1212.0967360118648,78.9896862829498,80.98973012181587,117.18359580264924,74.30203591548704,16.36826283448859,0.006163451401243911,15.345000000030991,7.325,7.51,
B_sync_120_MATCHED_L2_R0_G0_C2,sync_120,MATCHED,B,2,VALID,False,False,96.44538723400001,97.73042511399944,1518.0702305047091,78.4329749679519,80.05391799042708,111.32365826295776,94.70978107862192,14.905346890632426,0.010302292287953787,19.35500000005014,9.615,9.23,
B_sync_120_NATIVE_L2_R0_G1_C0,sync_120,NATIVE,B,2,VALID,True,False,84.54922311799965,85.79040847999931,1239.053623954805,77.65926818895676,79.75330851892336,116.03430923166599,77.65041931781758,15.854237852595691,0.006195553928171002,15.955000000033904,7.465,7.47,
B_sync_120_MATCHED_L2_R0_G1_C0,sync_120,MATCHED,B,2,VALID,True,True,102.83732371899896,104.23976710200077,1513.9891067569836,77.44189804383548,79.22575112703575,111.7759888727283,98.10973476962849,14.87139065417765,0.009870069486798413,19.55000000005107,9.63,9.41,
B_sync_120_NATIVE_L2_R0_G1_C1,sync_120,NATIVE,B,2,VALID,True,False,86.94001735100028,88.147797661999,1191.4898064173535,79.72497868299455,81.84032262034661,116.79549218662808,69.34717402395738,15.896978807825082,0.011165149169622381,14.945000000029081,7.265000000000001,7.17,
B_sync_120_MATCHED_L2_R0_G1_C1,sync_120,MATCHED,B,2,VALID,True,True,96.63681938299851,97.96501431499928,1465.6263645168624,74.94893196199757,76.60194968278871,109.90313785662826,101.24282261485754,15.017822093377257,0.009812666660051466,19.555000000051095,9.635,9.41,
B_sync_120_NATIVE_L2_R0_G1_C2,sync_120,NATIVE,B,2,INFEASIBLE,False,False,30.390608911000527,31.21849397599908,,,,,,,0.013883156560032358,,,,NO_FEASIBLE_WAYPOINT:ValueError:COORDINATION_INFEASIBLE:target waypoint enters existing shank-table geometry (-26.690419 mm)
B_sync_120_NATIVE_L2_R1_G0_C0,sync_120,NATIVE,B,2,VALID,True,False,84.04991020900161,85.24481993200061,1222.018306187581,76.09080362313705,77.88250410524427,111.79989561501739,85.48402253803557,15.231108251408298,0.0063344788656314295,16.060000000034407,7.59,7.45,
B_sync_120_MATCHED_L2_R0_G1_C2,sync_120,MATCHED,B,2,VALID,False,False,96.31335926999964,97.63495891100138,1515.8434735841724,78.33816400951795,80.2327346560332,112.10573368188409,94.64848805435707,14.829284560110564,0.010275931550752414,19.350000000050116,9.61,9.23,
B_sync_120_NATIVE_L2_R1_G0_C1,sync_120,NATIVE,B,2,VALID,True,False,80.56616695999946,82.08967691100042,1191.4898064173535,79.72497868299455,81.84032262034661,116.79549218662808,69.34717402395738,15.896978807825082,0.011165149169622381,14.945000000029081,7.265000000000001,7.17,
B_sync_120_MATCHED_L2_R1_G0_C0,sync_120,MATCHED,B,2,VALID,True,True,98.8543495089998,100.02472795099857,1468.4212578554857,75.09185670444825,76.67508519090012,108.16211644064138,101.34930406147676,15.08330495807549,0.009885013176891912,19.555000000051095,9.635,9.41,
B_sync_120_NATIVE_L2_R1_G0_C2,sync_120,NATIVE,B,2,INFEASIBLE,False,False,77.10949950600116,78.22267599399856,,,,,,,0.013883156560032358,,,,NO_FEASIBLE_WAYPOINT:ValueError:COORDINATION_INFEASIBLE:target waypoint enters existing shank-table geometry (-52.683716 mm)
B_sync_120_NATIVE_L2_R1_G1_C0,sync_120,NATIVE,B,2,VALID,True,False,83.86431090200131,85.0119217449992,1228.985810254179,76.47702615147348,78.37329129158205,113.18022601555496,83.2711731016874,15.387276740295029,0.006418234132473094,16.070000000034455,7.585,7.465,
B_sync_120_MATCHED_L2_R1_G0_C1,sync_120,MATCHED,B,2,VALID,True,True,97.24621330900118,98.43367779500113,1465.6263645168624,74.94893196199757,76.60194968278871,109.90313785662826,101.24282261485754,15.017822093377257,0.009812666660051466,19.555000000051095,9.635,9.41,
B_sync_120_NATIVE_L2_R1_G1_C1,sync_120,NATIVE,B,2,VALID,True,False,80.22704882499966,81.32428503899973,1191.4898064173535,79.72497868299455,81.84032262034661,116.79549218662808,69.34717402395738,15.896978807825082,0.011165149169622381,14.945000000029081,7.265000000000001,7.17,
B_sync_120_MATCHED_L2_R1_G0_C2,sync_120,MATCHED,B,2,VALID,False,False,95.15274062500066,96.4028402390013,1519.8991174395392,78.62902832072112,80.28405791910922,111.12055807512222,93.77515270440882,14.915047457051193,0.011310734985435191,19.33000000005002,9.620000000000001,9.200000000000001,
B_sync_120_NATIVE_L2_R1_G1_C2,sync_120,NATIVE,B,2,VALID,True,False,82.10057254799904,83.24019084799875,1193.305402526415,76.42045485279635,78.24955817906206,112.61701555365171,85.4145906304568,15.305124969221142,0.006024741529245589,15.61500000003228,7.695,7.41,
B_sync_120_MATCHED_L2_R1_G1_C0,sync_120,MATCHED,B,2,VALID,True,True,95.7973732169994,96.9616780489996,1468.3485571766246,75.08813895047938,76.68811260658858,108.61429990798493,101.28960765096633,15.066435525977703,0.009867028746210368,19.555000000051095,9.635,9.41,
B_sync_120_NATIVE_L2_R2_G0_C0,sync_120,NATIVE,B,2,VALID,True,False,82.70076907800103,83.84265398800017,1205.2664564575557,76.62215234949497,78.42153066935336,112.49949251052944,84.5413157760084,15.335906186047168,0.006320674429902137,15.73000000003283,7.775,7.445,
B_sync_120_MATCHED_L2_R1_G1_C1,sync_120,MATCHED,B,2,VALID,True,True,103.23543969999992,104.55082689200026,1465.6263645168624,74.94893196199757,76.60194968278871,109.90313785662826,101.24282261485754,15.017822093377257,0.009812666660051466,19.555000000051095,9.635,9.41,
B_sync_120_NATIVE_L2_R2_G0_C1,sync_120,NATIVE,B,2,VALID,True,False,86.90413616499973,88.09038793800028,1191.4898064173535,79.72497868299455,81.84032262034661,116.79549218662808,69.34717402395738,15.896978807825082,0.011165149169622381,14.945000000029081,7.265000000000001,7.17,
B_sync_120_MATCHED_L2_R1_G1_C2,sync_120,MATCHED,B,2,VALID,False,False,96.86861264400068,98.14798211300149,1483.66606959407,76.69506692137864,78.37543206666435,109.46231011784454,95.92924716743859,15.020489211718298,0.01261410282631922,19.345000000050092,9.635,9.200000000000001,
B_sync_120_NATIVE_L2_R2_G0_C2,sync_120,NATIVE,B,2,INFEASIBLE,False,False,51.493680179000876,52.56059698900026,,,,,,,0.013883156560032358,,,,NO_FEASIBLE_WAYPOINT:ValueError:COORDINATION_INFEASIBLE:target lies outside registered task q bounds
B_sync_120_NATIVE_L2_R2_G1_C0,sync_120,NATIVE,B,2,VALID,True,False,82.95983738399991,84.14927082699978,1208.6603259216256,77.05835676899112,78.92876235540442,113.41274917079457,82.58359213534874,15.437680103220115,0.006543453186669751,15.685000000032614,7.71,7.465,
B_sync_120_MATCHED_L2_R2_G0_C0,sync_120,MATCHED,B,2,VALID,True,True,98.7598553759999,100.01449011800105,1528.1589235506715,78.16669685681183,80.01356298908264,112.53983467183072,97.10850539904443,14.809808164732948,0.009888537937798893,19.55000000005107,9.63,9.41,
B_sync_120_NATIVE_L2_R2_G1_C1,sync_120,NATIVE,B,2,VALID,True,False,80.86327962900032,82.09178809699915,1191.4898064173535,79.72497868299455,81.84032262034661,116.79549218662808,69.34717402395738,15.896978807825082,0.011165149169622381,14.945000000029081,7.265000000000001,7.17,
B_sync_120_MATCHED_L2_R2_G0_C1,sync_120,MATCHED,B,2,VALID,True,True,99.28713676799998,100.53858753200075,1465.6263645168624,74.94893196199757,76.60194968278871,109.90313785662826,101.24282261485754,15.017822093377257,0.009812666660051466,19.555000000051095,9.635,9.41,
B_sync_120_NATIVE_L2_R2_G1_C2,sync_120,NATIVE,B,2,VALID,True,False,87.15417694499956,88.26389294799992,1222.7402718082317,76.01742442077908,77.91758338317196,112.58998354992377,80.86563042698351,15.344263967209825,0.008386098746612638,16.085000000034526,7.86,7.205,
B_sync_120_MATCHED_L2_R2_G0_C2,sync_120,MATCHED,B,2,INFEASIBLE,False,False,31.050275378998776,31.897497374999148,,,,,,,0.013883156560032358,,,,NO_FEASIBLE_WAYPOINT:ValueError:COORDINATION_INFEASIBLE:target waypoint enters existing shank-table geometry (-9.132492 mm)
B_sync_120_NATIVE_L3_R0_G0_C0,sync_120,NATIVE,B,3,VALID,True,True,86.19045250999989,87.38770949799982,1236.9808538786324,77.3354707020089,79.44632130583314,115.4824227986645,79.00140138846885,15.709068796272138,0.006334888262866459,15.995000000034095,7.525,7.45,
B_sync_120_MATCHED_L2_R2_G1_C0,sync_120,MATCHED,B,2,VALID,True,True,99.29241858499881,100.41783903900068,1512.897607668928,77.38606688843622,79.16497436999498,111.71201839560261,98.18660221779743,14.876175231748643,0.009870034998288226,19.55000000005107,9.63,9.41,
B_sync_120_NATIVE_L3_R0_G0_C1,sync_120,NATIVE,B,3,VALID,True,False,79.3563636200015,80.49705493900001,1191.4898064173535,79.72497868299455,81.84032262034661,116.79549218662808,69.34717402395738,15.896978807825082,0.011165149169622381,14.945000000029081,7.265000000000001,7.17,
B_sync_120_MATCHED_L2_R2_G1_C1,sync_120,MATCHED,B,2,VALID,True,True,96.56064618500022,97.84467970600053,1465.6263645168624,74.94893196199757,76.60194968278871,109.90313785662826,101.24282261485754,15.017822093377257,0.009812666660051466,19.555000000051095,9.635,9.41,
B_sync_120_NATIVE_L3_R0_G0_C2,sync_120,NATIVE,B,3,INFEASIBLE,False,False,45.78964791200087,46.70104969000022,,,,,,,0.013882991843583905,,,,NO_FEASIBLE_WAYPOINT:ValueError:COORDINATION_INFEASIBLE:candidate would regress the emitted reference away from the phase goal
B_sync_120_MATCHED_L2_R2_G1_C2,sync_120,MATCHED,B,2,VALID,False,False,98.92078583400144,100.17967448099989,1503.3978672670899,77.67490918455644,79.50759923393244,112.53100242929284,95.03576343856389,14.827237965700322,0.01039310849271782,19.35500000005014,9.620000000000001,9.225,
B_sync_120_NATIVE_L3_R0_G1_C0,sync_120,NATIVE,B,3,VALID,True,False,87.44735721600046,88.78743267899881,1239.186111643385,77.47334239721069,79.59283240360054,115.65158050184263,78.49774216844747,15.755582956981966,0.006426700654147713,15.995000000034095,7.51,7.465,
B_sync_120_NATIVE_L3_R0_G1_C1,sync_120,NATIVE,B,3,VALID,True,False,84.70755917099996,85.99028478499895,1191.4898064173535,79.72497868299455,81.84032262034661,116.79549218662808,69.34717402395738,15.896978807825082,0.011165149169622381,14.945000000029081,7.265000000000001,7.17,
B_sync_120_MATCHED_L3_R0_G0_C0,sync_120,MATCHED,B,3,VALID,True,True,100.18726401899949,101.42166932600048,1529.600078270632,78.24041321077402,80.09461596514583,112.62392516902325,97.00437546671004,14.80276787354759,0.009888711678509323,19.55000000005107,9.63,9.41,
B_sync_120_NATIVE_L3_R0_G1_C2,sync_120,NATIVE,B,3,VALID,True,False,81.66565776600146,82.92729709099876,1165.753400349324,76.7447926497251,78.89515032727734,116.31157626200043,82.26344099123763,15.835884915186746,0.006840854201423188,15.19000000003025,7.38,7.3,
B_sync_120_MATCHED_L3_R0_G0_C1,sync_120,MATCHED,B,3,VALID,True,True,96.9531047140008,98.17434701900129,1465.6263645168624,74.94893196199757,76.60194968278871,109.90313785662826,101.24282261485754,15.017822093377257,0.009812666660051466,19.555000000051095,9.635,9.41,
B_sync_120_NATIVE_L3_R1_G0_C0,sync_120,NATIVE,B,3,VALID,True,False,88.58132638500138,89.78677116000108,1222.018306187581,76.09080362313705,77.88250410524427,111.79989561501739,85.48402253803557,15.231108251408298,0.0063344788656314295,16.060000000034407,7.59,7.45,
B_sync_120_MATCHED_L3_R0_G0_C2,sync_120,MATCHED,B,3,INFEASIBLE,False,False,29.946980831000474,30.792681150000135,,,,,,,0.013883156560032358,,,,NO_FEASIBLE_WAYPOINT:ValueError:MATCHED_PACING_INFEASIBLE:fixed-duration reference exceeds registered velocity limits
B_sync_120_MATCHED_L3_R0_G1_C0,sync_120,MATCHED,B,3,VALID,True,True,101.39669827699981,102.65043498299929,1513.9891067569836,77.44189804383548,79.22575112703575,111.7759888727283,98.10973476962849,14.87139065417765,0.009870069486798413,19.55000000005107,9.63,9.41,
B_sync_120_NATIVE_L3_R1_G0_C1,sync_120,NATIVE,B,3,VALID,True,False,85.36391007999919,86.55862518399954,1165.753400349324,76.7447926497251,78.89515032727734,116.31157626200043,82.26344099123763,15.835884915186746,0.006840854201423188,15.19000000003025,7.38,7.3,
B_sync_120_MATCHED_L3_R0_G1_C1,sync_120,MATCHED,B,3,VALID,True,True,98.39108789900092,99.58864046399867,1465.6263645168624,74.94893196199757,76.60194968278871,109.90313785662826,101.24282261485754,15.017822093377257,0.009812666660051466,19.555000000051095,9.635,9.41,
B_sync_120_NATIVE_L3_R1_G0_C2,sync_120,NATIVE,B,3,INFEASIBLE,False,False,79.47021057299935,80.63263317300152,,,,,,,0.013883156560032358,,,,NO_FEASIBLE_WAYPOINT:ValueError:COORDINATION_INFEASIBLE:target waypoint enters existing shank-table geometry (-12.002196 mm)
B_sync_120_NATIVE_L3_R1_G1_C0,sync_120,NATIVE,B,3,VALID,True,False,84.84951517199988,86.045688608001,1215.5950233483175,76.06977617949421,77.9421913348221,112.87108061729431,84.87247483446251,15.316080378178443,0.00600645562645302,15.980000000034023,7.55,7.41,
B_sync_120_MATCHED_L3_R0_G1_C2,sync_120,MATCHED,B,3,INFEASIBLE,False,False,61.80459311300001,62.84194083000148,,,,,,,0.013883156560032358,,,,NO_FEASIBLE_WAYPOINT:ValueError:state-feedback Human-waypoint MPC has no feasible candidate: no quintic schedule satisfies the registered phase and motion limits
B_sync_120_MATCHED_L3_R1_G0_C0,sync_120,MATCHED,B,3,VALID,True,True,99.90126869500091,101.07077299600132,1468.4212578554857,75.09185670444825,76.67508519090012,108.16211644064138,101.34930406147676,15.08330495807549,0.009885013176891912,19.555000000051095,9.635,9.41,
B_sync_120_NATIVE_L3_R1_G1_C1,sync_120,NATIVE,B,3,VALID,True,False,81.83230962999914,82.95508432699899,1165.753400349324,76.7447926497251,78.89515032727734,116.31157626200043,82.26344099123763,15.835884915186746,0.006840854201423188,15.19000000003025,7.38,7.3,
B_sync_120_NATIVE_L3_R1_G1_C2,sync_120,NATIVE,B,3,INFEASIBLE,False,False,71.56809681300001,72.69347806100086,,,,,,,0.013883156560032358,,,,NO_FEASIBLE_WAYPOINT:ValueError:COORDINATION_INFEASIBLE:candidate would regress the emitted reference away from the phase goal
B_sync_120_MATCHED_L3_R1_G0_C1,sync_120,MATCHED,B,3,VALID,True,True,97.15370605300086,98.40383240700066,1465.6263645168624,74.94893196199757,76.60194968278871,109.90313785662826,101.24282261485754,15.017822093377257,0.009812666660051466,19.555000000051095,9.635,9.41,
B_sync_120_NATIVE_L3_R2_G0_C0,sync_120,NATIVE,B,3,VALID,True,False,85.26391255900126,86.44622758900005,1205.2664564575557,76.62215234949497,78.42153066935336,112.49949251052944,84.5413157760084,15.335906186047168,0.006320674429902137,15.73000000003283,7.775,7.445,
B_sync_120_MATCHED_L3_R1_G0_C2,sync_120,MATCHED,B,3,INFEASIBLE,False,False,55.55574579699896,56.58809794000081,,,,,,,0.013883156560032358,,,,NO_FEASIBLE_WAYPOINT:ValueError:COORDINATION_INFEASIBLE:target lies outside registered task q bounds
B_sync_120_NATIVE_L3_R2_G0_C1,sync_120,NATIVE,B,3,VALID,True,False,83.13717667000128,84.32469849700101,1165.753400349324,76.7447926497251,78.89515032727734,116.31157626200043,82.26344099123763,15.835884915186746,0.006840854201423188,15.19000000003025,7.38,7.3,
B_sync_120_MATCHED_L3_R1_G1_C0,sync_120,MATCHED,B,3,VALID,True,True,99.31629232500018,100.53001322300042,1468.3485571766246,75.08813895047938,76.68811260658858,108.61429990798493,101.28960765096633,15.066435525977703,0.009867028746210368,19.555000000051095,9.635,9.41,
B_sync_120_NATIVE_L3_R2_G0_C2,sync_120,NATIVE,B,3,INFEASIBLE,False,False,51.64036143900012,52.578030904000116,,,,,,,0.013883156560032358,,,,NO_FEASIBLE_WAYPOINT:ValueError:COORDINATION_INFEASIBLE:target lies outside registered task q bounds
B_sync_120_MATCHED_L3_R1_G1_C1,sync_120,MATCHED,B,3,VALID,True,True,95.89108619200124,97.18616890000158,1465.6263645168624,74.94893196199757,76.60194968278871,109.90313785662826,101.24282261485754,15.017822093377257,0.009812666660051466,19.555000000051095,9.635,9.41,
B_sync_120_NATIVE_L3_R2_G1_C0,sync_120,NATIVE,B,3,VALID,True,False,83.85356049300026,84.96089500599919,1218.9819999596598,76.09126092132708,78.03641490233179,113.56465770644972,84.00797348897945,15.421955645507731,0.006033342866537947,16.020000000034216,7.595,7.405,
B_sync_120_MATCHED_L3_R1_G1_C2,sync_120,MATCHED,B,3,INFEASIBLE,False,False,30.088839439998992,30.91931819599995,,,,,,,0.013883156560032358,,,,NO_FEASIBLE_WAYPOINT:ValueError:MATCHED_PACING_INFEASIBLE:fixed-duration reference exceeds registered velocity limits
B_sync_120_NATIVE_L3_R2_G1_C1,sync_120,NATIVE,B,3,VALID,True,False,81.03975101599826,82.18628692499988,1165.753400349324,76.7447926497251,78.89515032727734,116.31157626200043,82.26344099123763,15.835884915186746,0.006840854201423188,15.19000000003025,7.38,7.3,
B_sync_120_MATCHED_L3_R2_G0_C0,sync_120,MATCHED,B,3,VALID,True,True,96.3256686579989,97.5819364050003,1526.618202468826,78.08788759431333,79.92696344951754,112.4489966075399,97.21977756237023,14.817326470747217,0.009888376827428987,19.55000000005107,9.63,9.41,
B_sync_120_NATIVE_L3_R2_G1_C2,sync_120,NATIVE,B,3,INFEASIBLE,False,False,32.29694899899914,33.25601230200118,,,,,,,0.013883156560032358,,,,NO_FEASIBLE_WAYPOINT:ValueError:COORDINATION_INFEASIBLE:target waypoint enters existing shank-table geometry (-12.470466 mm)
B_sync_120_MATCHED_L3_R2_G0_C1,sync_120,MATCHED,B,3,VALID,True,True,100.32517734800058,101.54733268000018,1465.6263645168624,74.94893196199757,76.60194968278871,109.90313785662826,101.24282261485754,15.017822093377257,0.009812666660051466,19.555000000051095,9.635,9.41,
B_hip_ordinary_MATCHED_L1_R0_G0_C0,hip_ordinary,MATCHED,B,1,VALID,True,True,56.17476464699939,57.21584373100086,766.8209505354864,96.51616746828022,96.81830072954364,112.78377136682032,96.49368788160234,15.122841425993785,0.038593345076834235,7.944999999995657,3.73,3.7,
B_hip_ordinary_MATCHED_L1_R0_G0_C1,hip_ordinary,MATCHED,B,1,VALID,False,False,61.01728314100001,62.152240308998444,769.8803373384214,96.71863534402279,97.02239140706871,113.36510909816865,96.5314394267671,15.09488016624678,0.0389211713115349,7.959999999995729,3.73,3.715,
B_sync_120_MATCHED_L3_R2_G0_C2,sync_120,MATCHED,B,3,INFEASIBLE,False,False,30.631879196000227,31.64379067200025,,,,,,,0.013883156560032358,,,,NO_FEASIBLE_WAYPOINT:ValueError:COORDINATION_INFEASIBLE:candidate would regress the emitted reference away from the phase goal
B_hip_ordinary_MATCHED_L1_R0_G0_C2,hip_ordinary,MATCHED,B,1,VALID,True,True,57.27166823599873,58.25449780700001,767.3182886976203,96.5787650972461,96.88485051668921,113.21704390527819,96.43501861393226,15.081345439404133,0.038438138894845764,7.944999999995657,3.73,3.7,
B_sync_120_MATCHED_L3_R2_G1_C0,sync_120,MATCHED,B,3,VALID,True,True,107.80128453900033,109.16397967199919,1511.7315560843513,77.32642230610494,79.10008142069891,111.64314275585237,98.26867969519415,14.88128508333271,0.00987012332622211,19.55000000005107,9.63,9.41,
B_hip_ordinary_MATCHED_L1_R0_G1_C0,hip_ordinary,MATCHED,B,1,VALID,True,True,66.41995716700148,67.52883365399975,766.9264375986843,96.5294446316783,96.83257415306625,112.89830241416809,96.47957468221361,15.115542351185567,0.03855071578192959,7.944999999995657,3.73,3.7,
B_sync_120_MATCHED_L3_R2_G1_C1,sync_120,MATCHED,B,3,VALID,True,True,103.55770729899996,104.96944813600021,1465.6263645168624,74.94893196199757,76.60194968278871,109.90313785662826,101.24282261485754,15.017822093377257,0.009812666660051466,19.555000000051095,9.635,9.41,
B_hip_ordinary_MATCHED_L1_R0_G1_C1,hip_ordinary,MATCHED,B,1,VALID,True,True,60.32980376800151,61.35892885899921,766.8209505354864,96.51616746828022,96.81830072954364,112.78377136682032,96.49368788160234,15.122841425993785,0.038593345076834235,7.944999999995657,3.73,3.7,
B_hip_ordinary_MATCHED_L1_R0_G1_C2,hip_ordinary,MATCHED,B,1,VALID,False,False,60.628258545999415,61.71512352799982,769.2900085233543,96.6444734325822,96.95682578140817,113.88856254768622,96.54847762361794,15.066553717206608,0.03812747815498993,7.959999999995729,3.73,3.715,
B_sync_120_MATCHED_L3_R2_G1_C2,sync_120,MATCHED,B,3,INFEASIBLE,False,False,30.628292223000244,31.570346206000977,,,,,,,0.013883156560032358,,,,NO_FEASIBLE_WAYPOINT:ValueError:MATCHED_PACING_INFEASIBLE:fixed-duration reference exceeds registered velocity limits
B_hip_ordinary_MATCHED_L1_R1_G0_C0,hip_ordinary,MATCHED,B,1,VALID,True,True,55.42009751800106,56.38695143999939,761.440631233328,95.83897183553529,96.14274522926291,111.06823075659369,97.03617655133436,15.480378727697657,0.03857657084236896,7.944999999995657,3.73,3.7,
B_hip_ordinary_NATIVE_L1_R0_G0_C0,hip_ordinary,NATIVE,B,1,VALID,True,True,53.67298578199916,54.64345049400072,631.1302004874829,96.65087296898665,97.08983156231372,116.6485550406612,79.6579266588381,15.825280996041577,0.038449349167762936,6.529999999988901,3.015,3.0,
B_hip_ordinary_MATCHED_L1_R1_G0_C1,hip_ordinary,MATCHED,B,1,INFEASIBLE,False,False,29.703988645998834,30.530933381000068,,,,,,,0.04138907205126739,,,,NO_FEASIBLE_WAYPOINT:ValueError:COORDINATION_INFEASIBLE:candidate would regress the emitted reference away from the phase goal
B_hip_ordinary_NATIVE_L1_R0_G0_C1,hip_ordinary,NATIVE,B,1,VALID,True,False,50.73135345399896,51.706561344000875,631.6198094133913,96.79997079132433,97.23950235887298,117.31336666845861,79.52869495836481,15.786054802814038,0.03915558586911354,6.524999999988877,3.015,2.995,
B_hip_ordinary_MATCHED_L1_R1_G0_C2,hip_ordinary,MATCHED,B,1,INFEASIBLE,False,False,30.35293009400084,31.25708359300006,,,,,,,0.04138907205126739,,,,NO_FEASIBLE_WAYPOINT:ValueError:COORDINATION_INFEASIBLE:candidate would regress the emitted reference away from the phase goal
B_hip_ordinary_NATIVE_L1_R0_G0_C2,hip_ordinary,NATIVE,B,1,VALID,True,False,53.037261598999976,54.016888446998564,689.5753273931699,96.64685737815975,97.1202292237051,117.73449948915889,86.11983774048562,15.839527145994468,0.03393505394240505,7.1349999999917895,3.09,3.015,
B_hip_ordinary_MATCHED_L1_R1_G1_C0,hip_ordinary,MATCHED,B,1,VALID,True,True,55.21385520399963,56.193120384001304,761.440631233328,95.83897183553529,96.14274522926291,111.06823075659369,97.03617655133436,15.480378727697657,0.03857657084236896,7.944999999995657,3.73,3.7,
B_hip_ordinary_NATIVE_L1_R0_G1_C0,hip_ordinary,NATIVE,B,1,VALID,True,False,51.00997729299888,51.96475362300043,631.8786042104002,96.69144670396331,97.13163790987237,116.92516118318362,79.70103216424597,15.820285343115065,0.0386091308163643,6.534999999988925,3.02,3.0,
B_hip_ordinary_MATCHED_L1_R1_G1_C1,hip_ordinary,MATCHED,B,1,VALID,True,True,55.270725604999825,56.367198817000826,761.440631233328,95.83897183553529,96.14274522926291,111.06823075659369,97.03617655133436,15.480378727697657,0.03857657084236896,7.944999999995657,3.73,3.7,
B_hip_ordinary_NATIVE_L1_R0_G1_C1,hip_ordinary,NATIVE,B,1,VALID,True,True,50.916303317999336,51.93083616399963,631.1302004874829,96.65087296898665,97.08983156231372,116.6485550406612,79.6579266588381,15.825280996041577,0.038449349167762936,6.529999999988901,3.015,3.0,
B_hip_ordinary_MATCHED_L1_R1_G1_C2,hip_ordinary,MATCHED,B,1,VALID,False,False,56.23641929599944,57.29260523099947,784.7244855855625,95.29137651312234,95.60415382250257,110.62537754140877,101.02050597720526,15.665105078219028,0.03862007194731609,8.234999999997042,4.0200000000000005,3.7,
B_hip_ordinary_NATIVE_L1_R0_G1_C2,hip_ordinary,NATIVE,B,1,VALID,True,False,50.52401385500161,51.463606858000276,631.0389639755789,97.08291753470444,97.50865398599106,116.32535451022545,79.0535648028516,15.88777248781167,0.03433616070930104,6.499999999988757,3.015,2.97,
B_hip_ordinary_MATCHED_L1_R2_G0_C0,hip_ordinary,MATCHED,B,1,VALID,True,True,54.977901185999144,55.964178378000724,766.9762751147407,96.53571744678926,96.83838488242397,112.8717878432045,96.47716988645655,15.117992490155546,0.03859319067432858,7.944999999995657,3.73,3.7,
B_hip_ordinary_NATIVE_L1_R1_G0_C0,hip_ordinary,NATIVE,B,1,VALID,True,False,50.46798453200063,51.412935038000796,618.0761486547674,95.38212170598261,95.82909829542866,115.69025126550265,79.94242900965118,15.741161833794202,0.03677111733510888,6.479999999988662,2.995,2.97,
B_hip_ordinary_MATCHED_L1_R2_G0_C1,hip_ordinary,MATCHED,B,1,VALID,False,False,55.14390244599963,56.131046298998626,769.8739509218605,96.71783303038448,97.01633729964536,112.77605212181133,96.55873695323072,15.12328691162535,0.03933592989324276,7.959999999995729,3.73,3.715,
B_hip_ordinary_NATIVE_L1_R1_G0_C1,hip_ordinary,NATIVE,B,1,VALID,True,False,51.32908299900009,52.24522827600049,624.5714581633474,95.64647138795519,96.09616268128845,116.42069390943158,80.38499972395658,15.669611111815339,0.03792281368784106,6.529999999988901,3.015,3.0,
B_hip_ordinary_MATCHED_L1_R2_G0_C2,hip_ordinary,MATCHED,B,1,VALID,False,False,55.77971549799986,56.75906897900131,768.5881425340422,96.55629931332186,96.84717029280631,111.71024520333852,96.72758700578557,15.157439373785477,0.03858600029470069,7.959999999995729,3.73,3.715,
B_hip_ordinary_NATIVE_L1_R1_G0_C2,hip_ordinary,NATIVE,B,1,VALID,True,False,51.27715212599833,52.26944201299921,618.4338871067334,95.29027536313305,95.72651648829233,114.32410579117142,80.14944927321477,15.96691868466628,0.03737150678539761,6.48999999998871,2.975,3.0,
B_hip_ordinary_MATCHED_L1_R2_G1_C0,hip_ordinary,MATCHED,B,1,VALID,True,True,56.15976225099985,57.14230733000113,766.9762751147407,96.53571744678926,96.83838488242397,112.8717878432045,96.47716988645655,15.117992490155546,0.03859319067432858,7.944999999995657,3.73,3.7,
B_hip_ordinary_NATIVE_L1_R1_G1_C0,hip_ordinary,NATIVE,B,1,VALID,True,False,51.73101187999964,52.735055839999404,618.3817935944664,95.35571219652529,95.79913108952857,115.32540460684245,80.03007955426945,15.798568496921545,0.03692724315810636,6.484999999988686,2.99,2.98,
B_hip_ordinary_MATCHED_L1_R2_G1_C1,hip_ordinary,MATCHED,B,1,VALID,True,True,56.3219008140004,57.26213344600001,766.9762751147407,96.53571744678926,96.83838488242397,112.8717878432045,96.47716988645655,15.117992490155546,0.03859319067432858,7.944999999995657,3.73,3.7,
B_hip_ordinary_NATIVE_L1_R1_G1_C1,hip_ordinary,NATIVE,B,1,VALID,True,False,51.573012001999814,52.579036375000214,618.0761486547674,95.38212170598261,95.82909829542866,115.69025126550265,79.94242900965118,15.741161833794202,0.03677111733510888,6.479999999988662,2.995,2.97,
B_hip_ordinary_MATCHED_L1_R2_G1_C2,hip_ordinary,MATCHED,B,1,VALID,False,False,59.317503481999665,60.33233600300082,767.5765037792735,96.42920901749667,96.73443925338263,112.85768014633734,96.7294113042152,15.118895120155885,0.03815777009651079,7.959999999995729,3.73,3.715,
B_hip_ordinary_NATIVE_L1_R1_G1_C2,hip_ordinary,NATIVE,B,1,VALID,True,False,55.57017559999986,56.636244765999436,646.4973029515083,94.31032865813397,94.73676703659602,114.63368687654923,85.2724328565872,15.92243074953,0.03646061479173959,6.8549999999904525,3.215,3.125,
B_hip_ordinary_MATCHED_L2_R0_G0_C0,hip_ordinary,MATCHED,B,2,VALID,True,True,57.03968071700001,58.08778444199925,766.8209505354864,96.51616746828022,96.81830072954364,112.78377136682032,96.49368788160234,15.122841425993785,0.038593345076834235,7.944999999995657,3.73,3.7,
B_hip_ordinary_NATIVE_L1_R2_G0_C0,hip_ordinary,NATIVE,B,1,VALID,True,False,52.80676371899972,53.894470004999675,630.5820669475078,96.49304773489025,96.93566271977454,116.97844092029666,79.84765755238668,15.670985243442505,0.038440411823581155,6.534999999988925,3.02,3.0,
B_hip_ordinary_MATCHED_L2_R0_G0_C1,hip_ordinary,MATCHED,B,2,VALID,True,True,56.393785914000546,57.41755589700006,761.440631233328,95.83897183553529,96.14274522926291,111.06823075659369,97.03617655133436,15.480378727697657,0.03857657084236896,7.944999999995657,3.73,3.7,
B_hip_ordinary_NATIVE_L1_R2_G0_C1,hip_ordinary,NATIVE,B,1,VALID,True,False,51.329988314999355,52.32971485499911,634.0144268090053,97.69097485500853,98.11991731030646,117.2087687299243,78.50194000983984,16.032399261392698,0.03538025762507582,6.48999999998871,3.005,2.97,
B_hip_ordinary_NATIVE_L1_R2_G0_C2,hip_ordinary,NATIVE,B,1,VALID,True,False,51.25247075999869,52.17770774699966,631.0139738878258,96.78128433862359,97.21551099836458,116.69254469614421,79.47639447624054,15.730646394593926,0.03880239126993132,6.519999999988853,3.015,2.99,
B_hip_ordinary_MATCHED_L2_R0_G0_C2,hip_ordinary,MATCHED,B,2,VALID,False,False,57.86922708699967,58.88895567799955,832.399023802674,97.64211422905268,97.94229654132211,114.49314830840704,102.05050125381027,15.065443288396192,0.031379302295098666,8.524999999998427,3.77,3.725,
B_hip_ordinary_NATIVE_L1_R2_G1_C0,hip_ordinary,NATIVE,B,1,VALID,True,False,52.73681698800101,53.72937540999919,631.5345721372178,96.56491928703636,97.00435436247444,116.89656245320305,79.86041434173974,15.704826586565432,0.038717673455543486,6.539999999988948,3.02,3.005,
B_hip_ordinary_MATCHED_L2_R0_G1_C0,hip_ordinary,MATCHED,B,2,VALID,True,True,56.916938035001294,58.02471004200015,766.0581387018656,96.42015590961175,96.72021407871856,112.40120079405287,96.57361102101751,15.1506744764936,0.038593725895124845,7.944999999995657,3.73,3.7,
B_hip_ordinary_NATIVE_L1_R2_G1_C1,hip_ordinary,NATIVE,B,1,VALID,True,False,52.31853667799987,53.3031580679999,630.5820669475078,96.49304773489025,96.93566271977454,116.97844092029666,79.84765755238668,15.670985243442505,0.038440411823581155,6.534999999988925,3.02,3.0,
B_hip_ordinary_MATCHED_L2_R0_G1_C1,hip_ordinary,MATCHED,B,2,VALID,True,True,56.85495242899924,57.799369020000086,761.440631233328,95.83897183553529,96.14274522926291,111.06823075659369,97.03617655133436,15.480378727697657,0.03857657084236896,7.944999999995657,3.73,3.7,
B_hip_ordinary_NATIVE_L1_R2_G1_C2,hip_ordinary,NATIVE,B,1,VALID,True,False,51.172279223999794,52.15336141900116,630.3032647894333,96.450384818582,96.89254774056977,117.30471772189014,79.90901789847138,15.658212039968241,0.03860227223285623,6.534999999988925,3.02,3.0,
B_hip_ordinary_MATCHED_L2_R0_G1_C2,hip_ordinary,MATCHED,B,2,VALID,False,False,56.007144150000386,57.0720427010001,769.6534312654028,96.69012955595512,96.99126341775666,112.49196083076588,96.56737920935038,15.159857940748875,0.03917274803520686,7.959999999995729,3.73,3.715,
B_hip_ordinary_NATIVE_L2_R0_G0_C0,hip_ordinary,NATIVE,B,2,VALID,True,True,53.296310370000356,54.24501610200059,631.1302004874829,96.65087296898665,97.08983156231372,116.6485550406612,79.6579266588381,15.825280996041577,0.038449349167762936,6.529999999988901,3.015,3.0,
B_hip_ordinary_MATCHED_L2_R1_G0_C0,hip_ordinary,MATCHED,B,2,VALID,True,True,56.32118374099991,57.38806818200101,761.440631233328,95.83897183553529,96.14274522926291,111.06823075659369,97.03617655133436,15.480378727697657,0.03857657084236896,7.944999999995657,3.73,3.7,
B_hip_ordinary_NATIVE_L2_R0_G0_C1,hip_ordinary,NATIVE,B,2,VALID,True,False,51.07859276800082,52.089519550998375,618.0761486547674,95.38212170598261,95.82909829542866,115.69025126550265,79.94242900965118,15.741161833794202,0.03677111733510888,6.479999999988662,2.995,2.97,
B_hip_ordinary_MATCHED_L2_R1_G0_C1,hip_ordinary,MATCHED,B,2,VALID,True,True,55.4011110320007,56.47953823500029,761.440631233328,95.83897183553529,96.14274522926291,111.06823075659369,97.03617655133436,15.480378727697657,0.03857657084236896,7.944999999995657,3.73,3.7,
B_hip_ordinary_NATIVE_L2_R0_G0_C2,hip_ordinary,NATIVE,B,2,VALID,True,False,54.29232760600098,55.22325758700026,716.1213742404811,99.53042032529274,99.95044163600481,118.09777882918809,84.87865880286597,16.288509812948785,0.020502291379704548,7.194999999992076,3.1550000000000002,3.0100000000000002,
B_hip_ordinary_MATCHED_L2_R1_G0_C2,hip_ordinary,MATCHED,B,2,INFEASIBLE,False,False,42.75319968999975,43.661941823000234,,,,,,,0.04138907205126739,,,,NO_FEASIBLE_WAYPOINT:ValueError:MATCHED_PACING_INFEASIBLE:fixed-duration reference exceeds registered causal 20 ms acceleration limits
B_hip_ordinary_NATIVE_L2_R0_G1_C0,hip_ordinary,NATIVE,B,2,VALID,True,True,52.44979049200083,53.419529573000545,630.1919504140354,96.43335124927856,96.87273704345745,116.45262486801295,79.8681116698925,15.814654407155265,0.03793881752733522,6.534999999988925,3.015,3.005,
B_hip_ordinary_MATCHED_L2_R1_G1_C0,hip_ordinary,MATCHED,B,2,VALID,True,True,58.97026478999942,60.00879342499866,761.440631233328,95.83897183553529,96.14274522926291,111.06823075659369,97.03617655133436,15.480378727697657,0.03857657084236896,7.944999999995657,3.73,3.7,
B_hip_ordinary_NATIVE_L2_R0_G1_C1,hip_ordinary,NATIVE,B,2,VALID,True,False,51.99407699599942,52.87827582199861,618.0761486547674,95.38212170598261,95.82909829542866,115.69025126550265,79.94242900965118,15.741161833794202,0.03677111733510888,6.479999999988662,2.995,2.97,
B_hip_ordinary_MATCHED_L2_R1_G1_C1,hip_ordinary,MATCHED,B,2,VALID,True,True,56.40839926300032,57.379557602000204,761.440631233328,95.83897183553529,96.14274522926291,111.06823075659369,97.03617655133436,15.480378727697657,0.03857657084236896,7.944999999995657,3.73,3.7,
B_hip_ordinary_NATIVE_L2_R0_G1_C2,hip_ordinary,NATIVE,B,2,VALID,True,False,52.37381762299992,53.32915192099972,624.4038890833356,96.1360876186814,96.56767161778147,115.62629949807678,79.66341891817254,15.771120901283314,0.038790394844969406,6.494999999988734,2.99,2.99,
B_hip_ordinary_MATCHED_L2_R1_G1_C2,hip_ordinary,MATCHED,B,2,VALID,False,False,61.61553804700088,62.64205477399992,766.6618486236794,96.3143025909145,96.6133911730562,112.19634074590408,96.854079954765,15.23958952568075,0.03885498771229416,7.959999999995729,3.73,3.715,
B_hip_ordinary_NATIVE_L2_R1_G0_C0,hip_ordinary,NATIVE,B,2,VALID,True,False,54.77863110199905,55.75813563700103,618.0761486547674,95.38212170598261,95.82909829542866,115.69025126550265,79.94242900965118,15.741161833794202,0.03677111733510888,6.479999999988662,2.995,2.97,
B_hip_ordinary_MATCHED_L2_R2_G0_C0,hip_ordinary,MATCHED,B,2,VALID,True,True,59.88886003100015,60.93728484100029,767.1355351624454,96.55576276431032,96.85899568118872,112.9620758495042,96.46026265907012,15.113049244490385,0.038592979523544166,7.944999999995657,3.73,3.7,
B_hip_ordinary_NATIVE_L2_R1_G0_C1,hip_ordinary,NATIVE,B,2,VALID,True,False,55.71730500800004,56.683616659998734,618.0761486547674,95.38212170598261,95.82909829542866,115.69025126550265,79.94242900965118,15.741161833794202,0.03677111733510888,6.479999999988662,2.995,2.97,
B_hip_ordinary_MATCHED_L2_R2_G0_C1,hip_ordinary,MATCHED,B,2,VALID,True,True,63.652882950000276,64.82642726500126,761.440631233328,95.83897183553529,96.14274522926291,111.06823075659369,97.03617655133436,15.480378727697657,0.03857657084236896,7.944999999995657,3.73,3.7,
B_hip_ordinary_NATIVE_L2_R1_G0_C2,hip_ordinary,NATIVE,B,2,VALID,True,False,58.344186334999904,59.38922385599835,628.5373879323665,95.0169898612799,95.47320780365811,113.85538571380272,81.737084928076,15.898495939064398,0.03326693971663881,6.6149999999893065,3.125,2.975,
B_hip_ordinary_MATCHED_L2_R2_G0_C2,hip_ordinary,MATCHED,B,2,INFEASIBLE,False,False,41.01614661599888,41.90404630000012,,,,,,,0.04138907205126739,,,,NO_FEASIBLE_WAYPOINT:ValueError:MATCHED_PACING_INFEASIBLE:fixed-duration reference exceeds registered causal 20 ms acceleration limits
B_hip_ordinary_NATIVE_L2_R1_G1_C0,hip_ordinary,NATIVE,B,2,VALID,True,False,52.05465560800076,53.096989872999984,618.0761486547674,95.38212170598261,95.82909829542866,115.69025126550265,79.94242900965118,15.741161833794202,0.03677111733510888,6.479999999988662,2.995,2.97,
B_hip_ordinary_MATCHED_L2_R2_G1_C0,hip_ordinary,MATCHED,B,2,VALID,True,True,55.93993916599902,57.00391046000004,766.3042061555839,96.4511272694253,96.75181098123437,112.52446712727863,96.54777362673188,15.141596949330664,0.03859373606113771,7.944999999995657,3.73,3.7,
B_hip_ordinary_NATIVE_L2_R1_G1_C1,hip_ordinary,NATIVE,B,2,VALID,True,False,51.17665373899945,52.14698679100002,618.0761486547674,95.38212170598261,95.82909829542866,115.69025126550265,79.94242900965118,15.741161833794202,0.03677111733510888,6.479999999988662,2.995,2.97,
B_hip_ordinary_MATCHED_L2_R2_G1_C1,hip_ordinary,MATCHED,B,2,VALID,True,True,56.85907297399899,57.89899877300013,761.440631233328,95.83897183553529,96.14274522926291,111.06823075659369,97.03617655133436,15.480378727697657,0.03857657084236896,7.944999999995657,3.73,3.7,
B_hip_ordinary_NATIVE_L2_R1_G1_C2,hip_ordinary,NATIVE,B,2,VALID,True,False,51.57166494100056,52.57560508700044,623.5750164003548,95.7872529032803,96.23940249468711,116.80120217894078,80.036655138822,15.62902574367299,0.0377976227599712,6.509999999988805,3.0300000000000002,2.965,
B_hip_ordinary_MATCHED_L2_R2_G1_C2,hip_ordinary,MATCHED,B,2,VALID,False,False,59.335132682999756,60.423885930000324,834.1316195549983,97.78799760316512,98.0929349985793,115.23484201295413,102.04098723612746,14.96539703350209,0.0268355339751818,8.52999999999845,3.77,3.73,
B_hip_ordinary_NATIVE_L2_R2_G0_C0,hip_ordinary,NATIVE,B,2,VALID,True,False,52.77369552200071,53.81238604399914,630.5820669475078,96.49304773489025,96.93566271977454,116.97844092029666,79.84765755238668,15.670985243442505,0.038440411823581155,6.534999999988925,3.02,3.0,
B_hip_ordinary_NATIVE_L2_R2_G0_C1,hip_ordinary,NATIVE,B,2,VALID,True,False,51.276337088998844,52.213589283001056,618.0761486547674,95.38212170598261,95.82909829542866,115.69025126550265,79.94242900965118,15.741161833794202,0.03677111733510888,6.479999999988662,2.995,2.97,
B_hip_ordinary_MATCHED_L3_R0_G0_C0,hip_ordinary,MATCHED,B,3,VALID,True,True,56.413426261000495,57.414655850998315,766.8209505354864,96.51616746828022,96.81830072954364,112.78377136682032,96.49368788160234,15.122841425993785,0.038593345076834235,7.944999999995657,3.73,3.7,
B_hip_ordinary_NATIVE_L2_R2_G0_C2,hip_ordinary,NATIVE,B,2,VALID,True,False,50.9576328080002,51.940862077999554,628.9103861353819,96.4586481802733,96.91457261257499,116.90732728220775,79.59757878071008,15.97249573671862,0.0359895089421956,6.519999999988853,3.0100000000000002,2.995,
B_hip_ordinary_MATCHED_L3_R0_G0_C1,hip_ordinary,MATCHED,B,3,VALID,True,True,55.7243851509993,56.846580891000485,761.440631233328,95.83897183553529,96.14274522926291,111.06823075659369,97.03617655133436,15.480378727697657,0.03857657084236896,7.944999999995657,3.73,3.7,
B_hip_ordinary_NATIVE_L2_R2_G1_C0,hip_ordinary,NATIVE,B,2,VALID,True,False,51.90052809699955,52.84031843299999,629.5049823414662,96.25458445588167,96.6980521629556,116.5660324882266,80.04820672294068,15.76865007905464,0.037264082217952826,6.539999999988948,3.015,3.0100000000000002,
B_hip_ordinary_MATCHED_L3_R0_G0_C2,hip_ordinary,MATCHED,B,3,INFEASIBLE,False,False,42.35854823599948,43.29452039300122,,,,,,,0.04138907205126739,,,,NO_FEASIBLE_WAYPOINT:ValueError:MATCHED_PACING_INFEASIBLE:fixed-duration reference exceeds registered causal 20 ms acceleration limits
B_hip_ordinary_NATIVE_L2_R2_G1_C1,hip_ordinary,NATIVE,B,2,VALID,True,False,54.46024030400076,55.390882671001236,618.0761486547674,95.38212170598261,95.82909829542866,115.69025126550265,79.94242900965118,15.741161833794202,0.03677111733510888,6.479999999988662,2.995,2.97,
B_hip_ordinary_MATCHED_L3_R0_G1_C0,hip_ordinary,MATCHED,B,3,VALID,True,True,59.93496145899917,60.974795231000826,766.0581387018656,96.42015590961175,96.72021407871856,112.40120079405287,96.57361102101751,15.1506744764936,0.038593725895124845,7.944999999995657,3.73,3.7,
B_hip_ordinary_NATIVE_L2_R2_G1_C2,hip_ordinary,NATIVE,B,2,VALID,True,False,54.62528700799885,55.62706250500014,633.4225911539534,97.07625918068251,97.51600821897424,117.45062260870539,79.31575430339174,15.850204719088355,0.03850168704964568,6.524999999988877,3.005,3.005,
B_hip_ordinary_MATCHED_L3_R0_G1_C1,hip_ordinary,MATCHED,B,3,VALID,True,True,58.71276415200009,59.70712831899982,761.440631233328,95.83897183553529,96.14274522926291,111.06823075659369,97.03617655133436,15.480378727697657,0.03857657084236896,7.944999999995657,3.73,3.7,
B_hip_ordinary_NATIVE_L3_R0_G0_C0,hip_ordinary,NATIVE,B,3,VALID,True,True,51.31150781500037,52.343563313999766,631.1302004874829,96.65087296898665,97.08983156231372,116.6485550406612,79.6579266588381,15.825280996041577,0.038449349167762936,6.529999999988901,3.015,3.0,
B_hip_ordinary_MATCHED_L3_R0_G1_C2,hip_ordinary,MATCHED,B,3,VALID,True,True,57.31242506900162,58.326345157001924,765.3650421273362,96.3329190846238,96.64729556851576,114.27321790910432,96.64039479671982,15.136215044587484,0.038550519400832206,7.944999999995657,3.73,3.7,
B_hip_ordinary_NATIVE_L3_R0_G0_C1,hip_ordinary,NATIVE,B,3,VALID,True,False,53.93493803800084,54.87691307299974,618.0761486547674,95.38212170598261,95.82909829542866,115.69025126550265,79.94242900965118,15.741161833794202,0.03677111733510888,6.479999999988662,2.995,2.97,
B_hip_ordinary_MATCHED_L3_R1_G0_C0,hip_ordinary,MATCHED,B,3,VALID,True,True,57.6568701890028,58.68768742799875,761.440631233328,95.83897183553529,96.14274522926291,111.06823075659369,97.03617655133436,15.480378727697657,0.03857657084236896,7.944999999995657,3.73,3.7,
B_hip_ordinary_NATIVE_L3_R0_G0_C2,hip_ordinary,NATIVE,B,3,INFEASIBLE,False,False,40.353675780999765,41.3150416569988,,,,,,,0.028615553552285785,,,,NO_FEASIBLE_WAYPOINT:ValueError:COORDINATION_INFEASIBLE:baseline waypoint count exhausted
B_hip_ordinary_MATCHED_L3_R1_G0_C1,hip_ordinary,MATCHED,B,3,VALID,True,True,56.419944989000214,57.37767798999994,761.440631233328,95.83897183553529,96.14274522926291,111.06823075659369,97.03617655133436,15.480378727697657,0.03857657084236896,7.944999999995657,3.73,3.7,
B_hip_ordinary_NATIVE_L3_R0_G1_C0,hip_ordinary,NATIVE,B,3,VALID,True,True,51.52555349499744,52.53463925200049,630.1919504140354,96.43335124927856,96.87273704345745,116.45262486801295,79.8681116698925,15.814654407155265,0.03793881752733522,6.534999999988925,3.015,3.005,
B_hip_ordinary_MATCHED_L3_R1_G0_C2,hip_ordinary,MATCHED,B,3,VALID,False,False,59.52146997399905,60.47702550499889,792.7568741820044,96.09174232509143,96.45568342440856,113.93862664241517,100.497467044482,15.657465185806915,0.037112046500355725,8.249999999997113,4.0200000000000005,3.715,
B_hip_ordinary_NATIVE_L3_R0_G1_C1,hip_ordinary,NATIVE,B,3,VALID,True,False,53.93558600200049,54.8486532609968,618.0761486547674,95.38212170598261,95.82909829542866,115.69025126550265,79.94242900965118,15.741161833794202,0.03677111733510888,6.479999999988662,2.995,2.97,
B_hip_ordinary_MATCHED_L3_R1_G1_C0,hip_ordinary,MATCHED,B,3,VALID,True,True,58.29843098200217,59.39174202800132,761.440631233328,95.83897183553529,96.14274522926291,111.06823075659369,97.03617655133436,15.480378727697657,0.03857657084236896,7.944999999995657,3.73,3.7,
B_hip_ordinary_NATIVE_L3_R0_G1_C2,hip_ordinary,NATIVE,B,3,VALID,True,False,53.328254206000565,54.289199302998895,638.7668571584584,95.62378101174528,96.09934875574643,116.59371428087748,81.78078282188903,15.784359897008134,0.035458898766402985,6.679999999989617,3.1550000000000002,3.0100000000000002,
B_hip_ordinary_MATCHED_L3_R1_G1_C1,hip_ordinary,MATCHED,B,3,VALID,True,True,56.86699285299983,57.87985639500039,761.440631233328,95.83897183553529,96.14274522926291,111.06823075659369,97.03617655133436,15.480378727697657,0.03857657084236896,7.944999999995657,3.73,3.7,
B_hip_ordinary_NATIVE_L3_R1_G0_C0,hip_ordinary,NATIVE,B,3,VALID,True,False,52.41102195300118,53.45135156499964,618.0761486547674,95.38212170598261,95.82909829542866,115.69025126550265,79.94242900965118,15.741161833794202,0.03677111733510888,6.479999999988662,2.995,2.97,
B_hip_ordinary_MATCHED_L3_R1_G1_C2,hip_ordinary,MATCHED,B,3,INFEASIBLE,False,False,42.05461312999978,43.01161669100111,,,,,,,0.04138907205126739,,,,NO_FEASIBLE_WAYPOINT:ValueError:MATCHED_PACING_INFEASIBLE:fixed-duration reference exceeds registered causal 20 ms acceleration limits
B_hip_ordinary_NATIVE_L3_R1_G0_C1,hip_ordinary,NATIVE,B,3,VALID,True,False,53.098122544000944,54.10518338700058,618.0761486547674,95.38212170598261,95.82909829542866,115.69025126550265,79.94242900965118,15.741161833794202,0.03677111733510888,6.479999999988662,2.995,2.97,
B_hip_ordinary_MATCHED_L3_R2_G0_C0,hip_ordinary,MATCHED,B,3,VALID,True,True,56.41347557200061,57.48411063200183,767.2419511596287,96.56915684828554,96.87277766600131,113.02242940631893,96.44898216702404,15.10976239433787,0.03859280901447505,7.944999999995657,3.73,3.7,
B_hip_ordinary_NATIVE_L3_R1_G0_C2,hip_ordinary,NATIVE,B,3,INFEASIBLE,False,False,29.842411466997874,30.679706236998754,,,,,,,0.04138907205126739,,,,NO_FEASIBLE_WAYPOINT:ValueError:COORDINATION_INFEASIBLE:candidate would regress the emitted reference away from the phase goal
B_hip_ordinary_NATIVE_L3_R1_G1_C0,hip_ordinary,NATIVE,B,3,VALID,True,False,50.776584078997985,51.90846060399781,618.0761486547674,95.38212170598261,95.82909829542866,115.69025126550265,79.94242900965118,15.741161833794202,0.03677111733510888,6.479999999988662,2.995,2.97,
B_hip_ordinary_MATCHED_L3_R2_G0_C1,hip_ordinary,MATCHED,B,3,VALID,True,True,55.47078592399703,56.51357735199781,761.440631233328,95.83897183553529,96.14274522926291,111.06823075659369,97.03617655133436,15.480378727697657,0.03857657084236896,7.944999999995657,3.73,3.7,
B_hip_ordinary_NATIVE_L3_R1_G1_C1,hip_ordinary,NATIVE,B,3,VALID,True,False,51.91931040599957,52.85990542399668,618.0761486547674,95.38212170598261,95.82909829542866,115.69025126550265,79.94242900965118,15.741161833794202,0.03677111733510888,6.479999999988662,2.995,2.97,
B_hip_ordinary_MATCHED_L3_R2_G0_C2,hip_ordinary,MATCHED,B,3,INFEASIBLE,False,False,40.11337814500075,41.06362119599726,,,,,,,0.022505143635104915,,,,NO_FEASIBLE_WAYPOINT:ValueError:MATCHED_PACING_INFEASIBLE:fixed-duration reference exceeds registered causal 20 ms acceleration limits
B_hip_ordinary_NATIVE_L3_R1_G1_C2,hip_ordinary,NATIVE,B,3,INFEASIBLE,False,False,40.68669094099823,41.70718026299801,,,,,,,0.04138907205126739,,,,NO_FEASIBLE_WAYPOINT:ValueError:COORDINATION_INFEASIBLE:baseline waypoint count exhausted
B_hip_ordinary_MATCHED_L3_R2_G1_C0,hip_ordinary,MATCHED,B,3,VALID,True,True,55.990845797001384,56.98613170899989,766.3875033221726,96.46161149429484,96.76251639662605,112.56622452267257,96.53903912801172,15.13854539931002,0.03859371072533675,7.944999999995657,3.73,3.7,
B_hip_ordinary_NATIVE_L3_R2_G0_C0,hip_ordinary,NATIVE,B,3,VALID,True,False,51.80236187599803,52.71842647700032,630.5820669475078,96.49304773489025,96.93566271977454,116.97844092029666,79.84765755238668,15.670985243442505,0.038440411823581155,6.534999999988925,3.02,3.0,
B_hip_ordinary_MATCHED_L3_R2_G1_C1,hip_ordinary,MATCHED,B,3,VALID,True,True,56.43856865199996,57.49969075699846,761.440631233328,95.83897183553529,96.14274522926291,111.06823075659369,97.03617655133436,15.480378727697657,0.03857657084236896,7.944999999995657,3.73,3.7,
B_hip_ordinary_NATIVE_L3_R2_G0_C1,hip_ordinary,NATIVE,B,3,VALID,True,False,52.06692616900182,53.063675987999886,618.0761486547674,95.38212170598261,95.82909829542866,115.69025126550265,79.94242900965118,15.741161833794202,0.03677111733510888,6.479999999988662,2.995,2.97,
B_hip_ordinary_MATCHED_L3_R2_G1_C2,hip_ordinary,MATCHED,B,3,INFEASIBLE,False,False,40.932492285999615,41.81072685899926,,,,,,,0.03599965234570987,,,,NO_FEASIBLE_WAYPOINT:ValueError:COORDINATION_INFEASIBLE:candidate would regress the emitted reference away from the phase goal
B_hip_ordinary_NATIVE_L3_R2_G0_C2,hip_ordinary,NATIVE,B,3,INFEASIBLE,False,False,40.94634552199932,41.91111194699988,,,,,,,0.04138907205126739,,,,NO_FEASIBLE_WAYPOINT:ValueError:COORDINATION_INFEASIBLE:baseline waypoint count exhausted
B_hip_ordinary_NATIVE_L3_R2_G1_C0,hip_ordinary,NATIVE,B,3,VALID,True,False,46.509080463998544,47.44433516799836,628.0077887724702,96.24640440957398,96.69028474834602,116.73470829204956,79.88792758445805,15.691516533312173,0.03792708995572269,6.524999999988877,3.015,2.995,
B_hip_ordinary_NATIVE_L3_R2_G1_C1,hip_ordinary,NATIVE,B,3,VALID,True,False,46.31688661299995,47.1794853600004,618.0761486547674,95.38212170598261,95.82909829542866,115.69025126550265,79.94242900965118,15.741161833794202,0.03677111733510888,6.479999999988662,2.995,2.97,
B_hip_ordinary_NATIVE_L3_R2_G1_C2,hip_ordinary,NATIVE,B,3,INFEASIBLE,False,False,37.357066675998794,38.312716516000364,,,,,,,0.04138907205126739,,,,NO_FEASIBLE_WAYPOINT:ValueError:COORDINATION_INFEASIBLE:baseline waypoint count exhausted
F_low_ordinary_early_MATCHED_confirm,low_ordinary_early,MATCHED,CONFIRM,,VALID,True,True,28.34886312100207,29.285139509000146,598.4145983930391,89.91954896965275,90.31913558272326,106.25067210663306,66.8707268790414,13.797984863142165,0.017634029813815757,6.655000000028862,3.065,3.08,
F_low_ordinary_early_MATCHED_fixed,low_ordinary_early,MATCHED,FIXED,,VALID,True,True,28.252016454000113,29.20392641399667,599.0827734380309,90.08763510346328,90.48169896515064,106.25380197225698,66.58853433516039,13.808114505659095,0.01755643305025571,6.650000000028838,3.0700000000000003,3.0700000000000003,
F_low_ordinary_early_NATIVE_confirm,low_ordinary_early,NATIVE,CONFIRM,,VALID,True,False,20.804186880999623,21.682443425997917,497.0203226174243,89.79590291191045,90.28124410611025,109.77265277036896,55.64509947550148,14.182235697646208,0.017759536284986912,5.535000000023514,2.5100000000000002,2.515,
F_low_ordinary_early_NATIVE_fixed,low_ordinary_early,NATIVE,FIXED,,VALID,True,True,21.155948728999647,22.02255054499983,501.52181763151714,90.20176576106422,90.65933969294193,108.75948175789674,55.579621836533136,14.41464542124955,0.017701395046810297,5.560000000023633,2.525,2.525,
F_balanced_high_MATCHED_confirm,balanced_high,MATCHED,CONFIRM,,VALID,True,True,89.65447489699727,90.77085109700056,1179.9764415985874,85.32006085311549,85.83237608701623,105.84370240162676,84.34642903099387,15.426523085300424,0.012020446790936692,13.830000000023757,6.67,6.65,
F_balanced_high_MATCHED_fixed,balanced_high,MATCHED,FIXED,,VALID,True,True,89.13542170200162,90.36924422299853,1207.1277930903273,87.28328221911259,87.88101807412089,108.97854368139807,79.22505065120805,15.353000464218518,0.012919583735192055,13.830000000023757,6.67,6.65,
F_balanced_high_NATIVE_confirm,balanced_high,NATIVE,CONFIRM,,VALID,True,False,68.22622020299968,69.54510025299896,938.5814279484096,86.94594052324311,87.8705882205362,114.66854622558024,63.558021253251724,16.58380559451237,0.011377044938488647,10.795000000009265,5.155,5.125,
F_balanced_high_NATIVE_fixed,balanced_high,NATIVE,FIXED,,VALID,True,True,65.69109215299977,66.93864478199976,942.0106554393506,87.2232088369769,88.13820250682033,114.47196792897195,62.503133235665544,16.71681071493684,0.010809984318849133,10.80000000000929,5.155,5.13,
F_variable_start_120_MATCHED_confirm,variable_start_120,MATCHED,CONFIRM,,VALID,True,True,96.03168695600107,97.32865878300072,1473.6210089236497,76.03823575457429,77.6071941678613,108.3633716496566,98.78045404535852,14.892733960717491,0.012165541348643085,19.38000000005026,9.52,9.35,
F_variable_start_120_MATCHED_fixed,variable_start_120,MATCHED,FIXED,,VALID,True,True,98.93152159099918,100.18917385099849,1521.9383935276433,78.5111371435462,80.37062000735658,112.70494964648667,95.17299859675911,14.598832838988034,0.012187974861477251,19.385000000050283,9.525,9.35,
F_variable_start_120_NATIVE_confirm,variable_start_120,NATIVE,CONFIRM,,VALID,True,False,87.39741248199789,88.54907031000039,1172.543336106276,76.51180007218767,77.91451199514404,106.93162130143163,88.38774035308569,14.901993172591347,0.00764099461797271,15.325000000030895,7.415,7.4,
F_variable_start_120_NATIVE_fixed,variable_start_120,NATIVE,FIXED,,VALID,True,True,90.88721057600196,91.99166877400057,1231.6519556980702,77.58437516208316,79.70995361449674,115.48403013232371,77.66685597114217,15.474901076421958,0.008246494181183252,15.875000000033522,7.44,7.415,
F_sync_120_MATCHED_confirm,sync_120,MATCHED,CONFIRM,,VALID,True,True,99.76696747700043,101.1118118020022,1465.6263645168624,74.94893196199757,76.60194968278871,109.90313785662826,101.24282261485754,15.017822093377257,0.009812666660051466,19.555000000051095,9.635,9.41,
F_sync_120_MATCHED_fixed,sync_120,MATCHED,FIXED,,VALID,True,True,98.76947840199864,100.04455069600226,1529.600078270632,78.24041321077402,80.09461596514583,112.62392516902325,97.00437546671004,14.80276787354759,0.009888711678509323,19.55000000005107,9.63,9.41,
F_sync_120_NATIVE_confirm,sync_120,NATIVE,CONFIRM,,VALID,True,False,89.24401585599844,90.49450468100258,1165.753400349324,76.7447926497251,78.89515032727734,116.31157626200043,82.26344099123763,15.835884915186746,0.006840854201423188,15.19000000003025,7.38,7.3,
F_sync_120_NATIVE_fixed,sync_120,NATIVE,FIXED,,VALID,True,True,91.53734714600068,92.80194337300054,1236.9808538786324,77.3354707020089,79.44632130583314,115.4824227986645,79.00140138846885,15.709068796272138,0.006334888262866459,15.995000000034095,7.525,7.45,
F_hip_ordinary_MATCHED_confirm,hip_ordinary,MATCHED,CONFIRM,,VALID,True,True,57.163806638000096,58.27568774400061,761.440631233328,95.83897183553529,96.14274522926291,111.06823075659369,97.03617655133436,15.480378727697657,0.03857657084236896,7.944999999995657,3.73,3.7,
F_hip_ordinary_MATCHED_fixed,hip_ordinary,MATCHED,FIXED,,VALID,True,True,56.67812568000227,57.789087297998776,766.8209505354864,96.51616746828022,96.81830072954364,112.78377136682032,96.49368788160234,15.122841425993785,0.038593345076834235,7.944999999995657,3.73,3.7,
F_hip_ordinary_NATIVE_confirm,hip_ordinary,NATIVE,CONFIRM,,VALID,True,False,55.9619589569993,56.928430338997714,618.0761486547674,95.38212170598261,95.82909829542866,115.69025126550265,79.94242900965118,15.741161833794202,0.03677111733510888,6.479999999988662,2.995,2.97,
F_hip_ordinary_NATIVE_fixed,hip_ordinary,NATIVE,FIXED,,VALID,True,True,54.61160397599815,55.63153794899699,631.1302004874829,96.65087296898665,97.08983156231372,116.6485550406612,79.6579266588381,15.825280996041577,0.038449349167762936,6.529999999988901,3.015,3.0,
